age,job,marital,education,default,housing,loan,contact,month,day_of_week,duration,campaign,pdays,previous,poutcome,emp.var.rate,cons.price.idx,cons.conf.idx,euribor3m,nr.employed
47,admin.,divorced,university.degree,no,no,no,cellular,nov,tue,356,9,999,0,nonexistent,3.4,95.418,-50.7,6.1610000000000005,4928.1
52,admin.,unknown,university.degree,no,no,no,cellular,nov,tue,300,5,999,0,success,-0.8999999999999999,94.463,-48.8,2.4619999999999997,4776.2
88,retired,divorced,professional.course,unknown,yes,no,cellular,nov,thu,356,6,999,0,success,0.30000000000000004,95.715,-48.3,2.01,4691.6
59,admin.,married,basic.4y,unknown,no,no,cellular,jun,tue,206,6,999,0,success,3.4,95.965,-49.8,6.1610000000000005,4928.1
43,admin.,single,high.school,no,no,no,cellular,mar,fri,379,6,999,0,nonexistent,0.19999999999999996,94.343,-58.0,2.731,4799.1
60,admin.,married,basic.9y,no,no,no,cellular,nov,fri,347,7,999,0,nonexistent,-0.8999999999999999,93.701,-39.4,2.069,4776.2
73,admin.,divorced,university.degree,no,no,no,cellular,nov,fri,460,5,999,0,success,1.9,94.7,-50.0,5.221,4895.8
61,admin.,married,high.school,no,no,no,cellular,nov,tue,313,7,999,0,success,3.4,95.965,-49.8,6.064,4928.1
68,admin.,single,basic.9y,no,yes,no,cellular,nov,wed,759,5,999,0,nonexistent,0.30000000000000004,95.715,-48.3,2.04,4691.6
45,admin.,single,university.degree,no,no,no,cellular,nov,mon,363,5,999,0,nonexistent,3.4,94.944,-44.1,6.165,4928.1
78,admin.,married,unknown,no,yes,no,cellular,nov,fri,401,6,999,2,success,-1.4,93.879,-37.8,2.003,4717.5
54,admin.,married,basic.9y,unknown,no,no,cellular,nov,tue,446,5,999,0,nonexistent,3.4,95.418,-50.7,6.1610000000000005,4928.1
74,admin.,married,basic.9y,no,yes,no,cellular,nov,thu,239,5,999,1,success,0.19999999999999996,94.575,-55.1,2.61,4799.1
72,admin.,divorced,university.degree,no,no,no,telephone,nov,wed,129,5,999,0,success,1.9,94.7,-50.0,5.863,4895.8
61,admin.,married,basic.9y,no,no,no,cellular,nov,fri,197,5,999,0,success,3.1,95.494,-44.4,6.064,4891.0
50,admin.,married,basic.9y,unknown,no,no,cellular,may,fri,638,7,999,0,success,3.1,95.494,-44.4,6.064,4891.0
58,self-employed,married,university.degree,no,yes,no,cellular,nov,mon,595,6,9,1,success,0.19999999999999996,94.869,-42.8,1.8519999999999999,4708.7
52,self-employed,married,high.school,no,no,no,cellular,nov,fri,1619,12,999,0,success,3.1,95.494,-44.4,6.064,4891.0
45,admin.,married,professional.course,no,yes,yes,telephone,nov,mon,268,5,999,0,success,3.4,95.965,-49.8,6.065,4928.1
83,admin.,married,high.school,no,no,no,cellular,nov,mon,2366,6,999,1,success,-1.4,94.149,-38.1,1.914,4717.5
53,admin.,single,high.school,no,yes,no,cellular,nov,tue,1195,7,999,0,success,3.1,95.494,-44.4,6.057,4891.0
100,admin.,married,unknown,no,no,yes,cellular,nov,tue,2035,5,3,1,success,0.30000000000000004,95.527,-46.3,2.104,4691.6
49,admin.,married,basic.9y,no,yes,no,telephone,nov,thu,838,9,999,0,nonexistent,3.1,95.494,-44.4,6.0600000000000005,4891.0
45,admin.,single,professional.course,no,no,yes,telephone,nov,thu,401,11,999,0,success,3.4,95.418,-50.7,6.163,4928.1
70,admin.,divorced,university.degree,no,yes,no,cellular,apr,mon,538,7,999,0,nonexistent,0.19999999999999996,94.575,-55.1,2.666,4799.1
49,admin.,married,basic.4y,no,yes,no,cellular,may,mon,304,5,999,0,success,3.1,95.494,-44.4,6.057,4891.0
48,admin.,divorced,professional.course,no,yes,no,cellular,nov,mon,318,6,999,0,success,3.1,95.494,-44.4,6.057,4891.0
59,admin.,married,basic.9y,no,no,no,cellular,may,tue,653,5,999,0,success,0.19999999999999996,94.393,-54.2,2.4909999999999997,4799.1
58,services,married,basic.4y,no,yes,no,cellular,nov,mon,286,5,999,0,success,1.9,94.7,-50.0,5.391,4895.8
49,admin.,married,university.degree,no,yes,no,cellular,nov,mon,667,5,999,0,success,0.19999999999999996,94.393,-54.2,2.464,4799.1
56,admin.,married,high.school,no,yes,no,cellular,nov,mon,755,5,999,0,success,1.9,94.7,-50.0,5.391,4895.8
63,admin.,married,basic.9y,unknown,no,no,telephone,nov,fri,266,14,999,0,success,3.4,95.965,-49.8,6.159,4928.1
56,admin.,married,basic.9y,no,yes,yes,cellular,nov,tue,653,5,999,0,success,3.1,95.494,-44.4,6.056,4891.0
43,admin.,single,basic.6y,unknown,yes,no,cellular,nov,tue,817,7,999,0,success,0.19999999999999996,94.393,-54.2,2.4909999999999997,4799.1
51,admin.,married,high.school,no,yes,no,cellular,may,thu,266,5,999,0,success,3.1,95.494,-44.4,6.055000000000001,4891.0
45,admin.,married,basic.9y,no,yes,no,cellular,nov,mon,341,18,999,0,success,3.1,95.494,-44.4,6.057,4891.0
58,admin.,married,university.degree,no,no,no,cellular,nov,thu,439,6,999,0,success,3.1,95.494,-44.4,6.055000000000001,4891.0
65,admin.,married,basic.4y,unknown,no,no,cellular,nov,wed,403,6,999,0,success,3.4,94.944,-44.1,6.164000000000001,4928.1
60,admin.,divorced,professional.course,unknown,yes,no,cellular,nov,fri,172,14,999,0,success,3.4,94.944,-44.1,6.163,4928.1
49,admin.,married,high.school,no,yes,yes,cellular,nov,thu,329,5,999,0,success,1.9,94.7,-50.0,5.276,4895.8
54,admin.,married,professional.course,no,unknown,unknown,cellular,jul,wed,242,7,999,0,success,3.4,95.418,-50.7,6.163,4928.1
48,admin.,married,basic.6y,no,no,no,telephone,nov,wed,646,5,999,0,success,3.4,95.418,-50.7,6.162,4928.1
49,blue-collar,married,basic.9y,no,no,no,cellular,nov,mon,403,33,999,0,success,3.4,95.965,-49.8,6.16,4928.1
50,admin.,married,university.degree,no,no,no,cellular,nov,tue,575,5,999,0,success,3.4,94.944,-44.1,6.166,4928.1
58,admin.,married,basic.4y,no,yes,no,telephone,nov,wed,170,8,999,0,nonexistent,3.4,95.965,-49.8,6.064,4928.1
56,admin.,married,professional.course,no,no,yes,telephone,nov,fri,160,6,999,0,success,3.1,95.494,-44.4,6.057,4891.0
67,admin.,divorced,basic.6y,no,yes,no,cellular,nov,wed,514,5,999,0,nonexistent,3.4,95.965,-49.8,6.159,4928.1
61,admin.,married,high.school,unknown,yes,yes,cellular,nov,mon,764,7,999,0,success,3.1,95.494,-44.4,6.058,4891.0
68,admin.,divorced,university.degree,no,no,no,cellular,nov,mon,565,5,999,0,success,1.9,94.7,-50.0,5.391,4895.8
66,self-employed,married,basic.9y,no,yes,no,cellular,may,thu,412,6,999,0,success,3.1,95.494,-44.4,6.0600000000000005,4891.0
52,admin.,married,basic.9y,no,no,no,cellular,nov,fri,709,5,999,0,success,3.1,95.494,-44.4,6.064,4891.0
54,admin.,single,unknown,no,no,no,cellular,nov,tue,860,5,999,0,success,3.1,95.494,-44.4,6.056,4891.0
54,admin.,divorced,university.degree,unknown,yes,no,cellular,nov,tue,489,6,999,0,success,3.1,95.494,-44.4,6.057,4891.0
57,blue-collar,married,basic.9y,no,yes,no,cellular,jun,fri,1049,9,999,0,success,3.4,95.965,-49.8,6.167,4928.1
47,admin.,married,high.school,no,no,no,cellular,nov,tue,955,7,999,0,success,1.9,94.7,-50.0,5.353,4895.8
41,admin.,single,basic.9y,unknown,yes,no,cellular,nov,tue,464,5,999,1,success,0.19999999999999996,94.393,-54.2,2.4909999999999997,4799.1
64,blue-collar,married,unknown,unknown,no,no,cellular,nov,wed,322,8,999,0,nonexistent,3.4,95.965,-49.8,6.064,4928.1
64,admin.,divorced,basic.9y,no,yes,no,cellular,nov,thu,682,7,999,0,nonexistent,3.1,95.494,-44.4,6.055000000000001,4891.0
61,admin.,divorced,basic.9y,no,yes,no,cellular,nov,thu,221,6,999,0,success,3.1,95.494,-44.4,6.0600000000000005,4891.0
50,admin.,married,professional.course,no,yes,yes,cellular,nov,fri,145,6,999,0,success,3.1,95.494,-44.4,6.057,4891.0
61,self-employed,married,university.degree,no,no,yes,cellular,nov,tue,2316,16,999,0,success,3.4,95.418,-50.7,6.1610000000000005,4928.1
44,admin.,single,university.degree,no,no,no,cellular,nov,fri,718,5,999,0,nonexistent,3.1,95.494,-44.4,6.057,4891.0
73,admin.,married,basic.4y,no,no,no,cellular,nov,tue,705,7,999,0,success,3.1,95.494,-44.4,6.056,4891.0
62,management,married,basic.4y,unknown,yes,no,cellular,nov,wed,331,5,999,0,success,1.9,94.7,-50.0,5.32,4895.8
44,admin.,married,high.school,no,yes,yes,cellular,nov,tue,804,5,999,0,nonexistent,0.19999999999999996,94.393,-54.2,2.4909999999999997,4799.1
39,admin.,single,university.degree,no,no,yes,cellular,nov,wed,316,7,999,0,success,3.4,95.418,-50.7,6.163,4928.1
41,admin.,married,unknown,no,no,no,cellular,nov,thu,766,5,999,1,success,0.19999999999999996,94.869,-42.8,1.843,4708.7
43,admin.,married,university.degree,no,yes,no,cellular,nov,wed,698,5,999,0,nonexistent,3.4,95.418,-50.7,6.162,4928.1
41,admin.,married,professional.course,no,no,no,cellular,nov,thu,588,5,999,0,nonexistent,3.1,95.494,-44.4,6.0600000000000005,4891.0
49,admin.,married,professional.course,no,yes,no,cellular,nov,wed,617,7,999,0,success,3.4,94.944,-44.1,6.167,4928.1
54,admin.,married,university.degree,unknown,yes,no,cellular,nov,fri,493,8,999,0,success,3.4,94.944,-44.1,6.163,4928.1
52,admin.,single,university.degree,no,no,no,cellular,aug,thu,309,5,999,0,success,3.4,94.944,-44.1,6.162,4928.1
48,admin.,married,basic.4y,no,no,no,telephone,may,thu,844,5,999,0,success,3.1,95.494,-44.4,6.0600000000000005,4891.0
47,admin.,single,basic.9y,no,yes,no,cellular,nov,thu,255,6,999,0,success,1.9,94.7,-50.0,5.276,4895.8
53,admin.,married,basic.9y,no,no,no,cellular,nov,wed,719,5,999,0,success,3.4,95.965,-49.8,6.158,4928.1
61,admin.,married,university.degree,unknown,no,no,cellular,nov,tue,341,6,999,0,success,3.4,94.944,-44.1,6.168,4928.1
54,admin.,married,basic.6y,unknown,no,no,cellular,nov,tue,358,5,999,0,success,0.19999999999999996,94.393,-54.2,2.544,4799.1
42,admin.,single,university.degree,no,no,no,cellular,nov,fri,275,5,3,1,success,0.19999999999999996,94.393,-54.2,2.4589999999999996,4799.1
45,admin.,married,university.degree,no,yes,yes,cellular,apr,thu,1450,6,999,0,nonexistent,0.19999999999999996,94.575,-55.1,2.683,4799.1
47,blue-collar,single,basic.4y,no,yes,yes,cellular,jun,mon,401,5,999,0,success,3.4,95.965,-49.8,6.065,4928.1
51,blue-collar,single,basic.6y,no,yes,no,cellular,nov,tue,714,5,999,0,success,0.8999999999999999,96.267,-58.8,2.246,4663.6
65,admin.,married,high.school,no,yes,no,cellular,nov,mon,1132,6,999,0,success,0.19999999999999996,94.575,-55.1,2.605,4799.1
42,admin.,single,university.degree,no,yes,no,cellular,nov,thu,570,7,999,5,success,0.30000000000000004,95.527,-46.3,2.104,4691.6
59,admin.,divorced,basic.9y,no,yes,no,cellular,nov,wed,419,5,999,0,success,3.1,95.494,-44.4,6.057,4891.0
79,admin.,married,university.degree,no,no,no,cellular,nov,mon,359,5,999,0,success,-0.8999999999999999,93.701,-39.4,2.084,4776.2
73,admin.,married,unknown,unknown,yes,no,cellular,aug,fri,635,5,999,0,success,3.4,94.944,-44.1,6.164000000000001,4928.1
86,admin.,married,university.degree,no,yes,yes,cellular,apr,mon,280,16,999,0,success,0.19999999999999996,94.575,-55.1,2.5919999999999996,4799.1
44,admin.,single,high.school,no,yes,no,cellular,nov,thu,509,5,6,2,success,0.8999999999999999,95.699,-45.5,2.0789999999999997,4663.6
53,admin.,married,high.school,no,yes,no,cellular,nov,tue,1987,12,999,0,nonexistent,3.4,95.418,-50.7,6.1610000000000005,4928.1
46,admin.,married,basic.9y,no,yes,no,cellular,nov,mon,494,5,999,0,success,3.4,95.965,-49.8,6.16,4928.1
52,admin.,divorced,basic.9y,no,yes,no,cellular,apr,mon,565,5,999,1,success,0.19999999999999996,94.575,-55.1,2.666,4799.1
54,blue-collar,divorced,basic.9y,unknown,no,no,cellular,nov,wed,291,5,999,1,success,0.19999999999999996,94.393,-54.2,2.534,4799.1
49,admin.,married,professional.course,no,no,no,cellular,nov,tue,620,6,999,0,nonexistent,0.19999999999999996,94.393,-54.2,2.4909999999999997,4799.1
45,admin.,single,university.degree,unknown,yes,no,cellular,nov,thu,233,7,999,0,success,0.19999999999999996,94.393,-54.2,2.527,4799.1
54,admin.,married,professional.course,no,yes,no,cellular,nov,wed,626,8,999,0,success,3.4,95.965,-49.8,6.159,4928.1
40,admin.,single,high.school,no,yes,no,cellular,nov,tue,505,5,999,0,success,3.4,95.418,-50.7,6.1610000000000005,4928.1
55,admin.,divorced,university.degree,no,yes,no,cellular,nov,thu,469,6,999,0,success,0.19999999999999996,94.575,-55.1,2.61,4799.1
45,admin.,single,university.degree,no,yes,no,cellular,nov,tue,464,5,999,0,success,-1.4,93.879,-37.8,1.988,4717.5
49,admin.,divorced,university.degree,no,no,no,cellular,nov,thu,1007,6,999,1,failure,1.9,94.7,-50.0,5.276,4895.8
59,admin.,married,high.school,unknown,yes,no,cellular,nov,mon,304,10,999,0,success,3.4,95.418,-50.7,6.162,4928.1
53,admin.,married,basic.6y,no,no,no,cellular,nov,tue,608,5,2,3,success,0.30000000000000004,95.555,-47.8,1.9609999999999999,4691.6
44,admin.,single,high.school,no,no,no,cellular,nov,wed,188,5,999,0,success,3.4,95.418,-50.7,6.163,4928.1
48,admin.,married,high.school,no,no,no,cellular,nov,tue,836,6,999,0,success,3.4,94.944,-44.1,6.166,4928.1
44,admin.,single,university.degree,no,yes,no,telephone,nov,wed,305,5,999,0,success,1.9,94.7,-50.0,5.32,4895.8
44,admin.,single,basic.6y,no,no,no,cellular,nov,fri,588,7,999,0,success,-0.8999999999999999,93.701,-39.4,2.069,4776.2
69,management,divorced,university.degree,no,no,no,cellular,nov,mon,1220,6,999,0,nonexistent,3.1,95.494,-44.4,6.057,4891.0
66,admin.,married,high.school,no,yes,no,cellular,nov,mon,280,5,999,0,success,1.9,94.7,-50.0,5.391,4895.8
39,admin.,divorced,high.school,no,yes,no,cellular,nov,wed,223,6,999,0,nonexistent,3.4,95.418,-50.7,6.157,4928.1
63,admin.,divorced,professional.course,no,no,no,cellular,nov,mon,1135,5,999,0,nonexistent,1.9,94.7,-50.0,5.391,4895.8
71,admin.,married,basic.4y,no,yes,no,telephone,nov,mon,304,6,999,0,success,3.1,95.494,-44.4,6.057,4891.0
45,blue-collar,married,basic.4y,unknown,no,no,cellular,nov,fri,376,7,999,1,success,0.19999999999999996,94.393,-54.2,2.513,4799.1
75,admin.,married,basic.9y,unknown,no,no,cellular,nov,wed,390,5,999,0,nonexistent,3.1,95.494,-44.4,6.059,4891.0
46,admin.,single,university.degree,no,yes,no,cellular,apr,thu,809,5,999,0,success,0.19999999999999996,94.575,-55.1,2.565,4799.1
73,admin.,married,basic.6y,unknown,no,no,cellular,may,mon,602,7,999,0,success,3.1,95.494,-44.4,6.057,4891.0
55,admin.,married,unknown,unknown,no,no,cellular,jul,mon,1965,5,999,0,nonexistent,3.4,95.418,-50.7,6.162,4928.1
66,entrepreneur,married,basic.4y,unknown,no,no,telephone,nov,fri,619,7,999,0,success,3.1,95.494,-44.4,6.055000000000001,4891.0
61,admin.,married,university.degree,no,no,yes,cellular,nov,wed,305,10,999,0,success,3.1,95.494,-44.4,6.059,4891.0
46,admin.,single,high.school,no,no,no,cellular,nov,wed,381,5,999,0,success,1.9,94.7,-50.0,5.32,4895.8
68,blue-collar,married,high.school,no,no,yes,cellular,nov,mon,365,6,999,0,success,3.4,95.418,-50.7,6.162,4928.1
52,admin.,married,high.school,no,yes,no,cellular,nov,thu,527,5,2,1,success,0.19999999999999996,94.575,-55.1,2.565,4799.1
56,admin.,married,basic.6y,no,no,no,cellular,may,thu,253,6,999,0,success,3.1,95.494,-44.4,6.0600000000000005,4891.0
48,admin.,married,basic.9y,unknown,yes,no,cellular,nov,fri,1434,9,999,0,success,0.19999999999999996,94.393,-54.2,2.45,4799.1
50,admin.,single,professional.course,no,yes,no,cellular,nov,tue,241,5,999,0,nonexistent,3.4,94.944,-44.1,6.165,4928.1
41,blue-collar,married,basic.4y,unknown,yes,no,cellular,jul,thu,1074,7,999,0,success,3.4,95.418,-50.7,6.168,4928.1
57,admin.,single,university.degree,no,no,no,cellular,nov,thu,430,8,999,0,success,3.1,95.494,-44.4,6.055000000000001,4891.0
57,admin.,married,professional.course,no,no,no,cellular,nov,tue,3041,5,999,0,success,3.1,95.494,-44.4,6.057,4891.0
46,admin.,married,basic.4y,unknown,no,no,cellular,nov,wed,298,6,999,0,success,3.4,95.418,-50.7,6.163,4928.1
71,admin.,married,professional.course,no,unknown,unknown,cellular,oct,thu,446,5,6,1,success,-1.4,93.931,-34.9,1.9329999999999998,4717.5
37,admin.,single,high.school,no,yes,no,cellular,nov,thu,205,7,999,0,success,0.19999999999999996,94.393,-54.2,2.466,4799.1
42,admin.,divorced,high.school,no,yes,no,cellular,nov,tue,491,6,999,0,success,3.1,95.494,-44.4,6.057,4891.0
39,admin.,single,university.degree,no,yes,no,cellular,nov,mon,417,6,999,0,nonexistent,3.1,95.494,-44.4,6.057,4891.0
57,admin.,married,basic.4y,unknown,yes,no,cellular,nov,fri,347,7,999,0,success,3.4,95.418,-50.7,6.162,4928.1
71,admin.,married,basic.4y,unknown,yes,yes,cellular,nov,fri,334,5,999,1,success,1.9,94.7,-50.0,5.221,4895.8
47,admin.,single,university.degree,no,yes,yes,cellular,nov,wed,250,6,999,0,nonexistent,3.4,94.944,-44.1,6.164000000000001,4928.1
43,admin.,single,high.school,no,no,yes,cellular,nov,fri,233,16,999,0,success,3.4,95.418,-50.7,6.162,4928.1
56,admin.,single,high.school,no,no,yes,cellular,nov,mon,320,5,999,0,success,3.1,95.494,-44.4,6.057,4891.0
45,services,married,high.school,no,yes,no,cellular,nov,fri,1582,5,999,0,success,3.4,95.418,-50.7,6.163,4928.1
62,admin.,divorced,basic.9y,unknown,no,no,cellular,nov,wed,406,6,999,0,success,3.1,95.494,-44.4,6.058,4891.0
45,admin.,single,high.school,no,yes,no,cellular,nov,thu,955,6,999,0,success,0.19999999999999996,94.393,-54.2,2.466,4799.1
70,admin.,married,basic.6y,unknown,no,no,cellular,jul,tue,538,8,999,0,nonexistent,3.4,95.418,-50.7,6.1610000000000005,4928.1
90,retired,married,basic.4y,no,yes,yes,cellular,nov,fri,241,6,999,0,success,-0.8999999999999999,93.969,-41.6,2.259,4776.2
55,technician,married,high.school,no,yes,no,cellular,nov,wed,332,5,999,0,nonexistent,1.9,94.7,-50.0,5.32,4895.8
55,admin.,married,university.degree,no,no,no,cellular,nov,wed,215,7,999,0,success,3.4,94.944,-44.1,6.164000000000001,4928.1
65,admin.,married,basic.4y,no,yes,no,cellular,nov,tue,491,5,999,0,success,3.1,95.494,-44.4,6.056,4891.0
54,admin.,married,basic.6y,unknown,no,yes,cellular,nov,thu,340,5,999,0,success,3.4,95.418,-50.7,6.163,4928.1
52,admin.,unknown,basic.6y,unknown,no,yes,cellular,nov,fri,181,6,999,0,success,3.1,95.494,-44.4,6.064,4891.0
48,admin.,divorced,high.school,no,no,no,cellular,nov,tue,462,5,999,0,success,3.1,95.494,-44.4,6.056,4891.0
53,admin.,married,basic.9y,no,unknown,unknown,cellular,nov,fri,206,5,999,0,success,3.4,95.965,-49.8,6.159,4928.1
56,entrepreneur,married,basic.6y,no,no,no,cellular,jul,tue,615,6,999,0,success,3.4,95.418,-50.7,6.1610000000000005,4928.1
54,admin.,divorced,professional.course,no,yes,no,cellular,nov,fri,350,6,999,1,success,0.19999999999999996,94.393,-54.2,2.45,4799.1
63,admin.,married,professional.course,no,no,no,cellular,nov,thu,1004,5,6,3,success,0.8999999999999999,96.101,-57.5,2.187,4663.6
49,admin.,married,professional.course,no,unknown,unknown,telephone,nov,fri,574,8,999,0,success,3.1,95.494,-44.4,6.055000000000001,4891.0
48,admin.,married,university.degree,no,no,no,cellular,nov,thu,419,7,999,0,success,3.1,95.494,-44.4,6.055000000000001,4891.0
56,admin.,single,basic.6y,no,unknown,unknown,cellular,nov,wed,286,5,999,0,success,3.1,95.494,-44.4,6.056,4891.0
45,admin.,single,university.degree,no,yes,no,cellular,nov,tue,579,6,3,1,success,0.30000000000000004,95.715,-48.3,1.9969999999999999,4691.6
46,admin.,married,basic.9y,no,yes,no,cellular,nov,fri,455,9,999,0,success,3.1,95.494,-44.4,6.059,4891.0
54,admin.,married,professional.course,no,yes,no,cellular,nov,fri,466,6,999,0,success,3.4,94.944,-44.1,6.164000000000001,4928.1
51,admin.,married,basic.9y,no,yes,no,cellular,nov,wed,536,6,999,0,success,3.1,95.494,-44.4,6.056,4891.0
59,admin.,married,professional.course,no,yes,no,cellular,nov,tue,223,6,999,0,success,3.4,95.965,-49.8,6.1610000000000005,4928.1
66,admin.,married,basic.4y,no,no,no,cellular,nov,fri,203,5,999,0,success,3.4,95.418,-50.7,6.162,4928.1
53,blue-collar,married,professional.course,no,no,no,cellular,jun,mon,448,7,999,0,nonexistent,3.4,95.965,-49.8,6.16,4928.1
64,unemployed,married,professional.course,no,yes,no,cellular,nov,tue,656,7,999,0,nonexistent,-0.8999999999999999,94.463,-48.8,2.452,4776.2
58,admin.,married,high.school,no,yes,no,cellular,nov,thu,1076,5,999,0,success,-1.4,93.879,-37.8,2.009,4717.5
73,admin.,married,high.school,no,yes,no,cellular,nov,tue,431,5,999,2,success,0.8999999999999999,96.267,-58.8,2.246,4663.6
61,admin.,married,university.degree,unknown,no,no,cellular,nov,mon,534,7,999,0,success,3.4,95.965,-49.8,6.065,4928.1
58,admin.,single,high.school,no,no,no,cellular,nov,fri,230,6,999,0,success,1.9,94.7,-50.0,5.221,4895.8
69,admin.,divorced,professional.course,unknown,yes,no,cellular,aug,fri,737,8,999,0,success,3.4,94.944,-44.1,6.164000000000001,4928.1
46,unemployed,single,professional.course,no,no,no,cellular,nov,thu,570,5,999,1,success,1.9,94.7,-50.0,5.276,4895.8
56,admin.,single,high.school,no,yes,no,cellular,nov,tue,505,5,999,0,success,3.1,95.494,-44.4,6.056,4891.0
58,technician,married,high.school,no,no,no,cellular,nov,wed,718,7,999,0,success,3.4,95.418,-50.7,6.157,4928.1
76,retired,married,university.degree,no,no,no,cellular,nov,mon,1033,5,999,0,success,0.8999999999999999,96.267,-58.8,2.25,4663.6
63,admin.,divorced,professional.course,no,no,no,cellular,nov,wed,349,6,999,0,success,3.4,95.418,-50.7,6.163,4928.1
58,admin.,married,unknown,unknown,no,yes,cellular,nov,thu,183,5,999,0,nonexistent,0.19999999999999996,94.575,-55.1,2.61,4799.1
74,retired,married,basic.6y,no,no,no,cellular,nov,mon,539,6,999,0,nonexistent,0.19999999999999996,94.393,-54.2,2.5540000000000003,4799.1
65,admin.,married,university.degree,no,yes,no,cellular,nov,wed,626,6,999,0,success,3.1,95.494,-44.4,6.056,4891.0
54,admin.,single,basic.4y,no,unknown,unknown,cellular,nov,wed,2062,7,999,0,success,0.19999999999999996,94.393,-54.2,2.534,4799.1
49,admin.,single,high.school,no,no,no,cellular,nov,tue,536,5,999,0,nonexistent,0.19999999999999996,94.575,-55.1,2.653,4799.1
53,admin.,married,basic.6y,no,no,no,cellular,jul,thu,424,9,999,0,success,3.4,95.418,-50.7,6.168,4928.1
37,admin.,married,basic.9y,unknown,no,no,telephone,jun,wed,1130,5,999,0,success,3.4,95.965,-49.8,6.159,4928.1
42,admin.,married,high.school,no,yes,no,cellular,may,wed,694,6,999,0,success,0.19999999999999996,94.393,-54.2,2.534,4799.1
59,admin.,married,university.degree,no,yes,no,cellular,nov,tue,248,7,999,0,success,-0.8999999999999999,94.463,-48.8,2.4619999999999997,4776.2
44,admin.,married,professional.course,no,no,no,telephone,nov,wed,167,5,999,0,success,3.4,95.965,-49.8,6.162,4928.1
57,admin.,married,basic.6y,unknown,no,no,cellular,nov,tue,775,6,999,0,success,1.9,94.7,-50.0,5.353,4895.8
67,blue-collar,married,basic.9y,no,yes,no,cellular,may,tue,694,5,999,0,success,3.1,95.494,-44.4,6.057,4891.0
61,admin.,married,university.degree,no,yes,no,cellular,nov,fri,734,7,999,0,success,0.30000000000000004,95.715,-48.3,2.022,4691.6
58,admin.,married,basic.4y,no,yes,no,cellular,jun,wed,316,5,999,0,nonexistent,3.4,95.965,-49.8,6.159,4928.1
51,admin.,single,high.school,no,no,no,cellular,nov,thu,417,5,999,0,success,3.4,95.418,-50.7,6.163,4928.1
65,admin.,married,university.degree,no,yes,no,cellular,nov,fri,671,6,999,0,success,3.4,95.965,-49.8,6.167,4928.1
69,admin.,married,university.degree,no,no,no,cellular,nov,tue,898,6,999,0,success,1.9,94.7,-50.0,5.353,4895.8
69,services,single,high.school,unknown,no,no,cellular,nov,thu,379,5,999,0,success,3.1,95.494,-44.4,6.0600000000000005,4891.0
52,admin.,single,professional.course,no,no,no,cellular,aug,thu,336,5,999,0,success,3.4,94.944,-44.1,6.163,4928.1
72,blue-collar,divorced,basic.4y,no,no,no,cellular,nov,mon,1409,8,999,0,success,3.4,95.965,-49.8,6.065,4928.1
50,admin.,married,unknown,no,yes,no,cellular,nov,thu,2392,7,999,0,success,0.19999999999999996,94.393,-54.2,2.527,4799.1
44,admin.,single,university.degree,no,no,no,cellular,nov,tue,305,8,999,0,success,3.4,94.944,-44.1,6.163,4928.1
60,admin.,divorced,university.degree,no,yes,no,cellular,jul,thu,3131,6,999,0,nonexistent,3.4,95.418,-50.7,6.158,4928.1
65,admin.,divorced,basic.4y,no,yes,no,cellular,nov,mon,134,15,999,0,nonexistent,0.19999999999999996,94.393,-54.2,2.444,4799.1
51,admin.,married,high.school,no,no,no,cellular,nov,mon,525,6,999,0,success,3.1,95.494,-44.4,6.057,4891.0
69,admin.,divorced,basic.4y,no,yes,no,cellular,nov,tue,368,7,999,0,success,0.19999999999999996,94.393,-54.2,2.4909999999999997,4799.1
60,admin.,divorced,professional.course,no,yes,yes,cellular,nov,thu,1389,5,999,0,success,1.9,94.7,-50.0,5.276,4895.8
59,admin.,married,university.degree,unknown,yes,yes,cellular,nov,thu,413,5,999,0,nonexistent,3.4,94.944,-44.1,6.168,4928.1
51,admin.,married,high.school,no,unknown,unknown,cellular,apr,tue,307,7,999,0,nonexistent,0.19999999999999996,94.575,-55.1,2.623,4799.1
70,admin.,married,professional.course,unknown,yes,no,cellular,nov,fri,557,6,999,0,success,3.4,95.418,-50.7,6.163,4928.1
42,admin.,married,university.degree,no,no,yes,cellular,nov,fri,1882,6,999,0,nonexistent,3.4,95.418,-50.7,6.162,4928.1
44,admin.,married,high.school,no,yes,no,cellular,nov,mon,399,5,999,0,success,1.9,94.7,-50.0,5.391,4895.8
41,admin.,single,basic.9y,no,no,yes,cellular,nov,thu,1103,12,999,0,success,3.1,95.494,-44.4,6.0600000000000005,4891.0
68,admin.,married,basic.4y,unknown,no,no,cellular,nov,fri,287,8,999,0,success,3.4,95.418,-50.7,6.157,4928.1
74,admin.,married,basic.9y,unknown,yes,no,cellular,aug,thu,394,6,999,0,success,3.4,94.944,-44.1,6.164000000000001,4928.1
54,admin.,married,professional.course,no,yes,yes,cellular,nov,thu,323,6,999,0,success,0.19999999999999996,94.393,-54.2,2.527,4799.1
44,admin.,single,high.school,no,yes,no,cellular,nov,wed,491,5,999,0,success,3.4,95.418,-50.7,6.162,4928.1
75,admin.,married,basic.4y,unknown,yes,no,cellular,nov,fri,1123,6,999,0,success,3.1,95.494,-44.4,6.057,4891.0
45,management,single,university.degree,no,yes,no,cellular,nov,wed,269,5,999,0,nonexistent,3.1,95.494,-44.4,6.058,4891.0
73,admin.,married,basic.9y,no,no,no,cellular,nov,wed,316,7,999,0,success,3.4,95.418,-50.7,6.163,4928.1
71,admin.,married,university.degree,unknown,no,no,cellular,jul,mon,151,23,999,0,success,3.4,95.418,-50.7,6.16,4928.1
69,admin.,married,university.degree,no,yes,no,telephone,nov,wed,190,6,999,0,success,3.4,95.965,-49.8,6.064,4928.1
50,admin.,single,basic.9y,no,yes,no,cellular,nov,wed,446,5,999,0,success,0.19999999999999996,94.393,-54.2,2.534,4799.1
75,admin.,married,university.degree,unknown,yes,no,cellular,jul,thu,502,5,999,0,success,3.4,95.418,-50.7,6.163,4928.1
45,admin.,single,university.degree,no,no,no,cellular,nov,tue,323,5,6,1,success,0.19999999999999996,95.376,-48.0,1.8679999999999999,4708.7
50,admin.,single,basic.4y,no,no,no,cellular,nov,tue,712,5,999,0,success,3.1,95.494,-44.4,6.057,4891.0
53,admin.,single,basic.9y,no,yes,no,cellular,nov,mon,2066,5,999,1,failure,1.9,94.7,-50.0,5.391,4895.8
48,technician,single,basic.9y,no,no,no,cellular,nov,tue,230,7,999,0,success,1.9,94.7,-50.0,5.353,4895.8
38,technician,single,university.degree,no,yes,no,cellular,nov,fri,793,5,999,0,success,-1.4,93.931,-34.9,1.93,4717.5
50,admin.,single,university.degree,no,yes,no,cellular,nov,tue,593,6,999,0,success,1.9,94.7,-50.0,5.353,4895.8
46,admin.,married,university.degree,no,yes,yes,cellular,nov,mon,228,5,999,1,success,1.9,94.7,-50.0,5.391,4895.8
46,admin.,single,university.degree,no,yes,yes,cellular,nov,thu,710,5,999,0,nonexistent,3.4,95.418,-50.7,6.163,4928.1
49,admin.,married,university.degree,no,yes,no,cellular,nov,fri,347,8,999,0,success,3.4,95.418,-50.7,6.159,4928.1
45,admin.,single,university.degree,no,no,no,cellular,jul,thu,583,6,999,0,success,3.4,95.418,-50.7,6.158,4928.1
64,services,married,high.school,no,yes,no,cellular,nov,tue,404,6,999,0,success,3.4,94.944,-44.1,6.168,4928.1
42,admin.,single,university.degree,no,no,no,cellular,nov,mon,554,6,999,0,success,-0.8999999999999999,93.701,-39.4,2.061,4776.2
52,admin.,married,basic.4y,no,no,no,cellular,nov,thu,741,5,999,0,success,0.19999999999999996,94.393,-54.2,2.466,4799.1
63,admin.,married,unknown,no,no,no,cellular,nov,mon,212,5,999,0,success,1.9,94.7,-50.0,5.391,4895.8
67,admin.,married,university.degree,no,yes,no,cellular,nov,tue,964,5,999,0,success,3.4,94.944,-44.1,6.163,4928.1
64,admin.,married,university.degree,no,no,no,cellular,nov,thu,458,5,999,1,success,0.19999999999999996,95.376,-48.0,1.899,4708.7
61,admin.,divorced,basic.9y,no,yes,no,telephone,nov,fri,359,5,999,0,success,3.1,95.494,-44.4,6.055000000000001,4891.0
53,admin.,married,high.school,no,no,no,cellular,jun,mon,764,7,999,0,success,3.4,95.965,-49.8,6.065,4928.1
63,admin.,divorced,high.school,no,yes,yes,telephone,nov,thu,1940,6,999,0,success,3.4,95.965,-49.8,6.066,4928.1
46,admin.,single,professional.course,no,yes,no,cellular,nov,tue,259,7,999,0,success,3.4,95.418,-50.7,6.1610000000000005,4928.1
48,admin.,married,basic.9y,unknown,no,yes,cellular,nov,tue,698,5,999,0,success,3.4,95.965,-49.8,6.1610000000000005,4928.1
57,admin.,divorced,university.degree,no,yes,no,cellular,nov,mon,284,9,999,0,success,3.4,94.944,-44.1,6.165,4928.1
49,admin.,married,basic.9y,no,yes,no,cellular,nov,tue,759,6,999,0,success,3.1,95.494,-44.4,6.057,4891.0
46,admin.,single,basic.9y,no,no,yes,cellular,nov,wed,273,6,999,0,success,3.4,95.418,-50.7,6.163,4928.1
63,admin.,divorced,professional.course,no,yes,yes,cellular,nov,wed,538,5,999,0,success,3.4,95.418,-50.7,6.163,4928.1
49,admin.,married,basic.9y,no,no,no,cellular,jun,fri,325,14,999,0,success,3.4,95.965,-49.8,6.159,4928.1
52,admin.,single,university.degree,no,no,no,cellular,nov,mon,410,5,999,1,success,0.19999999999999996,95.249,-42.6,1.842,4708.7
77,admin.,married,university.degree,no,no,no,cellular,nov,tue,426,5,999,1,success,-1.4,93.879,-37.8,1.97,4717.5
73,admin.,married,basic.6y,no,yes,no,cellular,may,tue,498,7,999,0,success,3.1,95.494,-44.4,6.056,4891.0
73,admin.,married,basic.4y,unknown,yes,no,cellular,nov,wed,489,5,999,1,success,0.19999999999999996,94.393,-54.2,2.481,4799.1
73,admin.,married,university.degree,no,yes,yes,cellular,nov,tue,1196,8,999,0,success,3.4,94.944,-44.1,6.163,4928.1
53,admin.,married,basic.6y,no,yes,no,cellular,nov,thu,278,6,999,0,success,1.9,94.7,-50.0,5.276,4895.8
63,admin.,married,professional.course,no,no,no,cellular,may,mon,514,6,999,0,nonexistent,3.1,95.494,-44.4,6.058,4891.0
66,admin.,married,university.degree,no,yes,no,cellular,nov,wed,287,5,999,0,success,1.9,94.7,-50.0,5.32,4895.8
46,admin.,married,basic.6y,unknown,unknown,unknown,cellular,nov,fri,1337,5,999,0,nonexistent,3.1,95.494,-44.4,6.059,4891.0
42,admin.,married,professional.course,no,yes,no,cellular,nov,thu,304,5,999,1,success,0.19999999999999996,94.393,-54.2,2.466,4799.1
50,admin.,married,high.school,unknown,yes,yes,cellular,nov,wed,523,5,999,0,nonexistent,0.19999999999999996,94.393,-54.2,2.534,4799.1
45,admin.,married,university.degree,no,no,no,cellular,apr,tue,410,5,999,0,nonexistent,0.19999999999999996,94.575,-55.1,2.623,4799.1
54,entrepreneur,married,professional.course,no,yes,no,cellular,nov,thu,471,7,999,1,success,1.9,94.7,-50.0,5.276,4895.8
49,admin.,married,university.degree,no,no,yes,cellular,may,mon,417,6,999,0,success,3.1,95.494,-44.4,6.057,4891.0
44,admin.,single,university.degree,no,yes,yes,cellular,nov,wed,395,7,999,0,success,3.4,94.944,-44.1,6.164000000000001,4928.1
70,admin.,married,university.degree,no,yes,no,cellular,nov,tue,325,7,999,0,success,-0.8999999999999999,94.463,-48.8,2.452,4776.2
47,services,single,high.school,no,no,no,cellular,nov,mon,521,6,999,0,success,3.4,95.965,-49.8,6.16,4928.1
65,admin.,divorced,basic.9y,no,no,no,cellular,may,fri,381,8,999,0,nonexistent,3.1,95.494,-44.4,6.057,4891.0
62,admin.,single,basic.9y,no,no,no,cellular,nov,mon,235,6,999,0,success,3.4,95.418,-50.7,6.16,4928.1
51,technician,married,professional.course,no,no,no,cellular,nov,mon,1313,7,999,0,nonexistent,3.4,94.944,-44.1,6.165,4928.1
40,admin.,single,university.degree,no,yes,no,cellular,nov,thu,876,5,1,1,success,-1.4,93.879,-37.8,2.009,4717.5
45,admin.,single,university.degree,no,yes,no,cellular,nov,thu,559,6,999,0,nonexistent,3.1,95.494,-44.4,6.0600000000000005,4891.0
47,admin.,single,university.degree,no,yes,no,cellular,nov,tue,381,6,999,1,success,1.9,94.7,-50.0,5.353,4895.8
43,admin.,married,professional.course,no,no,no,cellular,nov,thu,201,5,999,0,success,3.4,95.418,-50.7,6.168,4928.1
47,admin.,married,university.degree,no,no,no,cellular,nov,tue,313,5,999,0,nonexistent,-1.4,94.149,-38.1,1.916,4717.5
42,admin.,married,high.school,unknown,no,no,cellular,nov,fri,365,6,999,0,success,3.1,95.494,-44.4,6.057,4891.0
50,admin.,divorced,professional.course,unknown,no,no,cellular,nov,tue,377,5,999,0,success,1.9,94.7,-50.0,5.353,4895.8
66,admin.,married,unknown,unknown,no,yes,cellular,nov,mon,257,7,999,0,success,3.1,95.494,-44.4,6.057,4891.0
45,admin.,married,university.degree,no,unknown,unknown,cellular,aug,thu,219,9,999,0,success,3.4,94.944,-44.1,6.163,4928.1
70,admin.,married,high.school,no,no,no,cellular,may,wed,664,5,999,0,nonexistent,3.1,95.494,-44.4,6.057,4891.0
43,admin.,married,high.school,no,yes,no,cellular,nov,tue,464,5,999,0,success,3.4,95.418,-50.7,6.162,4928.1
62,admin.,divorced,high.school,no,no,no,cellular,nov,thu,196,28,999,0,success,3.4,95.418,-50.7,6.162,4928.1
57,admin.,married,university.degree,unknown,yes,no,cellular,nov,wed,597,5,999,0,success,3.1,95.494,-44.4,6.059,4891.0
60,admin.,married,university.degree,unknown,yes,no,cellular,jul,mon,691,12,999,0,success,3.4,95.418,-50.7,6.162,4928.1
46,blue-collar,married,basic.9y,no,yes,no,cellular,nov,wed,1628,6,999,0,success,3.4,95.965,-49.8,6.159,4928.1
42,admin.,divorced,high.school,no,no,no,cellular,nov,tue,642,8,999,0,success,3.1,95.494,-44.4,6.057,4891.0
64,admin.,married,basic.4y,unknown,yes,no,cellular,jul,tue,221,7,999,0,success,3.4,95.418,-50.7,6.1610000000000005,4928.1
36,admin.,single,high.school,no,no,no,cellular,nov,thu,453,6,4,2,success,-0.8999999999999999,93.701,-39.4,2.073,4776.2
58,admin.,married,basic.4y,unknown,unknown,unknown,cellular,nov,mon,993,6,999,0,success,0.19999999999999996,94.393,-54.2,2.4989999999999997,4799.1
45,admin.,single,basic.4y,unknown,no,no,cellular,nov,mon,1708,5,999,0,success,3.4,95.965,-49.8,6.1610000000000005,4928.1
56,admin.,married,university.degree,no,yes,no,cellular,nov,fri,131,9,999,0,success,3.4,94.944,-44.1,6.163,4928.1
42,admin.,single,high.school,no,no,no,cellular,nov,thu,352,6,999,0,nonexistent,3.4,95.418,-50.7,6.162,4928.1
49,admin.,married,basic.9y,no,no,no,cellular,nov,tue,217,5,999,1,failure,1.9,94.7,-50.0,5.353,4895.8
67,admin.,married,professional.course,no,yes,yes,cellular,nov,tue,259,5,999,0,success,-1.4,93.879,-37.8,2.019,4717.5
63,services,married,high.school,unknown,yes,yes,cellular,nov,wed,462,5,999,0,success,3.4,94.944,-44.1,6.167,4928.1
51,blue-collar,married,basic.9y,no,yes,no,cellular,may,tue,867,5,999,0,success,0.19999999999999996,94.393,-54.2,2.544,4799.1
74,housemaid,divorced,basic.6y,unknown,yes,no,cellular,may,tue,354,5,999,0,nonexistent,0.19999999999999996,94.393,-54.2,2.4909999999999997,4799.1
44,admin.,married,university.degree,no,yes,no,cellular,nov,wed,347,6,999,1,failure,0.19999999999999996,94.393,-54.2,2.481,4799.1
37,admin.,single,university.degree,no,unknown,unknown,cellular,nov,tue,1623,6,999,0,success,-0.8999999999999999,94.463,-48.8,2.4859999999999998,4776.2
68,admin.,married,university.degree,no,yes,no,cellular,nov,fri,230,8,999,0,success,1.9,94.7,-50.0,5.221,4895.8
60,admin.,married,basic.4y,no,no,no,telephone,nov,mon,302,5,999,0,success,3.1,95.494,-44.4,6.057,4891.0
84,retired,married,unknown,no,no,no,cellular,nov,thu,331,5,999,0,success,0.19999999999999996,94.575,-55.1,2.61,4799.1
48,admin.,married,basic.9y,unknown,yes,no,cellular,nov,thu,1164,7,999,0,nonexistent,0.19999999999999996,94.393,-54.2,2.527,4799.1
51,admin.,married,university.degree,no,yes,yes,cellular,aug,fri,293,5,999,1,failure,-0.8999999999999999,93.701,-39.4,2.049,4776.2
63,admin.,married,high.school,no,yes,no,cellular,nov,fri,435,5,999,0,nonexistent,3.4,94.944,-44.1,6.164000000000001,4928.1
56,admin.,married,unknown,no,yes,no,telephone,nov,fri,377,6,999,0,success,3.4,95.965,-49.8,6.167,4928.1
45,self-employed,single,university.degree,no,yes,yes,cellular,nov,wed,356,7,999,0,success,3.4,94.944,-44.1,6.167,4928.1
42,admin.,married,professional.course,no,yes,no,cellular,may,thu,919,5,999,0,nonexistent,0.19999999999999996,94.393,-54.2,2.466,4799.1
63,admin.,married,basic.9y,no,yes,no,cellular,nov,wed,199,11,999,0,success,3.4,95.418,-50.7,6.163,4928.1
37,admin.,single,professional.course,no,no,no,cellular,nov,tue,773,5,999,1,success,0.30000000000000004,95.715,-48.3,2.035,4691.6
62,admin.,single,unknown,no,no,no,cellular,nov,tue,331,6,999,0,success,3.4,95.418,-50.7,6.1610000000000005,4928.1
42,admin.,single,university.degree,no,no,yes,cellular,nov,fri,300,8,999,0,success,3.4,95.965,-49.8,6.167,4928.1
50,admin.,single,basic.6y,unknown,yes,no,cellular,nov,tue,257,5,999,0,success,1.9,94.7,-50.0,5.353,4895.8
61,admin.,divorced,basic.6y,no,unknown,unknown,cellular,jun,thu,201,13,999,0,nonexistent,3.4,95.965,-49.8,6.1610000000000005,4928.1
50,management,single,university.degree,no,yes,no,cellular,nov,tue,1182,27,999,0,success,3.4,95.418,-50.7,6.1610000000000005,4928.1
46,admin.,married,professional.course,no,no,no,cellular,nov,mon,160,5,999,0,success,3.4,94.944,-44.1,6.163,4928.1
39,admin.,single,high.school,no,yes,no,cellular,nov,fri,215,6,999,0,success,0.19999999999999996,94.393,-54.2,2.513,4799.1
71,admin.,married,professional.course,no,unknown,unknown,cellular,nov,fri,732,5,999,0,success,3.1,95.494,-44.4,6.064,4891.0
61,admin.,married,university.degree,no,no,yes,cellular,nov,thu,898,7,999,0,success,3.4,94.944,-44.1,6.163,4928.1
100,admin.,married,basic.4y,unknown,yes,no,cellular,nov,fri,977,5,2,2,success,-1.4,93.931,-34.9,1.93,4717.5
67,unemployed,married,unknown,no,no,no,cellular,nov,mon,970,7,999,0,success,3.1,95.494,-44.4,6.057,4891.0
52,admin.,divorced,basic.9y,no,yes,no,cellular,nov,thu,2190,8,999,0,success,3.4,95.418,-50.7,6.168,4928.1
63,admin.,single,basic.4y,no,no,yes,cellular,nov,tue,608,5,999,0,success,3.4,95.418,-50.7,6.1610000000000005,4928.1
60,admin.,married,high.school,no,yes,no,cellular,nov,thu,194,5,999,0,success,3.4,94.944,-44.1,6.164000000000001,4928.1
69,technician,married,high.school,no,yes,no,cellular,nov,tue,457,8,999,0,success,3.4,95.418,-50.7,6.1610000000000005,4928.1
42,admin.,married,basic.6y,unknown,yes,no,cellular,nov,mon,543,5,999,0,success,3.4,95.965,-49.8,6.065,4928.1
48,admin.,single,professional.course,no,yes,no,cellular,nov,wed,1054,6,999,2,success,0.19999999999999996,94.393,-54.2,2.534,4799.1
62,admin.,married,basic.9y,no,yes,no,cellular,nov,thu,1130,7,999,0,success,0.19999999999999996,94.575,-55.1,2.61,4799.1
57,admin.,married,basic.9y,no,yes,no,cellular,nov,thu,223,7,999,0,success,3.4,95.418,-50.7,6.163,4928.1
45,admin.,single,university.degree,no,yes,no,cellular,may,thu,242,5,999,0,success,3.1,95.494,-44.4,6.0600000000000005,4891.0
41,admin.,single,university.degree,no,no,no,cellular,nov,fri,1259,5,999,0,success,3.4,95.965,-49.8,6.159,4928.1
58,admin.,married,high.school,no,yes,yes,cellular,nov,mon,449,7,999,0,success,3.4,95.418,-50.7,6.162,4928.1
53,admin.,married,professional.course,no,yes,no,cellular,aug,tue,343,7,999,0,success,3.4,94.944,-44.1,6.166,4928.1
50,admin.,married,basic.4y,no,yes,no,cellular,nov,fri,296,5,999,0,success,0.19999999999999996,94.575,-55.1,2.605,4799.1
47,admin.,married,high.school,no,yes,no,cellular,nov,wed,307,5,999,0,success,1.9,94.7,-50.0,5.32,4895.8
70,admin.,married,basic.4y,unknown,yes,no,cellular,nov,fri,721,5,999,0,success,3.1,95.494,-44.4,6.057,4891.0
48,admin.,married,basic.6y,no,no,no,cellular,may,fri,1286,9,999,0,success,3.1,95.494,-44.4,6.064,4891.0
49,admin.,single,high.school,no,yes,no,cellular,nov,fri,1299,6,999,0,nonexistent,0.19999999999999996,94.393,-54.2,2.45,4799.1
56,admin.,married,university.degree,no,yes,no,cellular,nov,fri,390,10,999,0,success,3.1,95.494,-44.4,6.057,4891.0
56,admin.,married,high.school,no,no,no,cellular,nov,thu,394,6,999,0,success,3.4,95.965,-49.8,6.066,4928.1
50,admin.,married,university.degree,no,yes,no,cellular,nov,thu,604,5,999,0,success,-0.8999999999999999,94.463,-48.8,2.46,4776.2
47,admin.,single,university.degree,no,yes,no,telephone,nov,fri,363,5,999,0,success,-1.4,94.149,-38.1,1.914,4717.5
55,technician,divorced,university.degree,no,no,no,cellular,aug,tue,493,7,999,0,nonexistent,3.4,94.944,-44.1,6.163,4928.1
34,admin.,single,basic.4y,no,yes,no,cellular,nov,thu,516,5,999,1,failure,0.19999999999999996,95.376,-48.0,1.877,4708.7
60,admin.,married,high.school,unknown,yes,no,cellular,aug,wed,530,5,999,0,nonexistent,3.4,94.944,-44.1,6.164000000000001,4928.1
49,admin.,single,university.degree,no,no,no,cellular,nov,thu,424,5,7,2,success,-1.4,94.149,-38.1,1.914,4717.5
48,admin.,married,university.degree,no,no,no,cellular,nov,wed,372,5,999,0,nonexistent,3.4,94.944,-44.1,6.164000000000001,4928.1
47,admin.,married,basic.4y,no,yes,no,telephone,nov,thu,705,5,999,0,success,3.1,95.494,-44.4,6.0600000000000005,4891.0
48,admin.,single,university.degree,no,no,no,cellular,nov,fri,336,5,999,0,nonexistent,3.4,94.944,-44.1,6.163,4928.1
50,technician,single,university.degree,no,no,no,cellular,nov,thu,417,5,999,0,success,3.4,94.944,-44.1,6.168,4928.1
71,admin.,divorced,university.degree,no,unknown,unknown,cellular,nov,wed,338,6,999,1,failure,0.19999999999999996,94.575,-55.1,2.698,4799.1
46,blue-collar,married,basic.6y,no,no,no,cellular,nov,fri,579,6,999,0,success,3.4,95.418,-50.7,6.163,4928.1
57,admin.,married,high.school,no,yes,no,cellular,nov,fri,266,5,999,0,success,3.1,95.494,-44.4,6.057,4891.0
49,admin.,married,university.degree,no,yes,no,cellular,nov,thu,174,5,999,0,nonexistent,1.9,94.7,-50.0,5.276,4895.8
52,blue-collar,married,basic.9y,no,no,no,cellular,may,fri,237,6,999,1,success,0.19999999999999996,94.393,-54.2,2.513,4799.1
69,self-employed,married,basic.9y,no,no,yes,cellular,nov,tue,250,5,999,0,nonexistent,1.9,94.7,-50.0,5.353,4895.8
50,admin.,single,university.degree,no,yes,no,cellular,nov,tue,395,5,999,0,success,3.1,95.494,-44.4,6.056,4891.0
66,admin.,married,professional.course,no,yes,no,cellular,nov,thu,734,5,999,0,success,0.19999999999999996,94.575,-55.1,2.565,4799.1
62,admin.,married,basic.6y,no,yes,no,cellular,nov,thu,1535,5,999,0,success,3.4,95.965,-49.8,6.1610000000000005,4928.1
64,admin.,single,high.school,no,yes,no,cellular,nov,tue,2426,5,999,0,success,3.4,95.418,-50.7,6.1610000000000005,4928.1
59,admin.,married,high.school,no,no,no,cellular,nov,wed,570,8,999,0,success,3.1,95.494,-44.4,6.058,4891.0
54,admin.,single,university.degree,no,yes,no,cellular,nov,thu,408,10,999,0,success,3.4,95.965,-49.8,6.1610000000000005,4928.1
72,housemaid,married,basic.6y,unknown,yes,no,cellular,may,tue,338,6,999,0,success,3.1,95.494,-44.4,6.057,4891.0
59,admin.,married,basic.9y,unknown,yes,no,cellular,nov,mon,332,8,999,0,success,3.1,95.494,-44.4,6.057,4891.0
43,admin.,single,high.school,no,no,no,cellular,nov,fri,745,6,999,0,success,0.19999999999999996,94.343,-58.0,2.731,4799.1
46,admin.,single,professional.course,no,no,no,cellular,nov,thu,1040,5,999,0,nonexistent,3.4,94.944,-44.1,6.163,4928.1
58,admin.,married,basic.4y,no,yes,no,cellular,nov,mon,602,5,999,0,nonexistent,0.19999999999999996,94.575,-55.1,2.605,4799.1
63,admin.,married,basic.4y,no,unknown,unknown,cellular,nov,mon,768,7,999,0,success,3.4,95.418,-50.7,6.16,4928.1
54,admin.,married,university.degree,no,yes,no,telephone,nov,thu,368,5,999,0,success,3.4,95.965,-49.8,6.158,4928.1
72,admin.,married,basic.4y,no,yes,no,cellular,nov,fri,239,5,999,0,success,1.9,94.7,-50.0,5.221,4895.8
49,admin.,single,university.degree,no,no,no,cellular,nov,mon,658,7,999,0,success,3.4,94.944,-44.1,6.163,4928.1
54,admin.,divorced,high.school,no,no,no,cellular,nov,wed,214,6,999,0,nonexistent,3.1,95.494,-44.4,6.057,4891.0
75,retired,single,high.school,no,no,no,cellular,nov,tue,365,8,999,0,success,3.4,95.965,-49.8,6.064,4928.1
62,admin.,married,university.degree,no,yes,yes,cellular,aug,mon,223,6,999,0,success,3.4,94.944,-44.1,6.165,4928.1
50,admin.,married,unknown,unknown,no,no,cellular,nov,thu,2323,6,999,0,success,3.1,95.494,-44.4,6.0600000000000005,4891.0
59,admin.,married,high.school,unknown,yes,no,cellular,nov,wed,496,5,999,0,success,3.4,94.944,-44.1,6.167,4928.1
56,admin.,married,basic.4y,no,no,no,cellular,nov,mon,1076,5,999,0,nonexistent,3.4,95.418,-50.7,6.16,4928.1
47,admin.,single,university.degree,no,no,no,cellular,nov,fri,230,8,999,0,success,0.19999999999999996,94.393,-54.2,2.45,4799.1
48,admin.,married,basic.9y,no,yes,no,cellular,nov,wed,419,5,999,0,success,3.1,95.494,-44.4,6.057,4891.0
64,admin.,married,university.degree,no,yes,yes,cellular,nov,thu,453,6,999,0,success,3.4,95.965,-49.8,6.158,4928.1
44,admin.,single,basic.9y,no,yes,no,cellular,nov,tue,714,6,999,0,success,3.1,95.494,-44.4,6.057,4891.0
53,blue-collar,single,basic.9y,no,no,yes,cellular,nov,wed,520,6,999,1,success,0.19999999999999996,94.393,-54.2,2.481,4799.1
57,admin.,married,basic.9y,no,no,no,cellular,nov,mon,651,5,999,0,success,1.9,94.7,-50.0,5.391,4895.8
45,admin.,single,high.school,no,no,yes,cellular,nov,tue,700,5,999,0,success,1.9,94.7,-50.0,5.353,4895.8
39,admin.,married,basic.9y,no,yes,yes,telephone,nov,fri,302,10,999,0,success,3.1,95.494,-44.4,6.055000000000001,4891.0
75,admin.,single,unknown,unknown,yes,no,cellular,nov,tue,500,5,999,0,success,3.1,95.494,-44.4,6.057,4891.0
55,admin.,married,professional.course,unknown,yes,no,cellular,nov,thu,1645,14,999,0,success,3.4,95.418,-50.7,6.168,4928.1
40,admin.,married,basic.4y,no,yes,no,cellular,nov,thu,379,5,999,0,success,3.4,95.418,-50.7,6.158,4928.1
44,admin.,married,university.degree,no,yes,yes,cellular,nov,mon,415,5,999,0,success,3.4,94.944,-44.1,6.165,4928.1
58,admin.,married,basic.6y,unknown,yes,no,cellular,nov,fri,154,8,999,0,success,0.19999999999999996,94.575,-55.1,2.605,4799.1
50,admin.,single,high.school,no,no,no,cellular,may,tue,313,6,999,1,success,0.19999999999999996,94.393,-54.2,2.4909999999999997,4799.1
55,admin.,divorced,university.degree,no,yes,no,cellular,nov,wed,331,5,999,0,nonexistent,-0.8999999999999999,94.463,-48.8,2.46,4776.2
98,admin.,married,high.school,no,no,no,cellular,nov,thu,399,5,4,3,success,-1.0,94.213,-41.0,1.92,4723.5
42,admin.,single,unknown,no,no,no,cellular,nov,mon,644,5,999,3,failure,0.19999999999999996,94.869,-42.8,1.839,4708.7
57,admin.,single,high.school,no,no,no,cellular,nov,thu,532,8,999,0,success,3.4,95.418,-50.7,6.163,4928.1
65,admin.,married,high.school,no,yes,no,telephone,nov,tue,156,23,999,0,success,3.1,95.494,-44.4,6.057,4891.0
47,admin.,married,university.degree,no,yes,no,cellular,nov,thu,392,9,999,0,nonexistent,0.19999999999999996,94.393,-54.2,2.466,4799.1
50,admin.,single,university.degree,no,yes,no,cellular,jul,wed,3940,5,999,0,success,3.4,95.418,-50.7,6.162,4928.1
40,admin.,single,university.degree,no,no,no,cellular,nov,thu,554,7,999,0,success,3.1,95.494,-44.4,6.0600000000000005,4891.0
40,admin.,single,basic.9y,unknown,yes,no,cellular,may,mon,588,13,999,0,success,3.1,95.494,-44.4,6.058,4891.0
44,unemployed,married,university.degree,no,unknown,unknown,cellular,nov,thu,439,6,999,0,success,3.4,95.418,-50.7,6.158,4928.1
37,student,single,high.school,no,yes,yes,cellular,nov,mon,2586,7,999,0,success,0.19999999999999996,94.393,-54.2,2.5540000000000003,4799.1
71,admin.,divorced,high.school,no,yes,no,cellular,nov,wed,431,8,999,0,nonexistent,3.4,95.418,-50.7,6.163,4928.1
56,admin.,single,high.school,no,yes,yes,cellular,nov,wed,419,6,999,0,success,3.1,95.494,-44.4,6.059,4891.0
47,admin.,married,basic.9y,no,no,no,cellular,nov,fri,494,5,999,1,success,0.19999999999999996,94.575,-55.1,2.605,4799.1
75,admin.,married,university.degree,no,yes,no,cellular,nov,mon,775,5,999,0,nonexistent,0.19999999999999996,94.393,-54.2,2.5540000000000003,4799.1
74,admin.,married,high.school,no,yes,no,cellular,nov,wed,1954,6,2,1,success,-0.8999999999999999,93.701,-39.4,2.084,4776.2
53,admin.,married,professional.course,no,yes,no,cellular,nov,tue,489,5,999,0,success,1.9,94.7,-50.0,5.353,4895.8
53,admin.,married,high.school,no,yes,no,cellular,nov,mon,160,7,999,0,success,0.19999999999999996,94.575,-55.1,2.605,4799.1
44,admin.,married,high.school,unknown,unknown,unknown,telephone,nov,wed,406,5,999,0,success,3.1,95.494,-44.4,6.059,4891.0
56,admin.,married,basic.9y,no,no,no,cellular,nov,tue,410,5,999,1,success,0.19999999999999996,94.575,-55.1,2.653,4799.1
53,admin.,married,basic.9y,no,yes,no,cellular,may,fri,305,9,999,0,success,3.1,95.494,-44.4,6.064,4891.0
53,admin.,single,university.degree,no,no,no,telephone,nov,wed,631,12,999,0,success,3.4,95.418,-50.7,6.157,4928.1
66,admin.,married,university.degree,unknown,yes,no,cellular,nov,tue,385,6,999,0,success,3.4,94.944,-44.1,6.168,4928.1
44,admin.,single,high.school,no,yes,no,cellular,nov,fri,214,8,999,0,success,3.4,95.418,-50.7,6.159,4928.1
48,technician,married,basic.9y,no,no,no,telephone,nov,mon,397,6,999,0,success,3.1,95.494,-44.4,6.057,4891.0
56,management,married,university.degree,no,yes,no,cellular,nov,tue,217,6,999,0,success,1.9,94.7,-50.0,5.353,4895.8
61,admin.,single,university.degree,unknown,yes,no,cellular,nov,thu,395,5,999,0,success,3.4,95.418,-50.7,6.158,4928.1
52,technician,single,university.degree,no,no,no,cellular,nov,thu,401,9,999,0,success,3.1,95.494,-44.4,6.0600000000000005,4891.0
53,admin.,married,unknown,no,yes,no,cellular,nov,thu,199,7,999,0,nonexistent,3.4,94.944,-44.1,6.162,4928.1
79,admin.,married,basic.4y,no,yes,no,cellular,nov,wed,307,5,999,2,success,0.19999999999999996,94.575,-55.1,2.605,4799.1
61,admin.,married,basic.9y,unknown,yes,no,telephone,jun,thu,246,5,999,0,success,3.4,95.965,-49.8,6.066,4928.1
71,admin.,married,university.degree,no,yes,no,cellular,aug,tue,395,8,999,0,success,3.4,94.944,-44.1,6.166,4928.1
39,admin.,single,high.school,no,yes,no,cellular,nov,tue,323,6,999,2,success,0.19999999999999996,95.376,-48.0,1.8820000000000001,4708.7
51,admin.,single,high.school,no,yes,no,cellular,nov,tue,626,5,999,0,success,3.4,95.965,-49.8,6.064,4928.1
65,unemployed,married,basic.9y,unknown,no,no,cellular,nov,thu,253,8,999,0,success,3.4,94.944,-44.1,6.162,4928.1
43,admin.,single,basic.9y,no,no,no,cellular,nov,tue,368,5,999,0,success,3.4,95.965,-49.8,6.1610000000000005,4928.1
45,admin.,married,university.degree,no,yes,yes,cellular,nov,mon,1456,8,999,0,success,0.19999999999999996,94.393,-54.2,2.5540000000000003,4799.1
70,retired,married,high.school,no,yes,no,cellular,nov,tue,1184,9,999,0,success,3.1,95.494,-44.4,6.057,4891.0
64,admin.,single,basic.6y,no,yes,no,cellular,nov,wed,386,8,999,0,nonexistent,3.1,95.494,-44.4,6.056,4891.0
47,admin.,single,professional.course,no,no,yes,cellular,nov,fri,131,8,999,0,nonexistent,0.19999999999999996,94.393,-54.2,2.45,4799.1
71,admin.,married,high.school,unknown,yes,no,cellular,nov,fri,2089,7,999,0,success,3.4,95.965,-49.8,6.159,4928.1
42,admin.,married,high.school,no,no,yes,cellular,nov,tue,520,7,999,1,success,-1.4,94.149,-38.1,1.92,4717.5
66,admin.,married,university.degree,no,no,no,cellular,nov,tue,377,5,999,0,success,1.9,94.7,-50.0,5.353,4895.8
54,admin.,married,professional.course,no,yes,yes,cellular,nov,wed,250,5,999,0,success,3.1,95.494,-44.4,6.057,4891.0
42,admin.,married,university.degree,no,unknown,unknown,cellular,nov,mon,946,5,999,1,failure,-0.8999999999999999,94.463,-48.8,2.466,4776.2
98,retired,divorced,basic.4y,no,no,no,cellular,nov,thu,602,5,9,3,success,0.8999999999999999,95.699,-45.5,2.0789999999999997,4663.6
55,admin.,married,high.school,unknown,no,no,cellular,nov,wed,403,5,999,0,success,-0.8999999999999999,94.463,-48.8,2.46,4776.2
58,admin.,married,university.degree,unknown,unknown,unknown,telephone,nov,tue,277,6,999,0,success,3.1,95.494,-44.4,6.057,4891.0
63,admin.,divorced,university.degree,unknown,no,no,cellular,may,thu,275,6,999,1,failure,0.19999999999999996,94.393,-54.2,2.466,4799.1
69,admin.,married,high.school,no,yes,no,cellular,nov,fri,313,5,999,0,success,3.4,94.944,-44.1,6.166,4928.1
69,admin.,married,high.school,no,yes,no,cellular,nov,thu,397,5,999,0,success,3.4,95.418,-50.7,6.163,4928.1
47,services,married,high.school,no,no,no,cellular,may,tue,311,5,999,0,success,0.19999999999999996,94.393,-54.2,2.544,4799.1
46,admin.,divorced,high.school,no,yes,no,cellular,nov,tue,422,5,999,0,success,3.1,95.494,-44.4,6.057,4891.0
55,admin.,divorced,high.school,no,yes,no,cellular,nov,fri,1022,7,999,0,success,0.19999999999999996,94.575,-55.1,2.605,4799.1
49,admin.,married,high.school,no,no,no,cellular,nov,thu,755,10,999,1,success,0.19999999999999996,94.393,-54.2,2.466,4799.1
53,admin.,divorced,high.school,no,no,no,cellular,nov,wed,226,9,999,0,success,1.9,94.7,-50.0,5.32,4895.8
52,admin.,married,basic.9y,no,yes,no,cellular,nov,wed,741,5,999,0,success,0.19999999999999996,94.393,-54.2,2.534,4799.1
72,admin.,married,professional.course,no,yes,no,cellular,nov,tue,703,5,999,0,success,0.19999999999999996,94.575,-55.1,2.623,4799.1
47,admin.,divorced,professional.course,no,yes,no,cellular,nov,wed,152,5,999,0,success,0.30000000000000004,95.715,-48.3,2.04,4691.6
53,admin.,married,professional.course,no,yes,no,cellular,nov,fri,187,7,999,1,success,0.19999999999999996,94.393,-54.2,2.513,4799.1
52,admin.,married,high.school,no,yes,no,cellular,nov,thu,224,6,999,0,success,3.1,95.494,-44.4,6.0600000000000005,4891.0
70,admin.,married,university.degree,no,yes,no,cellular,nov,wed,415,5,999,0,success,-0.8999999999999999,93.701,-39.4,2.054,4776.2
41,technician,single,professional.course,no,yes,no,cellular,apr,fri,800,5,999,0,success,0.19999999999999996,94.575,-55.1,2.605,4799.1
66,management,married,high.school,unknown,no,no,cellular,nov,wed,404,5,999,0,nonexistent,3.4,94.944,-44.1,6.165,4928.1
55,admin.,married,high.school,unknown,yes,no,cellular,nov,mon,296,5,999,0,success,3.1,95.494,-44.4,6.057,4891.0
60,services,married,professional.course,no,no,no,cellular,nov,thu,235,22,999,0,success,3.4,94.944,-44.1,6.162,4928.1
72,admin.,married,basic.9y,no,no,no,cellular,nov,tue,667,5,999,0,nonexistent,0.19999999999999996,94.575,-55.1,2.653,4799.1
42,blue-collar,single,basic.9y,no,yes,no,cellular,nov,thu,844,5,999,0,nonexistent,3.4,95.418,-50.7,6.163,4928.1
50,admin.,married,high.school,no,no,no,cellular,jul,thu,1002,11,999,0,success,3.4,95.418,-50.7,6.158,4928.1
62,admin.,married,professional.course,unknown,no,yes,cellular,nov,mon,242,5,999,0,success,3.1,95.494,-44.4,6.057,4891.0
44,admin.,single,university.degree,unknown,no,yes,cellular,nov,tue,1589,6,999,0,success,3.4,95.965,-49.8,6.064,4928.1
44,admin.,single,university.degree,no,yes,yes,cellular,nov,wed,253,6,999,0,nonexistent,0.19999999999999996,94.393,-54.2,2.534,4799.1
48,admin.,married,basic.9y,no,yes,no,cellular,nov,thu,158,18,999,0,success,3.4,95.418,-50.7,6.168,4928.1
44,admin.,married,high.school,no,no,no,telephone,nov,wed,763,6,999,0,success,3.1,95.494,-44.4,6.058,4891.0
66,admin.,married,basic.4y,no,yes,no,cellular,nov,mon,332,7,999,0,success,3.4,95.418,-50.7,6.162,4928.1
40,admin.,single,basic.9y,unknown,no,no,cellular,nov,wed,431,8,999,0,success,3.4,95.418,-50.7,6.163,4928.1
54,admin.,married,university.degree,no,unknown,unknown,cellular,nov,wed,1043,6,999,0,success,3.1,95.494,-44.4,6.057,4891.0
38,admin.,single,high.school,no,no,no,cellular,nov,mon,341,5,999,0,success,-0.8999999999999999,93.701,-39.4,2.061,4776.2
69,admin.,married,basic.4y,unknown,yes,no,cellular,nov,wed,228,5,999,0,success,3.4,94.944,-44.1,6.165,4928.1
40,admin.,single,high.school,unknown,yes,no,cellular,nov,mon,408,6,999,0,nonexistent,0.19999999999999996,94.393,-54.2,2.4989999999999997,4799.1
51,admin.,single,basic.6y,no,yes,no,cellular,nov,fri,221,6,999,0,success,3.1,95.494,-44.4,6.064,4891.0
44,admin.,married,basic.9y,no,no,no,cellular,nov,mon,237,9,999,0,nonexistent,3.1,95.494,-44.4,6.057,4891.0
52,admin.,married,professional.course,unknown,no,no,cellular,nov,mon,547,6,999,0,success,3.4,95.418,-50.7,6.16,4928.1
60,admin.,divorced,basic.9y,no,no,no,cellular,nov,mon,838,8,999,0,success,3.4,95.418,-50.7,6.162,4928.1
51,admin.,married,university.degree,no,no,no,cellular,nov,fri,602,5,999,0,nonexistent,0.19999999999999996,94.393,-54.2,2.45,4799.1
66,admin.,divorced,basic.4y,no,no,no,cellular,nov,tue,768,5,999,0,nonexistent,3.1,95.494,-44.4,6.056,4891.0
57,admin.,single,unknown,no,yes,no,cellular,nov,tue,404,5,999,1,failure,-0.8999999999999999,93.701,-39.4,2.084,4776.2
44,services,single,high.school,no,yes,yes,cellular,nov,wed,896,6,999,2,failure,-0.8999999999999999,94.463,-48.8,2.46,4776.2
84,retired,married,professional.course,no,yes,no,cellular,nov,mon,860,5,999,0,success,-0.8999999999999999,93.701,-39.4,2.084,4776.2
43,admin.,married,basic.4y,no,no,yes,cellular,nov,wed,363,6,999,1,success,0.19999999999999996,94.393,-54.2,2.481,4799.1
58,admin.,married,high.school,no,no,no,cellular,nov,wed,700,8,999,0,success,3.4,95.418,-50.7,6.157,4928.1
71,admin.,divorced,unknown,no,no,no,cellular,nov,wed,489,5,999,0,nonexistent,-1.0,94.213,-41.0,1.915,4723.5
48,admin.,married,university.degree,no,yes,yes,cellular,nov,fri,1310,5,999,0,nonexistent,3.4,94.944,-44.1,6.164000000000001,4928.1
46,admin.,single,university.degree,no,yes,no,cellular,nov,thu,530,5,999,0,nonexistent,1.9,94.7,-50.0,5.276,4895.8
49,admin.,married,high.school,no,no,no,cellular,nov,mon,518,8,999,0,nonexistent,3.1,95.494,-44.4,6.058,4891.0
56,admin.,married,high.school,no,no,no,cellular,nov,wed,235,5,999,1,success,0.19999999999999996,94.393,-54.2,2.534,4799.1
70,blue-collar,single,basic.6y,no,yes,no,cellular,nov,tue,487,6,999,0,success,1.9,94.7,-50.0,5.353,4895.8
59,services,divorced,basic.9y,no,no,no,cellular,nov,tue,1569,7,999,0,success,3.4,95.418,-50.7,6.1610000000000005,4928.1
61,admin.,single,unknown,no,yes,no,cellular,nov,fri,1177,9,999,0,success,3.4,95.418,-50.7,6.162,4928.1
45,admin.,married,unknown,no,no,yes,cellular,jun,tue,332,6,999,0,success,3.4,95.965,-49.8,6.064,4928.1
50,technician,married,professional.course,no,no,no,cellular,nov,tue,592,7,999,0,success,3.1,95.494,-44.4,6.057,4891.0
69,admin.,married,university.degree,no,yes,no,cellular,nov,thu,392,5,999,0,nonexistent,-0.8999999999999999,94.463,-48.8,2.46,4776.2
49,admin.,single,basic.6y,no,no,no,cellular,nov,thu,160,15,999,0,success,0.19999999999999996,94.393,-54.2,2.527,4799.1
58,admin.,married,unknown,unknown,no,yes,cellular,nov,wed,251,5,999,0,success,3.1,95.494,-44.4,6.059,4891.0
71,admin.,married,high.school,unknown,no,no,cellular,jul,wed,336,8,999,0,nonexistent,3.4,95.418,-50.7,6.157,4928.1
55,admin.,divorced,professional.course,no,yes,no,cellular,aug,thu,565,5,999,0,success,3.4,94.944,-44.1,6.162,4928.1
50,admin.,single,high.school,no,yes,no,cellular,nov,mon,370,5,999,0,success,1.9,94.7,-50.0,5.391,4895.8
49,admin.,married,university.degree,unknown,no,no,cellular,nov,tue,359,7,999,0,success,3.4,95.965,-49.8,6.064,4928.1
57,admin.,divorced,basic.4y,unknown,yes,no,cellular,nov,thu,311,5,999,0,success,3.1,95.494,-44.4,6.0600000000000005,4891.0
60,admin.,divorced,basic.4y,no,no,yes,cellular,nov,thu,2962,5,999,1,success,0.19999999999999996,94.575,-55.1,2.61,4799.1
62,management,divorced,university.degree,no,yes,no,cellular,nov,fri,298,6,999,0,success,3.4,95.965,-49.8,6.159,4928.1
41,services,divorced,professional.course,no,no,no,cellular,nov,mon,554,5,999,0,success,3.1,95.494,-44.4,6.057,4891.0
69,admin.,married,university.degree,no,no,yes,cellular,nov,tue,296,8,999,0,nonexistent,1.9,94.7,-50.0,5.353,4895.8
48,admin.,single,university.degree,no,yes,no,cellular,nov,mon,435,8,999,0,nonexistent,0.30000000000000004,95.715,-48.3,1.9929999999999999,4691.6
72,technician,married,basic.9y,no,yes,no,cellular,nov,mon,507,7,999,0,success,3.4,95.965,-49.8,6.16,4928.1
43,admin.,single,high.school,no,no,no,cellular,nov,thu,233,10,999,0,nonexistent,3.4,95.418,-50.7,6.158,4928.1
49,admin.,married,high.school,no,yes,yes,cellular,nov,tue,1193,5,999,0,success,3.1,95.494,-44.4,6.057,4891.0
72,admin.,married,high.school,no,no,no,cellular,nov,wed,687,5,999,0,success,3.1,95.494,-44.4,6.058,4891.0
42,admin.,single,university.degree,no,no,no,cellular,nov,fri,502,5,999,0,success,0.19999999999999996,94.869,-42.8,1.849,4708.7
57,admin.,divorced,university.degree,no,yes,no,cellular,nov,mon,223,6,999,0,nonexistent,3.4,94.944,-44.1,6.165,4928.1
68,admin.,married,basic.4y,no,no,yes,cellular,nov,fri,149,26,999,0,nonexistent,3.4,95.965,-49.8,6.159,4928.1
41,admin.,married,basic.9y,unknown,no,no,cellular,nov,thu,611,8,999,0,nonexistent,0.19999999999999996,94.393,-54.2,2.527,4799.1
70,admin.,married,university.degree,no,yes,no,cellular,nov,mon,347,6,999,0,success,0.19999999999999996,94.393,-54.2,2.4989999999999997,4799.1
60,admin.,married,basic.4y,no,unknown,unknown,cellular,nov,tue,241,11,999,0,success,1.9,94.7,-50.0,5.353,4895.8
48,admin.,single,university.degree,no,yes,no,cellular,nov,thu,136,18,999,0,success,3.4,94.944,-44.1,6.162,4928.1
65,admin.,married,high.school,no,yes,no,cellular,nov,mon,532,5,999,1,success,-1.0,94.213,-41.0,1.9169999999999998,4723.5
45,admin.,single,university.degree,no,no,no,cellular,jul,tue,502,5,3,2,success,0.30000000000000004,95.715,-48.3,1.9969999999999999,4691.6
45,technician,single,basic.9y,no,no,no,cellular,nov,mon,233,5,999,0,success,0.19999999999999996,94.393,-54.2,2.4989999999999997,4799.1
43,technician,single,professional.course,no,yes,no,telephone,nov,fri,237,17,999,0,success,3.1,95.494,-44.4,6.064,4891.0
47,admin.,divorced,professional.course,no,no,yes,cellular,nov,fri,422,5,999,0,success,0.19999999999999996,94.393,-54.2,2.513,4799.1
51,admin.,married,high.school,no,yes,no,cellular,nov,mon,188,5,999,1,success,1.9,94.7,-50.0,5.391,4895.8
63,technician,married,university.degree,no,no,no,cellular,nov,tue,743,5,999,0,success,1.9,94.7,-50.0,5.353,4895.8
46,admin.,single,high.school,no,yes,no,cellular,jun,tue,323,7,999,0,success,3.4,95.965,-49.8,6.064,4928.1
48,blue-collar,single,university.degree,no,yes,yes,cellular,nov,wed,820,8,999,0,success,0.19999999999999996,94.393,-54.2,2.481,4799.1
59,admin.,married,basic.9y,no,yes,no,cellular,nov,tue,300,9,999,0,success,3.4,94.944,-44.1,6.166,4928.1
51,admin.,single,basic.4y,no,no,no,cellular,nov,tue,453,5,999,0,success,-0.8999999999999999,94.463,-48.8,2.299,4776.2
55,admin.,married,high.school,no,yes,yes,telephone,nov,tue,597,6,999,0,success,3.1,95.494,-44.4,6.057,4891.0
45,admin.,single,university.degree,no,no,no,cellular,nov,thu,572,5,999,0,nonexistent,1.9,94.7,-50.0,5.276,4895.8
99,admin.,married,basic.9y,no,yes,no,cellular,nov,wed,601,5,999,1,success,0.19999999999999996,95.376,-48.0,1.8969999999999998,4708.7
65,admin.,married,university.degree,no,no,no,cellular,nov,tue,883,6,999,0,success,3.4,95.965,-49.8,6.1610000000000005,4928.1
71,admin.,single,high.school,no,yes,no,cellular,nov,fri,514,6,999,1,success,1.9,94.7,-50.0,5.221,4895.8
60,admin.,divorced,professional.course,unknown,no,no,cellular,nov,wed,437,5,999,0,success,3.4,95.418,-50.7,6.162,4928.1
67,admin.,divorced,university.degree,no,no,no,cellular,nov,tue,503,5,999,0,success,-1.4,94.149,-38.1,1.915,4717.5
56,blue-collar,married,basic.9y,unknown,yes,yes,telephone,nov,wed,199,7,999,0,success,3.1,95.494,-44.4,6.058,4891.0
59,admin.,married,university.degree,no,yes,no,cellular,nov,mon,593,6,999,0,nonexistent,-0.8999999999999999,93.701,-39.4,2.084,4776.2
65,admin.,single,unknown,no,yes,no,cellular,nov,tue,971,5,999,0,success,3.1,95.494,-44.4,6.056,4891.0
59,admin.,divorced,university.degree,unknown,yes,yes,cellular,may,tue,611,5,999,0,success,3.1,95.494,-44.4,6.056,4891.0
44,admin.,single,university.degree,no,no,no,cellular,nov,wed,586,5,999,0,success,3.4,95.418,-50.7,6.163,4928.1
48,admin.,married,university.degree,no,yes,no,cellular,nov,tue,212,5,999,0,success,1.9,94.7,-50.0,5.353,4895.8
45,admin.,married,high.school,no,yes,yes,cellular,nov,fri,145,9,999,0,success,1.9,94.7,-50.0,5.221,4895.8
67,blue-collar,married,basic.9y,unknown,yes,no,cellular,may,mon,691,5,999,0,success,3.1,95.494,-44.4,6.057,4891.0
46,admin.,married,basic.6y,no,no,no,cellular,nov,thu,3877,6,999,0,success,3.1,95.494,-44.4,6.055000000000001,4891.0
55,admin.,married,high.school,no,no,no,cellular,nov,mon,408,7,999,0,success,3.1,95.494,-44.4,6.057,4891.0
61,blue-collar,married,basic.9y,unknown,no,no,cellular,nov,thu,743,10,999,0,nonexistent,3.1,95.494,-44.4,6.0600000000000005,4891.0
58,admin.,married,basic.4y,no,yes,no,cellular,nov,thu,478,5,999,0,success,3.1,95.494,-44.4,6.0600000000000005,4891.0
47,admin.,married,university.degree,no,no,no,cellular,nov,tue,1193,5,999,0,nonexistent,-0.8999999999999999,94.463,-48.8,2.4619999999999997,4776.2
47,admin.,single,basic.4y,no,yes,no,cellular,nov,tue,1583,6,999,1,success,0.19999999999999996,94.393,-54.2,2.544,4799.1
49,admin.,single,university.degree,no,yes,no,cellular,jul,wed,406,5,999,0,success,3.4,95.418,-50.7,6.163,4928.1
64,admin.,married,professional.course,unknown,no,no,cellular,nov,fri,829,6,999,0,success,3.4,95.418,-50.7,6.162,4928.1
34,admin.,single,basic.9y,no,yes,no,cellular,nov,tue,658,5,999,0,success,0.19999999999999996,94.575,-55.1,2.653,4799.1
64,admin.,married,high.school,no,no,no,cellular,nov,tue,206,5,999,1,success,1.9,94.7,-50.0,5.353,4895.8
68,admin.,married,university.degree,no,no,no,cellular,may,fri,201,6,999,0,success,0.19999999999999996,94.393,-54.2,2.45,4799.1
66,admin.,married,high.school,unknown,yes,no,cellular,nov,fri,194,32,999,0,success,3.4,95.965,-49.8,6.159,4928.1
42,admin.,married,university.degree,no,yes,no,cellular,nov,tue,316,5,999,0,success,0.19999999999999996,94.393,-54.2,2.466,4799.1
46,admin.,single,university.degree,no,yes,no,cellular,nov,wed,530,5,999,0,success,0.8999999999999999,96.267,-58.8,2.248,4663.6
81,admin.,married,basic.6y,no,yes,no,cellular,nov,thu,601,5,999,0,success,-0.8999999999999999,93.701,-39.4,2.051,4776.2
72,blue-collar,married,basic.4y,unknown,yes,yes,cellular,nov,fri,413,6,999,0,success,3.1,95.494,-44.4,6.057,4891.0
66,admin.,married,professional.course,no,yes,no,cellular,nov,thu,358,5,999,0,nonexistent,3.4,95.418,-50.7,6.163,4928.1
57,admin.,single,basic.4y,unknown,yes,no,cellular,may,wed,212,5,999,0,success,3.1,95.494,-44.4,6.057,4891.0
73,retired,married,basic.4y,no,yes,no,cellular,aug,wed,269,7,999,0,success,3.4,94.944,-44.1,6.164000000000001,4928.1
45,admin.,single,university.degree,no,no,no,cellular,jul,thu,770,6,999,0,nonexistent,3.4,95.418,-50.7,6.163,4928.1
64,admin.,married,university.degree,no,yes,no,cellular,nov,tue,187,5,999,1,success,1.9,94.7,-50.0,5.353,4895.8
53,admin.,married,unknown,no,no,no,cellular,nov,thu,165,9,999,1,success,0.19999999999999996,94.393,-54.2,2.527,4799.1
62,management,married,university.degree,no,yes,no,cellular,nov,wed,422,5,999,0,success,1.9,94.7,-50.0,5.32,4895.8
43,admin.,married,university.degree,no,no,no,cellular,nov,wed,275,7,999,0,success,3.4,95.418,-50.7,6.163,4928.1
46,admin.,single,university.degree,no,yes,no,cellular,nov,mon,336,6,999,0,success,0.19999999999999996,94.393,-54.2,2.4989999999999997,4799.1
70,admin.,divorced,unknown,unknown,yes,no,cellular,nov,tue,797,7,999,0,success,3.1,95.494,-44.4,6.057,4891.0
65,admin.,single,university.degree,no,yes,no,cellular,nov,thu,520,5,999,0,nonexistent,1.9,94.7,-50.0,5.276,4895.8
55,admin.,married,basic.6y,unknown,yes,no,cellular,nov,wed,242,7,999,0,success,3.1,95.494,-44.4,6.056,4891.0
51,management,married,university.degree,no,yes,no,telephone,nov,wed,1160,6,999,0,success,3.1,95.494,-44.4,6.058,4891.0
56,services,married,unknown,no,no,no,cellular,nov,thu,370,6,999,0,success,3.4,95.965,-49.8,6.158,4928.1
55,blue-collar,married,basic.9y,no,yes,no,cellular,nov,fri,545,6,999,0,success,3.1,95.494,-44.4,6.057,4891.0
46,admin.,married,professional.course,no,yes,no,cellular,nov,tue,291,5,999,0,success,3.4,95.418,-50.7,6.1610000000000005,4928.1
62,admin.,married,university.degree,no,no,no,cellular,nov,mon,363,5,999,0,success,1.9,94.7,-50.0,5.391,4895.8
46,admin.,married,high.school,no,yes,no,cellular,nov,wed,408,5,999,0,success,3.1,95.494,-44.4,6.058,4891.0
52,admin.,single,university.degree,no,yes,no,cellular,nov,tue,293,5,999,0,success,-0.8999999999999999,94.463,-48.8,2.4619999999999997,4776.2
55,admin.,married,basic.4y,no,no,no,cellular,nov,tue,305,10,999,0,nonexistent,1.9,94.7,-50.0,5.353,4895.8
58,admin.,married,high.school,unknown,yes,no,cellular,jun,fri,370,6,999,0,success,3.4,95.965,-49.8,6.159,4928.1
66,admin.,married,basic.9y,no,yes,no,telephone,jul,wed,494,6,999,0,nonexistent,3.4,95.418,-50.7,6.163,4928.1
86,admin.,married,basic.9y,no,no,no,cellular,oct,wed,547,5,999,0,success,-1.4,93.931,-34.9,1.942,4717.5
73,housemaid,married,professional.course,no,yes,no,cellular,aug,tue,296,14,999,0,success,3.4,94.944,-44.1,6.165,4928.1
41,admin.,single,high.school,no,no,no,cellular,nov,fri,359,5,999,0,success,-0.8999999999999999,93.701,-39.4,2.025,4776.2
52,blue-collar,married,basic.6y,unknown,no,no,cellular,jul,wed,259,5,999,0,success,3.4,95.418,-50.7,6.163,4928.1
45,admin.,single,high.school,no,no,no,cellular,nov,mon,289,5,999,2,success,-1.4,94.149,-38.1,1.914,4717.5
51,services,married,high.school,unknown,yes,no,cellular,nov,wed,797,6,999,0,success,3.1,95.494,-44.4,6.056,4891.0
45,admin.,single,university.degree,no,yes,no,telephone,jun,wed,239,5,999,0,success,3.4,95.965,-49.8,6.162,4928.1
46,admin.,single,high.school,no,no,no,cellular,nov,fri,257,7,999,0,success,3.1,95.494,-44.4,6.064,4891.0
65,admin.,married,basic.4y,unknown,yes,no,cellular,nov,thu,300,9,999,0,nonexistent,3.1,95.494,-44.4,6.0600000000000005,4891.0
48,admin.,single,university.degree,no,no,no,cellular,aug,wed,412,5,999,0,nonexistent,3.4,94.944,-44.1,6.164000000000001,4928.1
51,admin.,single,university.degree,no,no,no,cellular,nov,fri,386,9,999,0,success,3.4,94.944,-44.1,6.164000000000001,4928.1
51,admin.,married,basic.9y,no,no,yes,cellular,nov,tue,408,7,999,0,success,1.9,94.7,-50.0,5.353,4895.8
71,admin.,divorced,university.degree,unknown,yes,no,telephone,nov,fri,296,5,999,0,nonexistent,3.1,95.494,-44.4,6.057,4891.0
47,admin.,married,basic.9y,no,yes,yes,cellular,nov,fri,833,7,999,0,success,3.4,95.418,-50.7,6.163,4928.1
53,admin.,married,high.school,no,yes,no,cellular,may,thu,588,9,999,0,nonexistent,3.1,95.494,-44.4,6.055000000000001,4891.0
51,admin.,divorced,university.degree,unknown,yes,no,cellular,aug,mon,224,6,999,0,success,3.4,94.944,-44.1,6.163,4928.1
60,admin.,married,university.degree,no,yes,no,cellular,nov,mon,500,7,999,0,nonexistent,3.4,94.944,-44.1,6.17,4928.1
59,admin.,single,university.degree,no,no,no,cellular,aug,thu,1006,5,999,2,success,0.30000000000000004,95.527,-46.3,2.104,4691.6
51,admin.,divorced,high.school,no,no,no,cellular,nov,mon,293,6,999,1,success,0.19999999999999996,94.869,-42.8,1.839,4708.7
46,admin.,married,university.degree,no,no,no,cellular,nov,wed,1193,6,999,0,success,1.9,94.7,-50.0,5.32,4895.8
67,admin.,married,high.school,no,no,yes,cellular,nov,mon,766,10,999,0,success,3.4,95.965,-49.8,6.065,4928.1
55,admin.,single,university.degree,no,no,no,cellular,nov,thu,1108,5,999,0,success,1.9,94.7,-50.0,5.276,4895.8
61,admin.,married,basic.9y,no,no,no,cellular,nov,tue,626,5,999,0,nonexistent,1.9,94.7,-50.0,5.353,4895.8
73,self-employed,married,professional.course,no,yes,no,cellular,nov,wed,271,6,999,0,success,3.1,95.494,-44.4,6.056,4891.0
50,technician,married,professional.course,no,yes,yes,cellular,nov,thu,181,7,999,0,success,3.4,94.944,-44.1,6.164000000000001,4928.1
51,admin.,divorced,high.school,no,yes,yes,cellular,nov,fri,757,9,999,0,success,3.4,95.965,-49.8,6.167,4928.1
50,admin.,single,high.school,no,yes,no,telephone,nov,fri,1061,5,999,0,success,3.1,95.494,-44.4,6.064,4891.0
48,admin.,married,university.degree,no,yes,no,cellular,nov,mon,448,5,999,0,success,0.19999999999999996,94.393,-54.2,2.444,4799.1
43,admin.,married,high.school,unknown,yes,no,cellular,nov,wed,700,6,999,0,success,3.1,95.494,-44.4,6.058,4891.0
58,admin.,married,basic.9y,no,yes,no,cellular,nov,thu,210,5,999,0,success,3.4,95.418,-50.7,6.158,4928.1
68,admin.,married,high.school,unknown,no,yes,telephone,nov,thu,316,5,999,0,nonexistent,3.1,95.494,-44.4,6.055000000000001,4891.0
51,admin.,divorced,university.degree,no,no,yes,cellular,nov,thu,221,6,999,0,success,1.9,94.7,-50.0,5.276,4895.8
43,admin.,single,university.degree,no,no,no,cellular,nov,tue,183,7,999,0,success,3.4,95.418,-50.7,6.1610000000000005,4928.1
46,admin.,single,university.degree,no,no,no,cellular,nov,wed,280,6,999,0,success,3.1,95.494,-44.4,6.059,4891.0
47,admin.,married,basic.9y,no,yes,no,telephone,nov,tue,205,5,999,0,success,1.9,94.7,-50.0,5.353,4895.8
46,admin.,single,university.degree,no,no,yes,cellular,nov,tue,764,5,999,0,nonexistent,3.4,94.944,-44.1,6.163,4928.1
55,admin.,married,professional.course,unknown,yes,no,cellular,apr,thu,437,5,999,1,failure,0.19999999999999996,94.575,-55.1,2.61,4799.1
44,admin.,married,university.degree,no,yes,no,cellular,nov,mon,287,6,999,0,success,0.19999999999999996,94.393,-54.2,2.464,4799.1
73,management,divorced,university.degree,no,yes,no,cellular,nov,mon,221,13,999,0,success,0.19999999999999996,94.393,-54.2,2.444,4799.1
54,admin.,divorced,high.school,no,yes,no,cellular,may,fri,158,12,999,1,success,0.19999999999999996,94.393,-54.2,2.45,4799.1
61,admin.,single,professional.course,no,no,no,telephone,nov,wed,167,9,999,0,success,3.1,95.494,-44.4,6.057,4891.0
47,admin.,divorced,professional.course,no,yes,no,cellular,nov,tue,570,5,999,0,success,1.9,94.7,-50.0,5.353,4895.8
54,admin.,married,basic.9y,no,no,no,cellular,nov,wed,829,5,999,0,success,-0.8999999999999999,93.701,-39.4,2.084,4776.2
38,admin.,single,basic.9y,no,yes,no,cellular,nov,wed,1033,6,999,0,nonexistent,3.4,95.965,-49.8,6.162,4928.1
42,services,single,high.school,unknown,no,no,cellular,nov,fri,314,6,999,0,success,3.1,95.494,-44.4,6.055000000000001,4891.0
55,admin.,married,high.school,no,yes,no,cellular,nov,thu,282,7,3,2,success,-1.4,94.149,-38.1,1.914,4717.5
47,technician,divorced,professional.course,no,yes,yes,cellular,jul,fri,298,5,999,0,nonexistent,3.4,95.418,-50.7,6.159,4928.1
68,admin.,single,basic.9y,no,yes,no,cellular,jun,mon,284,7,999,0,success,3.4,95.965,-49.8,6.1610000000000005,4928.1
58,technician,married,professional.course,no,no,no,cellular,nov,fri,597,6,999,0,success,3.1,95.494,-44.4,6.064,4891.0
41,admin.,single,university.degree,no,yes,no,cellular,nov,mon,777,9,999,0,success,0.19999999999999996,94.393,-54.2,2.464,4799.1
49,admin.,single,university.degree,no,yes,no,cellular,nov,mon,898,5,999,0,nonexistent,3.4,94.944,-44.1,6.17,4928.1
47,admin.,single,university.degree,no,yes,no,cellular,nov,mon,563,5,999,0,nonexistent,3.4,94.944,-44.1,6.165,4928.1
53,blue-collar,married,basic.9y,no,yes,no,telephone,may,tue,617,6,999,0,success,3.1,95.494,-44.4,6.057,4891.0
62,admin.,married,university.degree,no,no,no,cellular,nov,mon,295,5,999,0,success,3.4,94.944,-44.1,6.165,4928.1
53,admin.,single,university.degree,no,unknown,unknown,cellular,nov,mon,385,6,999,0,nonexistent,0.19999999999999996,94.575,-55.1,2.605,4799.1
45,admin.,married,university.degree,no,unknown,unknown,cellular,nov,wed,440,5,999,0,nonexistent,3.1,95.494,-44.4,6.058,4891.0
66,admin.,married,professional.course,unknown,no,no,cellular,nov,wed,1762,6,999,0,success,3.1,95.494,-44.4,6.056,4891.0
78,admin.,married,basic.4y,no,no,no,cellular,nov,fri,611,5,999,0,success,0.30000000000000004,95.715,-48.3,2.096,4691.6
60,admin.,married,university.degree,unknown,no,no,cellular,nov,wed,525,6,999,0,nonexistent,3.4,95.418,-50.7,6.157,4928.1
55,admin.,married,professional.course,no,no,no,cellular,nov,tue,746,5,999,0,success,3.4,94.944,-44.1,6.168,4928.1
44,admin.,single,high.school,no,no,no,cellular,nov,thu,232,8,999,1,success,0.19999999999999996,94.393,-54.2,2.466,4799.1
59,blue-collar,married,basic.4y,unknown,yes,no,cellular,aug,thu,629,7,999,0,success,3.4,94.944,-44.1,6.163,4928.1
57,admin.,married,university.degree,no,yes,no,cellular,nov,wed,905,5,3,1,success,-0.8999999999999999,94.463,-48.8,2.46,4776.2
48,technician,married,university.degree,no,yes,no,cellular,nov,thu,214,11,999,0,success,3.4,95.418,-50.7,6.168,4928.1
52,admin.,married,high.school,no,no,no,cellular,nov,fri,394,7,999,0,success,3.4,95.965,-49.8,6.159,4928.1
57,admin.,married,university.degree,no,yes,no,cellular,nov,fri,1718,7,999,0,success,1.9,94.7,-50.0,5.221,4895.8
85,admin.,married,unknown,no,yes,yes,cellular,apr,thu,293,5,999,0,success,0.19999999999999996,94.575,-55.1,2.61,4799.1
38,admin.,single,high.school,no,no,yes,cellular,nov,thu,2152,5,999,0,nonexistent,0.19999999999999996,94.393,-54.2,2.466,4799.1
43,admin.,single,university.degree,no,yes,no,cellular,nov,thu,1418,7,999,0,success,3.4,95.418,-50.7,6.163,4928.1
47,blue-collar,single,high.school,no,yes,no,cellular,nov,thu,318,7,999,0,success,3.4,95.418,-50.7,6.168,4928.1
86,admin.,married,basic.4y,no,no,no,cellular,nov,tue,248,6,999,1,failure,-1.4,94.149,-38.1,1.915,4717.5
100,admin.,divorced,basic.6y,no,no,no,cellular,mar,thu,273,5,999,0,success,0.19999999999999996,94.343,-58.0,2.8499999999999996,4799.1
61,admin.,married,basic.9y,unknown,yes,no,cellular,nov,wed,829,7,999,0,success,3.4,94.944,-44.1,6.165,4928.1
63,admin.,married,university.degree,no,no,no,cellular,nov,tue,401,5,999,0,success,3.4,94.944,-44.1,6.163,4928.1
68,admin.,married,basic.4y,no,yes,no,cellular,nov,mon,365,5,999,0,success,3.1,95.494,-44.4,6.057,4891.0
63,admin.,married,high.school,unknown,no,no,cellular,nov,thu,484,8,999,0,nonexistent,3.1,95.494,-44.4,6.0600000000000005,4891.0
68,admin.,divorced,high.school,no,yes,no,cellular,nov,wed,320,7,999,0,success,3.1,95.494,-44.4,6.058,4891.0
74,admin.,divorced,university.degree,no,yes,no,cellular,nov,tue,545,5,999,0,nonexistent,0.19999999999999996,94.869,-42.8,1.835,4708.7
45,admin.,single,basic.9y,no,yes,no,cellular,nov,fri,575,8,999,0,success,0.19999999999999996,94.393,-54.2,2.45,4799.1
50,admin.,married,basic.9y,no,yes,no,telephone,nov,mon,154,7,999,0,success,3.4,95.418,-50.7,6.162,4928.1
49,technician,divorced,professional.course,no,yes,yes,cellular,nov,fri,653,6,999,0,success,0.19999999999999996,94.393,-54.2,2.45,4799.1
69,admin.,married,university.degree,unknown,no,no,cellular,nov,fri,241,7,999,0,success,3.4,95.418,-50.7,6.162,4928.1
68,admin.,divorced,university.degree,no,no,no,cellular,nov,mon,741,5,999,0,nonexistent,0.30000000000000004,95.555,-47.8,1.954,4691.6
54,technician,single,high.school,no,yes,no,cellular,nov,wed,539,11,999,0,success,3.4,95.418,-50.7,6.162,4928.1
48,admin.,married,high.school,no,yes,yes,cellular,nov,mon,273,7,999,0,nonexistent,3.4,94.944,-44.1,6.165,4928.1
63,admin.,married,high.school,no,no,no,cellular,nov,wed,224,7,999,0,success,3.4,94.944,-44.1,6.165,4928.1
69,admin.,married,basic.9y,no,yes,no,cellular,nov,fri,836,9,999,0,success,3.1,95.494,-44.4,6.064,4891.0
66,admin.,divorced,basic.4y,no,yes,no,cellular,nov,tue,685,8,999,0,nonexistent,0.19999999999999996,94.393,-54.2,2.4909999999999997,4799.1
48,admin.,married,basic.9y,no,yes,no,cellular,nov,tue,451,5,999,0,success,1.9,94.7,-50.0,5.353,4895.8
49,admin.,married,university.degree,no,no,no,telephone,nov,wed,476,7,999,0,success,3.1,95.494,-44.4,6.057,4891.0
69,admin.,divorced,basic.9y,unknown,no,no,cellular,nov,fri,637,8,999,0,success,3.1,95.494,-44.4,6.059,4891.0
95,retired,married,basic.4y,no,no,no,cellular,may,mon,808,5,3,3,success,0.19999999999999996,95.376,-48.0,1.8969999999999998,4708.7
54,admin.,single,professional.course,no,no,no,cellular,nov,wed,377,5,999,1,failure,0.19999999999999996,94.393,-54.2,2.481,4799.1
45,admin.,single,basic.6y,no,yes,no,cellular,nov,fri,250,7,999,0,success,3.1,95.494,-44.4,6.064,4891.0
56,blue-collar,married,basic.9y,no,no,no,cellular,may,fri,1004,5,999,2,success,0.19999999999999996,94.393,-54.2,2.513,4799.1
54,admin.,married,basic.4y,no,yes,no,cellular,nov,thu,248,5,999,0,success,3.4,95.418,-50.7,6.158,4928.1
47,admin.,single,university.degree,no,yes,no,cellular,nov,tue,248,7,999,0,success,0.19999999999999996,94.343,-58.0,2.887,4799.1
51,admin.,single,high.school,unknown,yes,yes,cellular,jul,mon,827,9,999,0,nonexistent,3.4,95.418,-50.7,6.162,4928.1
49,admin.,divorced,basic.9y,no,no,no,cellular,nov,wed,401,7,999,0,nonexistent,3.4,95.965,-49.8,6.064,4928.1
61,admin.,single,university.degree,no,yes,yes,cellular,nov,thu,646,6,999,0,success,1.9,94.7,-50.0,5.276,4895.8
47,admin.,single,professional.course,no,no,no,cellular,nov,mon,232,5,999,1,success,0.19999999999999996,94.575,-55.1,2.605,4799.1
48,unemployed,married,high.school,unknown,yes,yes,cellular,nov,wed,633,12,999,0,success,3.4,95.418,-50.7,6.163,4928.1
74,admin.,married,high.school,unknown,no,no,cellular,nov,wed,649,6,999,0,nonexistent,3.1,95.494,-44.4,6.058,4891.0
46,technician,married,university.degree,unknown,no,no,cellular,nov,wed,358,6,999,0,success,3.4,94.944,-44.1,6.164000000000001,4928.1
66,admin.,married,professional.course,unknown,no,no,telephone,nov,thu,727,5,999,0,success,3.1,95.494,-44.4,6.0600000000000005,4891.0
51,admin.,married,basic.9y,unknown,no,yes,cellular,nov,mon,624,6,999,0,success,3.4,95.965,-49.8,6.065,4928.1
44,admin.,single,professional.course,no,yes,no,cellular,nov,mon,997,5,999,0,nonexistent,0.19999999999999996,94.393,-54.2,2.444,4799.1
60,admin.,single,professional.course,unknown,no,no,cellular,nov,wed,525,8,999,0,success,3.1,95.494,-44.4,6.057,4891.0
66,admin.,married,university.degree,no,no,no,cellular,jul,mon,430,8,999,0,success,3.4,95.418,-50.7,6.162,4928.1
72,admin.,divorced,basic.9y,no,no,no,cellular,nov,thu,250,5,999,0,nonexistent,3.4,95.965,-49.8,6.066,4928.1
36,admin.,married,high.school,no,yes,yes,cellular,nov,thu,273,7,999,0,nonexistent,3.4,95.418,-50.7,6.162,4928.1
56,admin.,married,basic.9y,no,no,no,cellular,nov,tue,723,5,999,0,success,3.1,95.494,-44.4,6.056,4891.0
42,admin.,single,basic.9y,no,no,no,cellular,nov,fri,1274,10,999,0,success,0.19999999999999996,94.393,-54.2,2.45,4799.1
60,admin.,married,high.school,no,yes,no,cellular,nov,tue,433,6,999,0,success,3.4,95.965,-49.8,6.1610000000000005,4928.1
51,admin.,single,high.school,no,no,no,cellular,nov,thu,415,7,999,0,success,3.1,95.494,-44.4,6.0600000000000005,4891.0
44,services,married,basic.9y,no,no,no,cellular,nov,thu,1051,5,999,0,success,1.9,94.7,-50.0,5.276,4895.8
54,admin.,married,university.degree,no,no,no,cellular,nov,fri,662,5,999,1,success,0.19999999999999996,94.393,-54.2,2.45,4799.1
50,admin.,married,basic.6y,no,no,no,cellular,may,fri,244,7,999,1,success,0.19999999999999996,94.393,-54.2,2.45,4799.1
60,admin.,divorced,high.school,no,no,no,cellular,nov,mon,147,13,999,1,success,0.19999999999999996,94.393,-54.2,2.444,4799.1
48,admin.,single,university.degree,no,yes,no,cellular,nov,mon,377,6,999,1,success,0.19999999999999996,95.249,-42.6,1.842,4708.7
50,self-employed,married,university.degree,no,no,no,cellular,nov,mon,647,5,999,0,success,3.1,95.494,-44.4,6.057,4891.0
74,entrepreneur,divorced,high.school,unknown,yes,no,cellular,nov,thu,2402,6,999,0,success,3.4,95.965,-49.8,6.158,4928.1
44,admin.,married,professional.course,no,yes,no,cellular,nov,tue,217,6,999,0,success,1.9,94.7,-50.0,5.353,4895.8
71,technician,married,unknown,no,no,no,cellular,jun,fri,208,6,999,0,success,3.4,95.965,-49.8,6.167,4928.1
58,admin.,married,basic.9y,no,no,no,cellular,may,tue,1502,6,999,0,success,3.1,95.494,-44.4,6.056,4891.0
53,admin.,single,university.degree,unknown,yes,no,cellular,may,tue,604,5,999,0,success,3.1,95.494,-44.4,6.057,4891.0
55,admin.,married,university.degree,unknown,yes,no,cellular,nov,mon,413,5,999,0,success,3.1,95.494,-44.4,6.057,4891.0
35,admin.,single,high.school,no,yes,no,cellular,nov,wed,748,5,999,0,success,-0.8999999999999999,93.969,-41.6,2.229,4776.2
68,blue-collar,married,basic.4y,no,no,no,cellular,nov,thu,476,7,999,0,success,3.1,95.494,-44.4,6.0600000000000005,4891.0
48,admin.,married,high.school,no,unknown,unknown,cellular,may,fri,719,5,999,1,success,0.19999999999999996,94.393,-54.2,2.45,4799.1
65,admin.,married,basic.9y,no,no,no,cellular,nov,thu,1474,6,999,0,nonexistent,3.1,95.494,-44.4,6.0600000000000005,4891.0
51,admin.,married,university.degree,no,yes,no,cellular,nov,thu,350,5,999,0,success,0.19999999999999996,94.393,-54.2,2.466,4799.1
44,admin.,single,basic.9y,no,no,no,cellular,nov,fri,1294,6,999,0,success,3.4,95.418,-50.7,6.157,4928.1
54,admin.,married,high.school,unknown,yes,no,cellular,nov,tue,838,6,999,0,success,3.1,95.494,-44.4,6.057,4891.0
44,admin.,married,high.school,no,yes,no,cellular,nov,fri,372,5,999,0,nonexistent,1.9,94.7,-50.0,5.221,4895.8
49,admin.,married,university.degree,no,no,no,cellular,nov,fri,638,16,999,0,success,3.4,95.965,-49.8,6.167,4928.1
54,admin.,married,high.school,no,yes,no,cellular,nov,mon,176,10,999,0,success,0.19999999999999996,94.393,-54.2,2.444,4799.1
54,admin.,married,professional.course,no,no,no,cellular,nov,thu,352,5,999,0,success,3.4,94.944,-44.1,6.163,4928.1
43,admin.,single,high.school,no,yes,no,telephone,nov,mon,304,6,999,0,success,3.4,95.965,-49.8,6.065,4928.1
48,admin.,married,university.degree,no,no,no,cellular,nov,wed,154,12,999,0,nonexistent,3.4,95.418,-50.7,6.162,4928.1
52,admin.,married,high.school,no,yes,no,cellular,nov,fri,493,5,999,0,success,0.19999999999999996,94.575,-55.1,2.605,4799.1
43,admin.,single,basic.9y,no,yes,no,cellular,nov,thu,311,7,999,0,success,0.19999999999999996,94.575,-55.1,2.606,4799.1
57,admin.,married,university.degree,no,no,yes,cellular,nov,fri,266,11,999,0,success,3.4,94.944,-44.1,6.163,4928.1
46,admin.,married,university.degree,no,yes,no,cellular,jul,mon,2635,7,999,0,success,3.4,95.418,-50.7,6.162,4928.1
49,admin.,single,university.degree,no,no,no,cellular,nov,fri,361,6,999,0,success,0.19999999999999996,94.393,-54.2,2.513,4799.1
59,admin.,married,basic.9y,unknown,yes,yes,cellular,nov,fri,435,6,999,0,success,3.4,95.965,-49.8,6.167,4928.1
74,admin.,married,university.degree,no,no,no,cellular,nov,fri,1040,7,999,0,success,3.4,94.944,-44.1,6.164000000000001,4928.1
61,admin.,married,unknown,no,no,yes,cellular,nov,wed,658,6,999,0,nonexistent,-0.8999999999999999,93.701,-39.4,2.084,4776.2
68,admin.,married,university.degree,unknown,yes,no,cellular,nov,wed,246,8,999,0,success,1.9,94.7,-50.0,5.32,4895.8
58,services,married,basic.6y,unknown,yes,no,cellular,nov,mon,237,8,999,0,success,3.4,95.418,-50.7,6.162,4928.1
45,admin.,single,high.school,no,yes,no,cellular,nov,thu,259,16,999,0,success,3.4,94.944,-44.1,6.162,4928.1
35,admin.,single,professional.course,unknown,no,no,cellular,nov,fri,538,6,999,0,nonexistent,0.19999999999999996,94.393,-54.2,2.45,4799.1
53,admin.,married,professional.course,unknown,no,no,cellular,nov,wed,2008,5,999,0,nonexistent,1.9,94.7,-50.0,5.32,4895.8
51,admin.,married,basic.9y,no,yes,no,cellular,nov,thu,282,6,999,0,success,3.1,95.494,-44.4,6.0600000000000005,4891.0
66,admin.,married,unknown,no,yes,no,cellular,nov,thu,392,5,999,0,success,3.1,95.494,-44.4,6.055000000000001,4891.0
53,admin.,married,basic.9y,no,yes,yes,cellular,nov,fri,431,6,999,0,success,3.4,95.965,-49.8,6.167,4928.1
44,admin.,single,high.school,no,yes,yes,cellular,nov,mon,280,6,999,0,success,-0.8999999999999999,94.463,-48.8,2.46,4776.2
46,admin.,single,professional.course,no,no,yes,cellular,nov,fri,376,5,999,0,nonexistent,3.4,94.944,-44.1,6.164000000000001,4928.1
50,admin.,married,university.degree,no,yes,no,cellular,jul,mon,466,7,999,0,nonexistent,3.4,95.418,-50.7,6.162,4928.1
61,admin.,married,basic.4y,unknown,yes,no,cellular,nov,tue,1139,6,999,0,success,3.1,95.494,-44.4,6.056,4891.0
43,blue-collar,married,basic.9y,no,yes,no,cellular,jul,mon,525,7,999,0,nonexistent,3.4,95.418,-50.7,6.16,4928.1
51,admin.,married,high.school,no,no,no,cellular,nov,tue,422,5,999,0,success,0.19999999999999996,94.343,-58.0,2.9989999999999997,4799.1
49,admin.,married,high.school,no,no,yes,cellular,sep,wed,505,6,999,0,success,0.8999999999999999,95.699,-45.5,2.076,4663.6
68,admin.,married,university.degree,no,no,yes,cellular,nov,wed,374,7,6,1,success,0.19999999999999996,94.393,-54.2,2.4699999999999998,4799.1
67,admin.,divorced,professional.course,no,yes,no,cellular,nov,tue,142,14,999,0,success,3.4,94.944,-44.1,6.163,4928.1
47,admin.,single,university.degree,no,yes,no,cellular,nov,fri,419,7,999,0,nonexistent,3.4,94.944,-44.1,6.166,4928.1
44,admin.,single,university.degree,no,yes,no,cellular,nov,fri,1204,11,999,0,success,3.4,94.944,-44.1,6.164000000000001,4928.1
48,admin.,married,basic.9y,no,yes,yes,cellular,nov,mon,289,5,999,0,success,1.9,94.7,-50.0,5.391,4895.8
39,admin.,single,basic.4y,no,yes,no,cellular,nov,tue,367,5,999,0,success,0.19999999999999996,94.393,-54.2,2.4909999999999997,4799.1
52,admin.,single,unknown,no,no,no,cellular,nov,tue,253,17,999,0,nonexistent,3.4,95.418,-50.7,6.1610000000000005,4928.1
57,admin.,married,university.degree,unknown,yes,no,telephone,nov,wed,305,8,999,0,success,3.1,95.494,-44.4,6.056,4891.0
49,admin.,divorced,professional.course,no,yes,no,cellular,nov,fri,133,10,999,1,success,0.19999999999999996,94.393,-54.2,2.45,4799.1
62,admin.,single,basic.6y,unknown,no,yes,cellular,nov,fri,673,5,999,0,success,0.19999999999999996,94.393,-54.2,2.513,4799.1
60,admin.,married,university.degree,no,no,no,cellular,jul,wed,469,5,13,1,success,-0.8999999999999999,93.969,-41.6,2.229,4776.2
56,admin.,single,basic.9y,no,no,no,cellular,nov,fri,471,5,999,0,success,0.19999999999999996,94.393,-54.2,2.45,4799.1
48,admin.,married,university.degree,no,no,no,cellular,nov,thu,280,8,999,0,success,3.4,95.418,-50.7,6.168,4928.1
70,admin.,divorced,high.school,unknown,yes,no,cellular,nov,tue,467,5,999,0,success,3.1,95.494,-44.4,6.057,4891.0
44,technician,single,university.degree,no,yes,no,telephone,aug,thu,527,7,999,0,success,3.4,94.944,-44.1,6.164000000000001,4928.1
44,admin.,single,high.school,no,no,no,cellular,nov,thu,368,5,999,0,success,0.19999999999999996,94.393,-54.2,2.466,4799.1
50,admin.,married,basic.6y,unknown,yes,no,cellular,nov,fri,1463,6,999,0,success,0.19999999999999996,94.393,-54.2,2.513,4799.1
55,admin.,divorced,high.school,no,yes,no,cellular,may,thu,341,5,999,0,nonexistent,0.19999999999999996,94.393,-54.2,2.466,4799.1
48,admin.,married,professional.course,no,yes,yes,cellular,nov,tue,318,9,999,0,success,3.4,95.418,-50.7,6.1610000000000005,4928.1
44,admin.,single,university.degree,unknown,yes,no,cellular,nov,tue,404,9,999,0,success,3.4,94.944,-44.1,6.163,4928.1
51,admin.,divorced,high.school,no,no,no,cellular,nov,mon,379,11,999,0,nonexistent,3.1,95.494,-44.4,6.057,4891.0
48,technician,married,professional.course,no,no,no,cellular,nov,mon,516,8,999,0,nonexistent,3.4,95.965,-49.8,6.1610000000000005,4928.1
45,admin.,single,basic.9y,no,no,yes,telephone,oct,mon,129,5,999,0,success,0.8999999999999999,96.101,-57.5,2.153,4663.6
59,admin.,married,high.school,unknown,yes,no,cellular,jul,mon,872,5,999,0,success,3.4,95.418,-50.7,6.162,4928.1
68,admin.,married,high.school,unknown,no,no,cellular,nov,wed,568,6,999,0,success,3.1,95.494,-44.4,6.057,4891.0
46,blue-collar,married,basic.9y,no,yes,yes,cellular,nov,mon,583,6,999,0,success,1.9,94.7,-50.0,5.391,4895.8
43,admin.,single,university.degree,no,yes,no,cellular,nov,thu,678,6,999,0,success,3.4,95.418,-50.7,6.163,4928.1
67,admin.,married,basic.9y,unknown,yes,no,cellular,may,mon,482,6,999,0,success,0.19999999999999996,94.393,-54.2,2.444,4799.1
39,admin.,single,high.school,no,no,no,cellular,nov,mon,296,5,999,0,success,3.4,95.418,-50.7,6.16,4928.1
53,admin.,single,basic.9y,unknown,yes,no,cellular,nov,thu,1870,6,999,0,success,1.9,94.7,-50.0,5.276,4895.8
45,admin.,married,university.degree,no,yes,no,cellular,nov,thu,386,24,999,0,success,3.4,95.418,-50.7,6.163,4928.1
57,admin.,married,university.degree,no,yes,no,cellular,nov,thu,2078,18,999,0,success,3.4,95.418,-50.7,6.168,4928.1
49,admin.,single,university.degree,no,no,no,cellular,nov,mon,392,5,999,1,success,-0.8999999999999999,94.463,-48.8,2.466,4776.2
64,admin.,divorced,basic.4y,unknown,no,no,cellular,nov,wed,340,9,999,0,nonexistent,3.4,95.965,-49.8,6.159,4928.1
48,admin.,married,unknown,unknown,yes,no,cellular,nov,tue,532,6,999,0,success,3.4,94.944,-44.1,6.168,4928.1
68,admin.,divorced,university.degree,no,no,no,cellular,nov,thu,4595,5,999,0,success,0.19999999999999996,94.869,-42.8,1.854,4708.7
67,admin.,married,basic.6y,no,yes,no,cellular,nov,tue,322,5,999,0,success,3.4,94.944,-44.1,6.166,4928.1
44,admin.,married,professional.course,no,yes,no,cellular,nov,thu,1857,6,999,0,success,3.4,94.944,-44.1,6.162,4928.1
69,admin.,married,university.degree,no,no,no,cellular,nov,tue,334,7,999,0,nonexistent,3.4,94.944,-44.1,6.165,4928.1
72,admin.,divorced,professional.course,no,yes,yes,cellular,jul,thu,543,5,999,0,success,3.4,95.418,-50.7,6.163,4928.1
51,admin.,married,high.school,no,yes,no,telephone,nov,wed,404,6,999,0,nonexistent,3.4,95.965,-49.8,6.159,4928.1
46,admin.,single,professional.course,no,unknown,unknown,cellular,aug,mon,484,11,999,0,nonexistent,3.4,94.944,-44.1,6.163,4928.1
48,admin.,married,basic.9y,no,yes,no,cellular,jun,thu,320,12,999,0,success,3.4,95.965,-49.8,6.158,4928.1
55,unemployed,divorced,university.degree,no,yes,no,cellular,nov,wed,152,5,999,0,success,3.4,95.418,-50.7,6.163,4928.1
49,admin.,married,university.degree,no,yes,yes,telephone,nov,mon,597,7,999,0,success,3.4,95.965,-49.8,6.16,4928.1
65,admin.,single,unknown,no,no,yes,cellular,nov,tue,1051,5,999,0,success,3.4,95.965,-49.8,6.064,4928.1
44,admin.,single,university.degree,no,no,no,telephone,jun,tue,1274,10,999,0,success,3.4,95.965,-49.8,6.1610000000000005,4928.1
75,admin.,divorced,university.degree,no,no,no,cellular,nov,tue,269,5,3,1,success,-1.4,93.879,-37.8,1.955,4717.5
54,services,married,university.degree,no,no,no,cellular,apr,thu,547,5,999,0,success,0.19999999999999996,94.575,-55.1,2.565,4799.1
58,admin.,divorced,professional.course,no,yes,no,telephone,may,thu,467,9,999,0,success,3.1,95.494,-44.4,6.0600000000000005,4891.0
51,admin.,married,basic.6y,no,yes,no,cellular,nov,wed,223,5,999,0,success,3.1,95.494,-44.4,6.059,4891.0
70,admin.,divorced,high.school,no,unknown,unknown,cellular,nov,fri,620,6,999,0,success,0.19999999999999996,94.575,-55.1,2.605,4799.1
61,services,married,high.school,no,yes,no,cellular,nov,mon,1859,7,999,0,success,1.9,94.7,-50.0,5.391,4895.8
64,admin.,married,basic.6y,no,yes,no,cellular,nov,fri,514,6,999,0,success,0.19999999999999996,94.575,-55.1,2.6790000000000003,4799.1
44,services,single,high.school,no,yes,no,cellular,nov,fri,197,5,999,0,success,1.9,94.7,-50.0,5.221,4895.8
50,admin.,divorced,high.school,no,yes,no,cellular,nov,mon,188,5,999,0,success,1.9,94.7,-50.0,5.391,4895.8
49,admin.,married,professional.course,no,yes,no,cellular,nov,mon,498,6,999,0,success,3.1,95.494,-44.4,6.058,4891.0
71,admin.,divorced,high.school,unknown,yes,no,cellular,nov,fri,316,5,999,1,success,1.9,94.7,-50.0,5.221,4895.8
44,blue-collar,divorced,high.school,no,no,no,cellular,may,fri,478,6,999,1,success,0.19999999999999996,94.393,-54.2,2.45,4799.1
51,admin.,divorced,high.school,no,yes,no,cellular,nov,wed,464,5,999,1,success,0.19999999999999996,94.393,-54.2,2.481,4799.1
56,admin.,married,university.degree,no,yes,yes,cellular,jun,fri,277,5,999,0,success,3.4,95.965,-49.8,6.159,4928.1
58,blue-collar,married,high.school,unknown,yes,no,cellular,nov,mon,561,5,999,0,success,3.4,95.418,-50.7,6.16,4928.1
62,admin.,married,high.school,no,yes,no,cellular,nov,fri,653,5,999,1,success,0.19999999999999996,95.249,-42.6,1.845,4708.7
48,admin.,single,high.school,no,yes,no,cellular,may,thu,907,6,999,0,success,0.19999999999999996,94.393,-54.2,2.466,4799.1
59,admin.,married,basic.9y,no,no,yes,cellular,nov,mon,372,9,999,0,success,3.4,94.944,-44.1,6.165,4928.1
49,admin.,single,university.degree,no,no,yes,cellular,nov,tue,545,5,999,0,nonexistent,0.19999999999999996,94.869,-42.8,1.8519999999999999,4708.7
52,admin.,single,university.degree,no,no,no,cellular,nov,mon,1481,7,999,0,success,3.4,95.418,-50.7,6.16,4928.1
72,retired,married,basic.4y,unknown,yes,no,telephone,nov,mon,401,5,999,0,success,3.1,95.494,-44.4,6.058,4891.0
50,management,married,university.degree,no,yes,no,cellular,nov,thu,314,8,999,0,success,3.4,94.944,-44.1,6.162,4928.1
68,admin.,divorced,basic.9y,no,no,no,cellular,nov,fri,228,5,999,0,success,3.4,95.965,-49.8,6.159,4928.1
62,admin.,married,basic.4y,unknown,yes,no,cellular,nov,tue,406,6,999,0,nonexistent,3.4,95.418,-50.7,6.1610000000000005,4928.1
43,admin.,single,professional.course,no,no,no,cellular,nov,mon,658,6,999,0,nonexistent,0.19999999999999996,94.393,-54.2,2.4989999999999997,4799.1
48,admin.,single,basic.4y,no,yes,no,cellular,nov,tue,599,6,999,1,success,0.19999999999999996,94.393,-54.2,2.4909999999999997,4799.1
47,admin.,married,university.degree,no,yes,no,cellular,nov,thu,250,5,999,0,nonexistent,3.4,95.418,-50.7,6.158,4928.1
40,admin.,divorced,professional.course,no,no,no,cellular,nov,mon,406,5,999,0,success,3.4,95.418,-50.7,6.16,4928.1
52,admin.,single,basic.9y,no,yes,no,cellular,may,fri,250,5,999,1,success,0.19999999999999996,94.393,-54.2,2.513,4799.1
46,admin.,single,high.school,unknown,yes,no,cellular,nov,tue,268,7,999,0,success,3.4,94.944,-44.1,6.163,4928.1
47,management,single,basic.4y,no,no,no,telephone,nov,mon,251,11,999,0,success,3.1,95.494,-44.4,6.058,4891.0
53,admin.,married,basic.4y,no,yes,no,cellular,nov,wed,165,45,999,0,success,3.4,95.965,-49.8,6.162,4928.1
56,admin.,married,professional.course,unknown,yes,no,cellular,apr,fri,572,5,999,0,success,0.19999999999999996,94.575,-55.1,2.605,4799.1
66,admin.,married,high.school,unknown,no,no,cellular,nov,wed,440,7,999,0,success,1.9,94.7,-50.0,5.32,4895.8
53,admin.,married,university.degree,unknown,no,no,telephone,jun,wed,185,8,999,0,nonexistent,3.4,95.965,-49.8,6.064,4928.1
63,admin.,married,high.school,no,yes,no,cellular,aug,thu,232,5,999,0,success,3.4,94.944,-44.1,6.163,4928.1
47,admin.,married,professional.course,no,yes,no,cellular,nov,thu,588,5,999,0,success,0.19999999999999996,94.393,-54.2,2.466,4799.1
46,admin.,married,professional.course,no,yes,no,cellular,aug,mon,210,14,999,0,nonexistent,3.4,94.944,-44.1,6.165,4928.1
49,admin.,single,professional.course,no,yes,no,cellular,nov,fri,138,11,999,1,success,0.19999999999999996,94.393,-54.2,2.45,4799.1
70,admin.,divorced,university.degree,no,yes,yes,cellular,may,mon,275,11,999,0,success,3.1,95.494,-44.4,6.058,4891.0
60,admin.,married,basic.4y,unknown,yes,no,cellular,may,thu,520,15,999,0,success,3.1,95.494,-44.4,6.0600000000000005,4891.0
51,admin.,married,high.school,no,yes,no,cellular,aug,mon,241,5,999,0,success,3.4,94.944,-44.1,6.165,4928.1
46,admin.,single,basic.9y,no,no,no,cellular,nov,fri,1880,5,999,0,success,3.4,95.418,-50.7,6.157,4928.1
59,blue-collar,married,basic.6y,no,no,no,cellular,nov,mon,241,6,999,0,success,3.4,94.944,-44.1,6.165,4928.1
73,admin.,married,basic.4y,no,yes,no,cellular,nov,wed,1508,5,3,1,success,0.30000000000000004,95.527,-46.3,2.1,4691.6
52,admin.,married,high.school,no,no,no,cellular,nov,wed,946,6,999,2,success,-1.4,94.149,-38.1,1.915,4717.5
74,admin.,single,basic.6y,no,no,no,cellular,nov,thu,275,5,999,2,failure,-1.4,93.931,-34.9,1.954,4717.5
60,admin.,married,unknown,no,no,no,cellular,nov,tue,262,5,999,0,nonexistent,3.1,95.494,-44.4,6.056,4891.0
54,admin.,married,unknown,unknown,yes,yes,cellular,nov,wed,2282,10,999,0,success,3.4,95.418,-50.7,6.163,4928.1
44,admin.,married,basic.6y,no,no,yes,cellular,nov,wed,797,7,999,0,nonexistent,3.1,95.494,-44.4,6.057,4891.0
100,admin.,divorced,unknown,unknown,no,no,cellular,nov,wed,849,7,999,1,failure,0.19999999999999996,95.376,-48.0,1.8969999999999998,4708.7
68,admin.,married,unknown,no,no,no,cellular,nov,mon,311,6,999,0,nonexistent,3.4,94.944,-44.1,6.165,4928.1
49,admin.,married,basic.9y,no,no,no,cellular,nov,tue,889,5,999,0,success,3.1,95.494,-44.4,6.057,4891.0
54,admin.,married,professional.course,no,yes,no,cellular,nov,thu,241,5,999,0,success,0.19999999999999996,94.575,-55.1,2.565,4799.1
67,admin.,married,university.degree,no,no,no,cellular,nov,thu,500,5,3,4,success,0.19999999999999996,95.376,-48.0,1.877,4708.7
73,admin.,married,university.degree,no,yes,no,cellular,nov,thu,1117,6,999,0,nonexistent,1.9,94.7,-50.0,5.276,4895.8
71,admin.,married,basic.6y,no,yes,yes,cellular,apr,mon,521,5,999,0,success,0.19999999999999996,94.575,-55.1,2.605,4799.1
56,admin.,married,basic.9y,no,no,no,cellular,nov,fri,781,7,999,1,failure,0.19999999999999996,94.575,-55.1,2.605,4799.1
57,admin.,married,university.degree,no,yes,no,cellular,nov,mon,534,10,999,0,success,0.19999999999999996,94.393,-54.2,2.5540000000000003,4799.1
58,admin.,single,high.school,no,no,no,cellular,nov,tue,2491,8,999,0,success,3.4,95.418,-50.7,6.1610000000000005,4928.1
45,admin.,single,basic.9y,unknown,yes,no,cellular,nov,thu,248,6,999,0,success,1.9,94.7,-50.0,5.276,4895.8
63,admin.,divorced,university.degree,no,yes,no,cellular,nov,thu,340,10,999,0,nonexistent,3.4,94.944,-44.1,6.162,4928.1
74,admin.,married,basic.4y,no,no,no,cellular,nov,mon,2635,7,999,1,success,0.19999999999999996,95.249,-42.6,1.842,4708.7
42,admin.,single,university.degree,no,yes,no,cellular,nov,thu,574,5,999,0,success,3.4,95.418,-50.7,6.163,4928.1
65,admin.,married,basic.9y,no,yes,yes,cellular,nov,mon,755,5,999,0,nonexistent,3.1,95.494,-44.4,6.057,4891.0
70,admin.,divorced,university.degree,no,yes,no,cellular,nov,wed,327,6,999,0,success,3.1,95.494,-44.4,6.058,4891.0
50,admin.,single,professional.course,no,yes,no,cellular,nov,thu,426,6,999,0,success,3.1,95.494,-44.4,6.055000000000001,4891.0
60,admin.,divorced,high.school,no,no,yes,cellular,aug,mon,260,5,999,0,success,3.4,94.944,-44.1,6.17,4928.1
36,admin.,single,high.school,no,yes,no,cellular,nov,tue,593,7,9,2,success,0.30000000000000004,95.527,-46.3,2.099,4691.6
65,admin.,married,high.school,no,yes,no,cellular,nov,wed,1447,6,999,0,success,3.4,94.944,-44.1,6.165,4928.1
40,admin.,single,high.school,no,yes,no,telephone,nov,mon,210,5,999,0,success,3.1,95.494,-44.4,6.057,4891.0
43,admin.,single,high.school,no,no,no,telephone,nov,thu,367,6,999,0,success,3.1,95.494,-44.4,6.055000000000001,4891.0
44,admin.,divorced,basic.9y,no,yes,no,cellular,nov,thu,1193,5,999,0,success,3.1,95.494,-44.4,6.0600000000000005,4891.0
61,admin.,married,basic.9y,no,yes,no,cellular,nov,wed,343,5,999,0,success,3.4,94.944,-44.1,6.167,4928.1
70,admin.,married,basic.4y,no,no,yes,cellular,nov,wed,235,5,999,0,success,3.4,94.944,-44.1,6.164000000000001,4928.1
46,admin.,married,professional.course,no,no,no,telephone,nov,wed,637,7,999,0,nonexistent,3.1,95.494,-44.4,6.058,4891.0
54,admin.,single,basic.9y,no,yes,yes,cellular,nov,mon,260,7,3,1,success,0.19999999999999996,94.393,-54.2,2.5540000000000003,4799.1
55,services,married,high.school,no,yes,yes,cellular,nov,wed,572,7,999,0,nonexistent,3.4,95.418,-50.7,6.163,4928.1
56,admin.,married,basic.4y,no,yes,no,cellular,nov,thu,358,7,999,0,nonexistent,1.9,94.7,-50.0,5.276,4895.8
54,admin.,single,university.degree,no,no,no,cellular,jul,wed,284,11,999,0,success,3.4,95.418,-50.7,6.163,4928.1
61,admin.,single,university.degree,no,yes,no,cellular,nov,mon,1562,9,999,1,success,0.19999999999999996,94.393,-54.2,2.444,4799.1
60,admin.,married,university.degree,no,no,no,cellular,nov,tue,494,6,999,0,success,-1.4,94.149,-38.1,1.915,4717.5
51,admin.,single,high.school,no,no,no,cellular,nov,tue,586,5,999,0,success,3.4,95.418,-50.7,6.1610000000000005,4928.1
51,services,married,basic.6y,no,yes,no,telephone,nov,thu,235,5,999,0,success,3.1,95.494,-44.4,6.055000000000001,4891.0
74,admin.,divorced,basic.4y,no,yes,no,telephone,nov,wed,322,7,999,0,success,3.1,95.494,-44.4,6.056,4891.0
61,admin.,married,basic.9y,no,yes,no,cellular,nov,fri,329,10,999,0,success,3.1,95.494,-44.4,6.064,4891.0
42,admin.,single,professional.course,no,no,no,cellular,nov,tue,601,5,999,0,success,0.19999999999999996,94.393,-54.2,2.4909999999999997,4799.1
49,admin.,single,university.degree,no,yes,no,cellular,nov,wed,368,5,999,0,success,3.4,95.418,-50.7,6.162,4928.1
65,admin.,married,professional.course,no,no,no,cellular,may,tue,314,5,999,0,success,3.1,95.494,-44.4,6.056,4891.0
65,blue-collar,married,basic.9y,unknown,no,yes,cellular,nov,tue,332,6,999,1,success,0.19999999999999996,94.393,-54.2,2.4909999999999997,4799.1
65,admin.,married,university.degree,no,yes,no,cellular,oct,thu,669,6,4,1,success,-1.4,93.931,-34.9,1.954,4717.5
64,technician,divorced,unknown,no,no,no,cellular,nov,thu,547,5,999,2,success,-1.4,93.931,-34.9,1.954,4717.5
43,admin.,single,basic.9y,no,yes,yes,cellular,nov,thu,719,6,999,0,success,0.19999999999999996,94.575,-55.1,2.606,4799.1
50,admin.,single,university.degree,no,unknown,unknown,cellular,nov,tue,241,6,999,1,success,-0.8999999999999999,94.463,-48.8,2.4859999999999998,4776.2
47,blue-collar,married,basic.6y,unknown,no,yes,cellular,nov,fri,464,6,999,0,success,3.4,95.418,-50.7,6.159,4928.1
40,admin.,married,basic.6y,no,no,no,cellular,jul,wed,466,6,999,0,success,3.4,95.418,-50.7,6.157,4928.1
51,admin.,single,high.school,no,yes,no,cellular,nov,fri,406,5,3,2,success,-0.8999999999999999,93.701,-39.4,2.049,4776.2
66,admin.,married,basic.4y,no,no,no,cellular,nov,wed,381,5,999,0,nonexistent,3.4,95.418,-50.7,6.162,4928.1
46,admin.,single,university.degree,no,yes,no,cellular,nov,fri,284,5,999,1,success,-1.4,93.931,-34.9,1.93,4717.5
53,admin.,married,professional.course,no,no,no,cellular,may,tue,302,5,999,0,success,3.1,95.494,-44.4,6.056,4891.0
61,admin.,single,high.school,no,yes,no,telephone,nov,tue,739,5,999,0,success,3.1,95.494,-44.4,6.057,4891.0
57,admin.,married,unknown,no,no,no,cellular,may,tue,518,5,999,0,nonexistent,3.1,95.494,-44.4,6.057,4891.0
42,admin.,married,university.degree,no,no,no,cellular,apr,mon,217,5,999,0,nonexistent,0.19999999999999996,94.575,-55.1,2.5919999999999996,4799.1
58,services,divorced,basic.6y,no,yes,no,cellular,nov,wed,192,7,999,0,success,-0.8999999999999999,93.701,-39.4,2.084,4776.2
72,retired,married,basic.4y,unknown,no,no,cellular,aug,wed,453,6,999,0,success,3.4,94.944,-44.1,6.167,4928.1
74,admin.,married,professional.course,unknown,yes,no,cellular,jun,wed,226,12,999,0,success,3.4,95.965,-49.8,6.159,4928.1
61,admin.,married,basic.4y,no,yes,no,cellular,nov,wed,869,6,999,0,success,1.9,94.7,-50.0,5.32,4895.8
47,admin.,single,university.degree,no,yes,yes,cellular,nov,wed,208,6,999,1,success,-0.8999999999999999,94.463,-48.8,2.444,4776.2
72,admin.,married,basic.9y,unknown,yes,no,cellular,nov,fri,453,8,999,0,nonexistent,3.4,95.965,-49.8,6.159,4928.1
73,admin.,married,basic.4y,unknown,no,yes,telephone,nov,wed,336,6,999,0,success,3.1,95.494,-44.4,6.056,4891.0
45,admin.,single,university.degree,no,yes,no,cellular,nov,tue,638,5,999,0,success,1.9,94.7,-50.0,5.353,4895.8
44,admin.,single,university.degree,no,yes,yes,cellular,nov,wed,599,6,999,0,success,3.1,95.494,-44.4,6.059,4891.0
54,services,married,high.school,unknown,yes,no,cellular,nov,fri,277,5,999,0,success,0.19999999999999996,94.575,-55.1,2.605,4799.1
56,admin.,married,basic.4y,unknown,yes,no,cellular,nov,fri,469,6,999,0,success,0.19999999999999996,94.575,-55.1,2.605,4799.1
65,admin.,single,high.school,no,no,no,cellular,nov,wed,266,5,999,0,success,3.4,95.418,-50.7,6.163,4928.1
43,admin.,married,high.school,no,no,no,cellular,nov,wed,487,5,999,0,success,0.19999999999999996,94.393,-54.2,2.534,4799.1
69,self-employed,married,basic.9y,no,yes,no,cellular,nov,tue,370,8,999,1,success,1.9,94.7,-50.0,5.353,4895.8
48,admin.,married,high.school,no,no,no,cellular,nov,mon,689,7,999,0,success,3.1,95.494,-44.4,6.057,4891.0
54,admin.,married,university.degree,no,yes,yes,cellular,nov,mon,329,6,999,0,nonexistent,3.4,94.944,-44.1,6.165,4928.1
65,housemaid,married,basic.9y,no,yes,no,cellular,nov,mon,347,6,999,1,success,0.19999999999999996,94.393,-54.2,2.444,4799.1
48,admin.,married,basic.9y,unknown,no,no,cellular,nov,tue,415,11,999,0,success,3.4,95.965,-49.8,6.064,4928.1
49,entrepreneur,married,basic.4y,no,yes,no,cellular,may,fri,539,5,999,0,success,3.1,95.494,-44.4,6.064,4891.0
49,admin.,married,professional.course,no,yes,no,cellular,nov,wed,916,6,8,1,success,-1.4,93.931,-34.9,1.935,4717.5
46,admin.,single,university.degree,no,no,no,cellular,nov,tue,284,6,999,0,success,3.4,95.965,-49.8,6.1610000000000005,4928.1
56,admin.,married,basic.9y,no,yes,yes,cellular,nov,tue,525,6,999,0,nonexistent,0.19999999999999996,94.393,-54.2,2.4909999999999997,4799.1
64,admin.,married,basic.4y,unknown,yes,yes,cellular,nov,tue,520,6,999,0,nonexistent,3.1,95.494,-44.4,6.056,4891.0
72,admin.,married,professional.course,no,yes,no,cellular,nov,wed,408,7,999,0,success,3.4,94.944,-44.1,6.164000000000001,4928.1
60,admin.,divorced,university.degree,no,no,no,cellular,nov,tue,523,5,999,0,success,-0.8999999999999999,94.463,-48.8,2.299,4776.2
49,admin.,married,university.degree,no,yes,no,cellular,nov,tue,1137,6,999,0,success,0.19999999999999996,94.575,-55.1,2.623,4799.1
42,admin.,single,unknown,no,yes,no,cellular,nov,tue,305,8,999,0,success,-0.8999999999999999,94.463,-48.8,2.4859999999999998,4776.2
69,admin.,married,basic.4y,unknown,no,yes,telephone,nov,thu,314,5,999,0,success,3.1,95.494,-44.4,6.055000000000001,4891.0
42,admin.,single,university.degree,no,no,no,cellular,nov,tue,608,5,999,0,nonexistent,-0.8999999999999999,94.463,-48.8,2.4619999999999997,4776.2
54,admin.,married,university.degree,no,yes,no,cellular,nov,mon,1403,6,999,0,success,0.30000000000000004,95.555,-47.8,1.92,4691.6
52,admin.,single,professional.course,no,yes,no,cellular,aug,thu,154,16,999,0,success,3.4,94.944,-44.1,6.162,4928.1
46,admin.,single,university.degree,no,yes,no,cellular,nov,wed,847,5,2,5,success,0.8999999999999999,96.267,-58.8,2.248,4663.6
54,admin.,single,university.degree,no,yes,no,cellular,mar,mon,532,5,999,1,success,0.19999999999999996,94.869,-42.8,1.855,4708.7
53,admin.,married,professional.course,unknown,yes,no,cellular,nov,tue,361,5,999,0,success,3.4,94.944,-44.1,6.163,4928.1
44,admin.,single,university.degree,no,no,no,cellular,nov,wed,1691,6,999,0,nonexistent,3.4,95.418,-50.7,6.157,4928.1
40,admin.,married,high.school,unknown,no,no,cellular,nov,fri,280,5,999,0,success,3.1,95.494,-44.4,6.057,4891.0
48,technician,married,professional.course,no,no,yes,cellular,nov,thu,1321,5,999,0,nonexistent,0.19999999999999996,94.575,-55.1,2.61,4799.1
59,admin.,married,basic.4y,unknown,no,no,cellular,nov,wed,2953,6,999,0,nonexistent,3.1,95.494,-44.4,6.056,4891.0
43,admin.,married,professional.course,no,no,no,cellular,aug,fri,372,15,999,0,success,-0.8999999999999999,93.701,-39.4,2.069,4776.2
47,admin.,single,professional.course,no,no,no,cellular,nov,thu,293,5,999,0,nonexistent,3.4,95.418,-50.7,6.163,4928.1
46,admin.,single,university.degree,no,yes,yes,cellular,nov,thu,518,5,999,0,success,3.4,95.418,-50.7,6.163,4928.1
67,admin.,married,university.degree,no,no,yes,cellular,nov,thu,831,7,999,0,success,0.19999999999999996,95.249,-42.6,1.859,4708.7
43,admin.,single,high.school,no,no,no,telephone,nov,tue,851,7,999,0,success,3.4,95.965,-49.8,6.1610000000000005,4928.1
59,admin.,married,university.degree,no,yes,no,cellular,nov,tue,577,5,999,0,success,3.1,95.494,-44.4,6.056,4891.0
46,admin.,single,high.school,no,yes,no,cellular,nov,thu,390,5,999,1,success,0.19999999999999996,94.393,-54.2,2.466,4799.1
57,admin.,married,high.school,unknown,no,no,cellular,nov,wed,583,6,999,0,success,3.4,95.965,-49.8,6.162,4928.1
46,admin.,single,university.degree,no,yes,no,cellular,nov,thu,277,10,999,0,success,3.4,94.944,-44.1,6.162,4928.1
51,admin.,married,high.school,no,yes,no,cellular,nov,mon,206,6,999,0,nonexistent,1.9,94.7,-50.0,5.391,4895.8
42,admin.,single,professional.course,no,no,no,cellular,nov,mon,716,6,999,0,success,3.4,95.418,-50.7,6.162,4928.1
63,admin.,married,high.school,no,no,no,cellular,nov,thu,872,12,999,0,success,3.1,95.494,-44.4,6.0600000000000005,4891.0
53,admin.,married,high.school,unknown,yes,no,cellular,nov,mon,597,13,999,0,nonexistent,3.1,95.494,-44.4,6.057,4891.0
64,admin.,married,high.school,unknown,no,no,cellular,aug,tue,554,5,999,0,success,3.4,94.944,-44.1,6.168,4928.1
53,admin.,married,professional.course,no,no,no,cellular,may,wed,397,6,999,0,success,3.1,95.494,-44.4,6.058,4891.0
77,admin.,married,university.degree,no,yes,yes,telephone,nov,thu,415,8,999,0,success,0.19999999999999996,94.575,-55.1,2.606,4799.1
53,admin.,single,university.degree,no,yes,no,cellular,nov,mon,615,5,999,0,success,0.19999999999999996,94.575,-55.1,2.605,4799.1
50,admin.,single,basic.4y,unknown,no,no,cellular,nov,mon,291,7,999,0,success,3.1,95.494,-44.4,6.057,4891.0
65,admin.,married,university.degree,no,no,no,telephone,nov,mon,620,9,6,1,success,0.30000000000000004,95.555,-47.8,1.92,4691.6
69,admin.,single,university.degree,unknown,no,no,cellular,nov,thu,512,6,999,0,success,3.4,94.944,-44.1,6.168,4928.1
64,admin.,married,basic.4y,no,yes,no,cellular,nov,tue,359,6,999,0,success,-1.4,93.879,-37.8,1.97,4717.5
46,admin.,married,basic.6y,unknown,unknown,unknown,cellular,nov,wed,241,9,999,0,success,3.1,95.494,-44.4,6.058,4891.0
60,admin.,divorced,professional.course,no,yes,no,cellular,aug,mon,129,5,999,1,success,0.30000000000000004,95.527,-46.3,2.091,4691.6
46,admin.,single,basic.9y,no,no,no,cellular,nov,wed,946,8,999,0,success,0.19999999999999996,94.393,-54.2,2.534,4799.1
64,admin.,divorced,basic.9y,no,yes,no,cellular,may,fri,889,6,999,0,success,0.19999999999999996,94.393,-54.2,2.45,4799.1
45,admin.,married,high.school,no,yes,no,telephone,nov,thu,905,5,999,0,nonexistent,3.4,95.965,-49.8,6.158,4928.1
45,technician,single,professional.course,no,no,no,cellular,nov,fri,1036,5,999,0,nonexistent,3.1,95.494,-44.4,6.057,4891.0
61,technician,married,professional.course,unknown,yes,no,cellular,nov,thu,244,6,999,0,success,3.4,95.965,-49.8,6.066,4928.1
68,admin.,married,university.degree,no,yes,no,cellular,nov,tue,376,5,999,0,success,0.19999999999999996,94.575,-55.1,2.605,4799.1
60,admin.,married,basic.4y,no,yes,no,cellular,nov,wed,379,5,999,0,success,3.1,95.494,-44.4,6.059,4891.0
68,admin.,married,basic.4y,unknown,no,no,cellular,nov,tue,448,6,999,0,success,3.1,95.494,-44.4,6.056,4891.0
64,blue-collar,divorced,unknown,unknown,no,no,cellular,nov,wed,579,6,999,0,success,3.4,95.418,-50.7,6.157,4928.1
49,admin.,divorced,university.degree,no,no,no,telephone,nov,wed,233,6,999,0,success,3.1,95.494,-44.4,6.057,4891.0
73,admin.,married,university.degree,unknown,no,no,cellular,nov,fri,318,6,999,1,success,1.9,94.7,-50.0,5.221,4895.8
47,admin.,single,university.degree,no,yes,yes,cellular,nov,fri,440,5,999,0,success,3.1,95.494,-44.4,6.055000000000001,4891.0
52,admin.,single,university.degree,no,yes,no,cellular,nov,thu,287,12,999,0,success,3.4,95.965,-49.8,6.158,4928.1
65,management,divorced,university.degree,no,no,no,cellular,nov,mon,354,11,999,0,nonexistent,3.4,95.418,-50.7,6.162,4928.1
46,admin.,single,basic.9y,no,no,no,cellular,nov,fri,734,5,999,0,success,3.1,95.494,-44.4,6.055000000000001,4891.0
57,admin.,married,professional.course,no,yes,no,cellular,nov,thu,1583,5,999,0,success,3.1,95.494,-44.4,6.055000000000001,4891.0
57,management,married,high.school,no,yes,yes,cellular,nov,thu,415,7,999,1,success,1.9,94.7,-50.0,5.276,4895.8
41,admin.,single,high.school,unknown,yes,no,cellular,jul,thu,593,10,999,0,nonexistent,3.4,95.418,-50.7,6.158,4928.1
49,admin.,single,university.degree,unknown,no,no,cellular,nov,mon,2147,7,999,0,success,3.4,94.944,-44.1,6.163,4928.1
44,admin.,single,university.degree,no,yes,no,cellular,nov,fri,138,31,999,0,success,3.4,95.965,-49.8,6.159,4928.1
57,admin.,divorced,university.degree,no,no,no,telephone,nov,fri,167,8,999,0,success,3.4,95.965,-49.8,6.159,4928.1
73,admin.,married,basic.4y,no,no,yes,cellular,nov,tue,415,6,999,1,success,1.9,94.7,-50.0,5.353,4895.8
73,admin.,married,basic.4y,no,no,no,cellular,nov,tue,422,9,999,0,nonexistent,3.4,94.944,-44.1,6.166,4928.1
41,admin.,married,high.school,no,yes,no,cellular,nov,mon,509,5,999,0,success,0.19999999999999996,94.575,-55.1,2.666,4799.1
60,admin.,divorced,basic.4y,no,no,yes,cellular,nov,wed,869,5,999,0,success,-0.8999999999999999,93.701,-39.4,2.084,4776.2
44,admin.,single,university.degree,no,yes,no,cellular,nov,tue,282,5,999,1,success,0.19999999999999996,94.393,-54.2,2.544,4799.1
56,management,married,unknown,unknown,yes,no,cellular,may,wed,246,5,999,0,success,3.1,95.494,-44.4,6.059,4891.0
54,technician,married,high.school,no,yes,no,cellular,nov,thu,2750,8,999,0,success,3.4,95.418,-50.7,6.168,4928.1
51,admin.,married,basic.4y,no,no,no,cellular,nov,thu,529,6,999,0,success,0.19999999999999996,94.393,-54.2,2.527,4799.1
52,blue-collar,married,basic.6y,unknown,no,no,cellular,nov,thu,809,7,999,0,success,3.1,95.494,-44.4,6.055000000000001,4891.0
62,admin.,single,basic.4y,unknown,yes,no,cellular,nov,wed,412,5,999,0,nonexistent,3.1,95.494,-44.4,6.056,4891.0
45,admin.,divorced,basic.9y,no,no,yes,cellular,nov,tue,361,5,999,0,success,3.4,95.965,-49.8,6.1610000000000005,4928.1
50,admin.,married,unknown,no,yes,no,cellular,jul,mon,388,8,999,0,success,3.4,95.418,-50.7,6.16,4928.1
50,blue-collar,single,high.school,unknown,yes,no,cellular,jul,wed,228,9,999,0,nonexistent,3.4,95.418,-50.7,6.157,4928.1
51,admin.,married,university.degree,no,yes,no,telephone,nov,tue,604,5,999,0,success,3.4,95.965,-49.8,6.1610000000000005,4928.1
58,admin.,divorced,high.school,no,yes,yes,cellular,nov,mon,480,5,999,0,success,3.4,95.418,-50.7,6.162,4928.1
44,admin.,single,university.degree,no,no,no,cellular,may,wed,536,5,999,0,success,3.1,95.494,-44.4,6.059,4891.0
51,admin.,divorced,high.school,no,yes,no,cellular,nov,mon,271,7,999,0,success,3.1,95.494,-44.4,6.057,4891.0
47,admin.,single,university.degree,no,yes,no,cellular,nov,thu,561,5,999,0,nonexistent,3.4,94.944,-44.1,6.162,4928.1
52,admin.,single,high.school,no,yes,no,cellular,nov,wed,921,5,999,1,success,0.19999999999999996,94.393,-54.2,2.534,4799.1
59,admin.,married,professional.course,unknown,unknown,unknown,cellular,nov,wed,615,7,999,0,nonexistent,3.4,94.944,-44.1,6.167,4928.1
68,admin.,married,high.school,unknown,no,no,cellular,may,tue,147,17,999,0,success,3.1,95.494,-44.4,6.056,4891.0
50,admin.,single,high.school,no,yes,yes,cellular,may,thu,311,5,999,1,success,0.19999999999999996,94.393,-54.2,2.527,4799.1
53,admin.,married,professional.course,unknown,yes,no,cellular,nov,wed,224,7,999,0,success,1.9,94.7,-50.0,5.32,4895.8
63,admin.,married,high.school,no,no,no,cellular,nov,mon,453,6,999,0,success,3.4,95.965,-49.8,6.065,4928.1
53,management,single,university.degree,no,yes,yes,cellular,nov,thu,455,5,999,0,success,1.9,94.7,-50.0,5.276,4895.8
40,admin.,married,university.degree,no,yes,no,cellular,nov,thu,480,5,999,0,success,0.19999999999999996,94.393,-54.2,2.466,4799.1
51,admin.,married,university.degree,no,yes,no,cellular,nov,thu,989,5,0,1,success,0.19999999999999996,94.575,-55.1,2.565,4799.1
43,admin.,single,university.degree,no,yes,no,cellular,nov,fri,194,5,999,0,nonexistent,0.19999999999999996,94.343,-58.0,2.84,4799.1
42,admin.,married,university.degree,no,no,yes,cellular,jul,tue,298,10,999,1,success,-0.8999999999999999,93.969,-41.6,2.108,4776.2
46,unemployed,single,university.degree,no,no,no,cellular,nov,tue,273,6,999,0,success,3.4,94.944,-44.1,6.166,4928.1
59,admin.,single,professional.course,no,no,no,cellular,nov,mon,307,5,999,0,success,0.19999999999999996,94.393,-54.2,2.464,4799.1
78,admin.,married,high.school,no,no,no,cellular,nov,wed,723,5,999,0,success,-1.4,93.931,-34.9,1.94,4717.5
49,admin.,single,university.degree,unknown,no,no,cellular,nov,wed,349,6,999,0,success,3.4,94.944,-44.1,6.165,4928.1
43,admin.,married,basic.9y,no,yes,yes,cellular,nov,thu,316,6,999,0,success,3.4,95.965,-49.8,6.066,4928.1
69,admin.,married,basic.4y,unknown,no,no,cellular,aug,wed,161,10,999,0,success,3.4,94.944,-44.1,6.164000000000001,4928.1
75,admin.,married,high.school,no,no,no,cellular,nov,wed,3072,5,999,0,success,0.8999999999999999,95.699,-45.5,2.076,4663.6
39,admin.,married,high.school,unknown,no,no,cellular,nov,wed,1051,8,999,0,success,3.4,95.418,-50.7,6.163,4928.1
78,admin.,married,basic.4y,no,no,no,cellular,nov,tue,982,5,999,0,success,-0.8999999999999999,93.701,-39.4,2.038,4776.2
53,admin.,married,professional.course,no,no,no,cellular,nov,fri,185,28,999,0,success,3.4,95.965,-49.8,6.167,4928.1
48,admin.,single,university.degree,no,yes,no,cellular,nov,mon,732,5,999,1,success,0.19999999999999996,94.393,-54.2,2.4989999999999997,4799.1
55,admin.,single,high.school,no,no,no,cellular,nov,tue,152,10,999,0,success,0.19999999999999996,94.393,-54.2,2.544,4799.1
49,admin.,single,high.school,no,no,no,cellular,nov,tue,586,6,999,2,failure,0.19999999999999996,94.575,-55.1,2.623,4799.1
45,admin.,unknown,university.degree,no,no,no,cellular,nov,fri,356,6,16,1,success,0.8999999999999999,96.101,-57.5,2.142,4663.6
63,admin.,married,professional.course,no,yes,no,cellular,nov,thu,313,6,999,0,success,3.4,94.944,-44.1,6.168,4928.1
64,admin.,single,unknown,unknown,yes,no,cellular,may,fri,208,5,999,1,success,0.19999999999999996,94.393,-54.2,2.513,4799.1
45,admin.,married,university.degree,no,yes,no,cellular,nov,fri,307,10,999,0,success,3.1,95.494,-44.4,6.064,4891.0
43,admin.,single,university.degree,no,unknown,unknown,telephone,nov,wed,421,5,999,0,success,-0.8999999999999999,93.969,-41.6,2.229,4776.2
73,admin.,married,basic.9y,no,no,yes,cellular,nov,tue,208,5,999,2,success,-1.4,93.931,-34.9,1.942,4717.5
45,blue-collar,married,basic.9y,no,yes,no,cellular,nov,tue,421,6,999,1,success,0.19999999999999996,94.393,-54.2,2.4909999999999997,4799.1
48,admin.,single,university.degree,no,unknown,unknown,cellular,aug,mon,651,6,999,0,success,3.4,94.944,-44.1,6.165,4928.1
56,admin.,divorced,basic.4y,unknown,yes,no,telephone,nov,mon,2955,5,999,0,success,3.1,95.494,-44.4,6.057,4891.0
45,admin.,single,unknown,no,no,yes,cellular,nov,fri,397,5,999,0,success,3.1,95.494,-44.4,6.057,4891.0
64,admin.,married,university.degree,unknown,yes,no,cellular,aug,tue,484,5,999,0,success,3.4,94.944,-44.1,6.168,4928.1
48,admin.,single,basic.4y,no,no,no,cellular,nov,mon,498,5,999,0,nonexistent,0.19999999999999996,94.575,-55.1,2.605,4799.1
44,admin.,married,university.degree,no,no,yes,cellular,nov,fri,257,7,999,0,success,3.4,95.965,-49.8,6.159,4928.1
52,admin.,married,university.degree,no,yes,no,cellular,nov,mon,1637,5,999,0,success,-1.4,94.149,-38.1,1.914,4717.5
43,admin.,married,professional.course,no,yes,no,cellular,nov,wed,334,5,999,0,success,3.1,95.494,-44.4,6.057,4891.0
50,admin.,single,high.school,no,yes,no,cellular,nov,fri,329,5,999,0,success,3.4,95.418,-50.7,6.163,4928.1
74,admin.,married,basic.6y,unknown,no,no,cellular,jun,wed,543,9,999,0,nonexistent,3.4,95.965,-49.8,6.064,4928.1
46,admin.,single,university.degree,no,yes,no,telephone,nov,wed,577,5,999,0,success,3.1,95.494,-44.4,6.056,4891.0
58,admin.,married,basic.4y,no,yes,no,cellular,nov,wed,653,5,999,0,success,3.4,95.418,-50.7,6.162,4928.1
50,admin.,married,basic.9y,unknown,yes,no,cellular,nov,thu,476,6,999,0,success,1.9,94.7,-50.0,5.276,4895.8
69,admin.,married,basic.4y,unknown,no,no,cellular,may,tue,1655,5,999,0,success,3.1,95.494,-44.4,6.056,4891.0
50,admin.,married,basic.9y,no,no,no,cellular,jun,fri,147,7,999,0,success,3.4,95.965,-49.8,6.159,4928.1
54,admin.,single,high.school,no,no,yes,cellular,may,thu,777,10,999,1,success,0.19999999999999996,94.393,-54.2,2.466,4799.1
54,blue-collar,married,basic.9y,unknown,no,no,cellular,nov,wed,597,6,999,0,success,0.19999999999999996,94.393,-54.2,2.481,4799.1
64,management,married,high.school,no,yes,no,cellular,nov,wed,448,5,999,0,success,1.9,94.7,-50.0,5.32,4895.8
58,admin.,married,basic.4y,unknown,yes,yes,cellular,jun,wed,696,7,999,0,nonexistent,3.4,95.965,-49.8,6.162,4928.1
56,admin.,married,basic.9y,unknown,yes,no,cellular,nov,mon,381,6,999,0,success,1.9,94.7,-50.0,5.391,4895.8
44,admin.,single,basic.9y,no,unknown,unknown,cellular,nov,fri,775,5,999,0,success,3.4,95.965,-49.8,6.159,4928.1
51,admin.,single,university.degree,no,yes,no,cellular,nov,mon,565,6,999,0,success,3.4,95.965,-49.8,6.16,4928.1
56,admin.,married,high.school,no,yes,yes,cellular,jun,fri,422,6,999,0,success,3.4,95.965,-49.8,6.159,4928.1
86,admin.,divorced,basic.4y,no,no,yes,cellular,nov,thu,505,5,999,1,success,0.19999999999999996,94.575,-55.1,2.565,4799.1
57,admin.,married,university.degree,no,yes,no,cellular,nov,mon,1924,9,999,0,success,3.1,95.494,-44.4,6.057,4891.0
66,retired,married,high.school,no,yes,no,cellular,may,tue,664,5,999,1,success,0.19999999999999996,94.393,-54.2,2.466,4799.1
43,admin.,single,professional.course,no,no,yes,cellular,jun,thu,575,5,999,0,success,3.4,95.965,-49.8,6.155,4928.1
41,admin.,single,high.school,no,yes,no,cellular,may,mon,316,11,999,0,nonexistent,3.1,95.494,-44.4,6.057,4891.0
56,admin.,married,professional.course,no,yes,no,cellular,nov,thu,799,8,999,0,success,0.19999999999999996,94.393,-54.2,2.466,4799.1
81,retired,married,unknown,no,no,no,cellular,nov,mon,197,5,999,2,success,-0.8999999999999999,93.701,-39.4,2.061,4776.2
42,admin.,single,high.school,no,yes,no,cellular,nov,thu,178,5,999,0,success,3.4,95.418,-50.7,6.162,4928.1
59,admin.,married,university.degree,no,yes,yes,cellular,nov,wed,197,5,999,0,success,3.4,95.418,-50.7,6.163,4928.1
59,admin.,single,basic.9y,no,yes,no,cellular,jul,mon,210,9,999,0,nonexistent,3.4,95.418,-50.7,6.16,4928.1
47,admin.,married,university.degree,no,no,no,cellular,nov,mon,334,8,999,0,success,3.4,94.944,-44.1,6.163,4928.1
50,admin.,married,university.degree,no,yes,yes,cellular,nov,fri,514,5,999,0,nonexistent,3.1,95.494,-44.4,6.055000000000001,4891.0
53,admin.,single,unknown,no,yes,yes,cellular,nov,tue,404,6,999,0,nonexistent,-0.8999999999999999,93.701,-39.4,2.038,4776.2
59,self-employed,divorced,professional.course,no,yes,no,cellular,nov,thu,1294,6,999,2,success,0.19999999999999996,94.393,-54.2,2.527,4799.1
45,admin.,single,professional.course,no,no,no,cellular,sep,tue,1391,5,6,1,success,0.8999999999999999,95.699,-45.5,2.077,4663.6
60,blue-collar,married,unknown,unknown,yes,no,cellular,nov,fri,665,5,999,0,success,0.19999999999999996,94.575,-55.1,2.605,4799.1
56,admin.,divorced,basic.6y,no,no,no,cellular,nov,wed,532,6,999,0,success,3.1,95.494,-44.4,6.057,4891.0
66,admin.,married,high.school,no,no,no,telephone,nov,fri,674,8,999,0,success,3.4,95.965,-49.8,6.167,4928.1
57,services,married,high.school,no,no,no,cellular,nov,tue,242,6,999,0,success,3.4,95.965,-49.8,6.064,4928.1
64,admin.,married,high.school,no,yes,no,cellular,nov,wed,505,5,999,0,success,3.1,95.494,-44.4,6.059,4891.0
50,admin.,single,university.degree,no,yes,no,cellular,may,wed,862,5,999,0,success,3.1,95.494,-44.4,6.058,4891.0
73,admin.,married,university.degree,no,yes,no,cellular,nov,mon,2566,7,999,1,success,0.19999999999999996,94.393,-54.2,2.444,4799.1
68,admin.,single,basic.6y,unknown,no,yes,cellular,nov,fri,752,5,999,0,success,0.19999999999999996,94.575,-55.1,2.605,4799.1
42,blue-collar,single,basic.9y,unknown,yes,no,cellular,nov,fri,327,8,999,0,success,3.1,95.494,-44.4,6.057,4891.0
47,admin.,married,basic.9y,no,yes,no,cellular,nov,tue,579,6,999,0,success,3.1,95.494,-44.4,6.056,4891.0
46,admin.,single,university.degree,no,no,no,cellular,nov,fri,595,6,999,1,failure,1.9,94.7,-50.0,5.221,4895.8
45,admin.,single,high.school,no,yes,no,telephone,nov,fri,575,5,999,0,success,3.4,95.418,-50.7,6.159,4928.1
52,admin.,single,university.degree,no,yes,yes,cellular,nov,tue,291,5,999,0,success,1.9,94.7,-50.0,5.353,4895.8
56,admin.,divorced,university.degree,no,yes,no,cellular,nov,mon,1623,8,999,0,success,3.4,94.944,-44.1,6.163,4928.1
73,admin.,divorced,professional.course,no,no,no,cellular,jun,thu,475,5,999,0,success,3.4,95.965,-49.8,6.1610000000000005,4928.1
57,services,divorced,high.school,unknown,yes,no,cellular,jul,mon,332,7,999,0,success,3.4,95.418,-50.7,6.162,4928.1
46,admin.,married,basic.6y,no,yes,no,cellular,nov,wed,2422,7,999,0,success,0.19999999999999996,94.393,-54.2,2.481,4799.1
54,admin.,married,high.school,no,no,no,cellular,nov,thu,538,5,999,0,success,3.4,95.418,-50.7,6.168,4928.1
55,technician,married,university.degree,no,yes,no,cellular,nov,wed,372,6,999,0,success,3.4,94.944,-44.1,6.164000000000001,4928.1
61,admin.,married,professional.course,no,no,no,telephone,nov,wed,244,5,999,0,success,3.1,95.494,-44.4,6.056,4891.0
66,admin.,divorced,high.school,no,no,no,cellular,nov,tue,269,5,6,2,success,-0.8999999999999999,93.701,-39.4,2.038,4776.2
52,admin.,single,high.school,no,yes,no,cellular,nov,wed,860,6,999,0,success,3.4,95.418,-50.7,6.163,4928.1
55,housemaid,married,high.school,unknown,yes,no,cellular,nov,mon,300,11,999,0,success,3.4,95.965,-49.8,6.1610000000000005,4928.1
55,admin.,married,university.degree,no,no,no,cellular,jul,mon,242,7,999,0,success,3.4,95.418,-50.7,6.162,4928.1
76,admin.,married,professional.course,no,no,no,cellular,aug,tue,514,5,999,0,success,-0.8999999999999999,93.701,-39.4,2.084,4776.2
44,admin.,unknown,professional.course,no,yes,no,cellular,nov,thu,345,5,999,1,success,1.9,94.7,-50.0,5.276,4895.8
60,unknown,married,unknown,unknown,no,yes,cellular,nov,thu,284,5,999,0,nonexistent,3.4,95.965,-49.8,6.066,4928.1
38,admin.,single,high.school,no,no,no,cellular,nov,mon,606,7,999,0,nonexistent,-0.8999999999999999,93.969,-41.6,2.248,4776.2
59,admin.,married,unknown,no,no,no,cellular,nov,fri,1443,5,999,0,success,3.4,95.418,-50.7,6.162,4928.1
64,admin.,married,high.school,no,no,no,cellular,nov,tue,1011,5,3,1,success,-1.4,93.879,-37.8,1.988,4717.5
73,admin.,divorced,university.degree,no,no,no,cellular,nov,wed,872,5,5,1,success,1.9,94.7,-50.0,5.32,4895.8
36,admin.,single,professional.course,no,no,yes,cellular,nov,wed,316,6,999,0,nonexistent,3.1,95.494,-44.4,6.057,4891.0
50,blue-collar,married,basic.9y,no,yes,no,cellular,nov,thu,219,18,999,0,nonexistent,3.4,95.418,-50.7,6.158,4928.1
68,admin.,married,basic.4y,unknown,no,no,cellular,nov,wed,329,9,999,0,success,3.4,94.944,-44.1,6.164000000000001,4928.1
56,technician,single,university.degree,no,no,no,cellular,nov,thu,473,7,999,0,success,3.4,95.418,-50.7,6.162,4928.1
45,management,single,university.degree,no,no,yes,cellular,nov,tue,1013,5,999,1,success,0.19999999999999996,94.393,-54.2,2.544,4799.1
50,admin.,married,professional.course,no,no,no,cellular,nov,wed,392,12,999,0,success,3.4,95.418,-50.7,6.163,4928.1
64,admin.,divorced,university.degree,no,no,no,cellular,nov,thu,1078,5,999,0,success,0.19999999999999996,94.575,-55.1,2.565,4799.1
65,technician,married,professional.course,unknown,yes,no,cellular,nov,wed,152,24,999,0,success,3.4,95.965,-49.8,6.162,4928.1
32,admin.,single,unknown,no,no,yes,cellular,nov,tue,1733,5,2,2,success,-1.4,93.931,-34.9,1.942,4717.5
50,admin.,married,university.degree,no,yes,yes,cellular,nov,thu,158,5,999,0,success,3.4,95.965,-49.8,6.066,4928.1
63,admin.,married,high.school,unknown,yes,no,cellular,nov,wed,709,13,999,0,success,3.4,95.965,-49.8,6.159,4928.1
64,admin.,single,unknown,unknown,yes,no,cellular,nov,thu,340,6,999,0,success,3.1,95.494,-44.4,6.0600000000000005,4891.0
53,admin.,married,basic.9y,no,yes,no,cellular,jul,fri,458,6,999,0,success,3.4,95.418,-50.7,6.163,4928.1
69,admin.,married,high.school,no,no,no,cellular,nov,wed,1097,8,999,0,success,3.4,94.944,-44.1,6.167,4928.1
57,admin.,married,basic.4y,no,no,no,cellular,nov,wed,491,6,999,1,success,0.19999999999999996,94.393,-54.2,2.534,4799.1
54,admin.,divorced,high.school,no,yes,no,cellular,nov,fri,579,5,999,0,nonexistent,3.4,94.944,-44.1,6.163,4928.1
48,admin.,married,professional.course,unknown,yes,no,cellular,nov,mon,352,6,999,0,success,3.1,95.494,-44.4,6.057,4891.0
56,admin.,married,high.school,no,no,no,cellular,nov,wed,433,6,999,0,success,0.19999999999999996,94.393,-54.2,2.481,4799.1
65,admin.,married,basic.9y,no,yes,no,telephone,nov,thu,368,8,999,0,success,0.19999999999999996,94.393,-54.2,2.527,4799.1
63,admin.,married,basic.4y,unknown,no,no,cellular,jul,fri,617,5,999,0,success,3.4,95.418,-50.7,6.162,4928.1
60,admin.,married,basic.9y,unknown,yes,no,cellular,nov,mon,638,5,999,1,failure,0.19999999999999996,94.393,-54.2,2.4989999999999997,4799.1
54,admin.,single,basic.9y,no,yes,no,cellular,nov,mon,1182,7,999,0,success,1.9,94.7,-50.0,5.391,4895.8
52,admin.,married,university.degree,no,yes,no,cellular,nov,wed,1088,6,999,0,success,3.4,95.418,-50.7,6.163,4928.1
54,admin.,divorced,basic.6y,unknown,yes,no,telephone,nov,tue,669,6,999,0,success,3.1,95.494,-44.4,6.057,4891.0
47,admin.,single,university.degree,no,yes,no,cellular,aug,thu,246,10,999,0,nonexistent,3.4,94.944,-44.1,6.162,4928.1
54,admin.,single,high.school,no,no,no,cellular,nov,tue,206,6,999,0,nonexistent,3.4,95.418,-50.7,6.1610000000000005,4928.1
48,admin.,married,basic.9y,no,unknown,unknown,cellular,nov,wed,295,5,999,0,success,3.1,95.494,-44.4,6.056,4891.0
48,admin.,married,basic.9y,no,yes,no,cellular,nov,mon,687,5,999,0,success,3.1,95.494,-44.4,6.057,4891.0
61,admin.,married,university.degree,no,yes,yes,cellular,nov,thu,233,5,999,0,success,3.4,94.944,-44.1,6.164000000000001,4928.1
45,services,single,high.school,no,no,yes,cellular,nov,tue,430,8,999,0,success,3.4,95.418,-50.7,6.1610000000000005,4928.1
55,admin.,married,basic.9y,no,no,no,cellular,nov,tue,192,5,999,0,success,1.9,94.7,-50.0,5.353,4895.8
58,admin.,single,high.school,no,yes,no,cellular,nov,mon,406,7,999,0,success,0.19999999999999996,94.393,-54.2,2.444,4799.1
49,admin.,married,university.degree,unknown,yes,no,cellular,nov,thu,865,6,999,0,success,3.4,94.944,-44.1,6.164000000000001,4928.1
39,admin.,single,high.school,no,yes,no,cellular,may,mon,1634,8,999,0,nonexistent,0.19999999999999996,94.393,-54.2,2.5540000000000003,4799.1
66,admin.,married,high.school,no,yes,no,cellular,nov,wed,1108,6,999,0,success,3.4,94.944,-44.1,6.164000000000001,4928.1
73,admin.,divorced,professional.course,no,no,yes,cellular,nov,thu,376,5,999,0,success,-0.8999999999999999,93.701,-39.4,2.083,4776.2
73,admin.,married,unknown,unknown,yes,no,cellular,nov,mon,160,5,999,0,nonexistent,3.4,95.418,-50.7,6.162,4928.1
58,admin.,married,university.degree,no,yes,no,cellular,nov,tue,737,11,999,0,success,3.4,94.944,-44.1,6.163,4928.1
65,admin.,married,basic.4y,unknown,no,no,cellular,nov,thu,444,5,999,0,success,3.4,95.418,-50.7,6.158,4928.1
45,admin.,married,basic.9y,unknown,no,no,cellular,nov,fri,327,5,999,0,success,3.1,95.494,-44.4,6.064,4891.0
46,admin.,single,high.school,no,no,no,cellular,nov,thu,642,5,999,0,success,1.9,94.7,-50.0,5.276,4895.8
44,admin.,married,university.degree,no,unknown,unknown,cellular,nov,tue,680,5,3,1,success,0.30000000000000004,95.715,-48.3,2.035,4691.6
48,admin.,married,basic.9y,no,no,no,cellular,nov,fri,142,7,999,0,success,3.4,95.965,-49.8,6.159,4928.1
43,self-employed,married,university.degree,no,yes,yes,cellular,nov,wed,455,7,999,0,success,3.4,95.418,-50.7,6.163,4928.1
46,admin.,married,university.degree,no,yes,no,cellular,aug,thu,505,5,999,0,success,3.4,94.944,-44.1,6.164000000000001,4928.1
65,blue-collar,married,basic.4y,unknown,yes,no,cellular,nov,tue,239,6,999,0,nonexistent,3.4,94.944,-44.1,6.168,4928.1
58,admin.,married,basic.4y,no,yes,no,cellular,nov,wed,691,5,999,0,success,3.4,95.418,-50.7,6.162,4928.1
63,admin.,married,university.degree,no,no,yes,cellular,may,mon,682,7,999,0,success,0.19999999999999996,94.393,-54.2,2.5540000000000003,4799.1
71,blue-collar,divorced,high.school,no,no,no,cellular,nov,fri,242,5,999,0,success,1.9,94.7,-50.0,5.221,4895.8
71,retired,married,high.school,no,yes,no,cellular,nov,fri,1205,5,999,0,success,-0.8999999999999999,93.969,-41.6,2.259,4776.2
48,technician,married,university.degree,no,no,no,cellular,sep,wed,509,5,999,0,success,0.8999999999999999,95.699,-45.5,2.076,4663.6
55,admin.,married,university.degree,no,no,no,cellular,nov,mon,777,8,999,0,success,0.19999999999999996,94.393,-54.2,2.5540000000000003,4799.1
57,admin.,married,basic.4y,unknown,yes,no,cellular,nov,mon,1153,10,999,0,success,3.1,95.494,-44.4,6.057,4891.0
70,admin.,married,high.school,no,yes,no,cellular,may,wed,1015,6,999,0,success,3.1,95.494,-44.4,6.057,4891.0
63,blue-collar,married,basic.4y,unknown,no,yes,cellular,nov,thu,613,5,999,0,success,3.4,94.944,-44.1,6.168,4928.1
47,admin.,married,university.degree,no,yes,no,cellular,nov,tue,179,8,999,0,nonexistent,3.4,94.944,-44.1,6.168,4928.1
70,admin.,married,basic.4y,no,yes,no,cellular,nov,tue,233,6,999,0,success,3.4,95.418,-50.7,6.1610000000000005,4928.1
50,admin.,married,basic.4y,unknown,no,no,cellular,nov,mon,502,6,999,0,nonexistent,0.19999999999999996,94.575,-55.1,2.605,4799.1
45,admin.,single,high.school,no,no,no,cellular,nov,fri,1286,5,999,0,success,1.9,94.7,-50.0,5.221,4895.8
63,admin.,married,basic.4y,unknown,yes,no,cellular,nov,thu,327,7,999,0,success,3.4,94.944,-44.1,6.168,4928.1
64,admin.,married,professional.course,no,unknown,unknown,cellular,may,tue,1063,6,999,0,success,3.1,95.494,-44.4,6.057,4891.0
53,admin.,divorced,professional.course,no,yes,yes,cellular,nov,tue,752,6,999,1,failure,0.19999999999999996,94.393,-54.2,2.544,4799.1
71,admin.,divorced,high.school,no,yes,no,telephone,nov,thu,248,5,999,0,success,3.4,95.965,-49.8,6.155,4928.1
51,admin.,married,high.school,no,no,no,cellular,apr,mon,1051,5,999,0,nonexistent,0.19999999999999996,94.575,-55.1,2.605,4799.1
33,admin.,single,high.school,no,no,no,cellular,may,fri,608,5,999,1,success,0.19999999999999996,94.393,-54.2,2.4589999999999996,4799.1
47,admin.,single,university.degree,no,yes,yes,cellular,nov,mon,437,10,999,0,success,3.4,95.965,-49.8,6.1610000000000005,4928.1
43,blue-collar,single,basic.9y,no,no,no,telephone,nov,tue,1110,5,999,0,nonexistent,3.4,95.965,-49.8,6.064,4928.1
66,admin.,married,basic.6y,no,yes,no,cellular,nov,thu,437,7,999,0,nonexistent,3.1,95.494,-44.4,6.0600000000000005,4891.0
43,services,married,high.school,no,no,no,cellular,jul,thu,451,5,999,0,success,3.4,95.418,-50.7,6.168,4928.1
52,admin.,divorced,high.school,no,yes,no,cellular,nov,fri,205,5,999,0,success,1.9,94.7,-50.0,5.221,4895.8
60,admin.,married,high.school,no,yes,yes,cellular,nov,mon,343,7,999,0,nonexistent,3.4,94.944,-44.1,6.163,4928.1
55,entrepreneur,married,basic.9y,no,yes,no,cellular,nov,mon,244,6,999,0,success,1.9,94.7,-50.0,5.391,4895.8
51,admin.,single,high.school,no,no,no,cellular,nov,wed,201,13,999,0,nonexistent,3.1,95.494,-44.4,6.058,4891.0
57,admin.,single,unknown,no,no,no,cellular,nov,fri,217,6,999,0,nonexistent,0.19999999999999996,94.575,-55.1,2.605,4799.1
58,blue-collar,single,basic.6y,no,yes,no,cellular,nov,wed,842,5,999,0,success,1.9,94.7,-50.0,5.32,4895.8
67,admin.,married,high.school,no,no,no,cellular,nov,wed,554,5,999,0,success,3.4,95.965,-49.8,6.159,4928.1
41,admin.,single,high.school,no,no,no,cellular,nov,wed,514,5,999,0,success,3.4,95.965,-49.8,6.064,4928.1
59,blue-collar,married,basic.6y,no,no,yes,cellular,nov,tue,439,9,999,0,nonexistent,3.4,94.944,-44.1,6.163,4928.1
69,admin.,married,basic.9y,no,no,no,cellular,nov,thu,1078,6,6,2,success,0.19999999999999996,94.393,-54.2,2.466,4799.1
62,admin.,married,unknown,unknown,no,no,cellular,nov,mon,370,7,999,0,success,3.4,95.965,-49.8,6.16,4928.1
58,admin.,married,unknown,no,no,no,telephone,nov,mon,619,5,999,0,nonexistent,3.1,95.494,-44.4,6.057,4891.0
66,admin.,married,basic.6y,unknown,yes,yes,cellular,nov,fri,343,6,999,0,success,3.4,95.418,-50.7,6.162,4928.1
62,admin.,married,basic.4y,no,no,no,cellular,nov,wed,349,5,999,0,nonexistent,3.4,95.418,-50.7,6.162,4928.1
46,admin.,single,high.school,no,yes,no,cellular,nov,thu,201,5,999,1,success,1.9,94.7,-50.0,5.276,4895.8
72,retired,divorced,university.degree,no,yes,no,cellular,nov,tue,158,5,999,0,success,1.9,94.7,-50.0,5.9,4895.8
72,technician,married,professional.course,no,yes,no,cellular,nov,tue,538,5,999,0,success,0.19999999999999996,94.575,-55.1,2.623,4799.1
56,admin.,married,basic.9y,no,yes,yes,cellular,nov,fri,316,7,999,0,success,3.4,95.965,-49.8,6.159,4928.1
51,admin.,married,basic.9y,no,no,no,cellular,nov,tue,395,5,999,0,success,3.4,94.944,-44.1,6.168,4928.1
60,admin.,married,basic.9y,no,no,no,cellular,nov,wed,264,5,999,0,success,3.4,94.944,-44.1,6.167,4928.1
74,admin.,divorced,basic.9y,unknown,yes,no,cellular,nov,fri,772,12,999,0,success,3.4,95.418,-50.7,6.162,4928.1
75,blue-collar,married,basic.4y,unknown,yes,no,cellular,jul,wed,647,9,999,0,success,3.4,95.418,-50.7,6.163,4928.1
50,technician,single,university.degree,no,no,no,cellular,jul,fri,939,13,999,0,success,3.4,95.418,-50.7,6.157,4928.1
47,admin.,married,university.degree,unknown,no,no,cellular,nov,fri,430,7,999,0,nonexistent,3.4,95.418,-50.7,6.157,4928.1
62,blue-collar,married,basic.4y,no,yes,no,cellular,nov,wed,1144,6,999,0,success,0.19999999999999996,94.393,-54.2,2.534,4799.1
61,services,married,unknown,no,no,no,cellular,nov,fri,316,5,999,0,success,3.4,94.944,-44.1,6.164000000000001,4928.1
44,admin.,single,university.degree,no,no,no,cellular,nov,fri,730,9,999,0,success,3.1,95.494,-44.4,6.059,4891.0
64,blue-collar,single,basic.4y,no,no,no,cellular,jun,mon,205,5,999,0,success,3.4,95.965,-49.8,6.1610000000000005,4928.1
68,admin.,married,university.degree,no,no,no,cellular,nov,thu,138,11,999,0,success,3.1,95.494,-44.4,6.055000000000001,4891.0
65,blue-collar,divorced,basic.9y,unknown,no,no,cellular,nov,tue,314,10,999,0,success,3.4,95.965,-49.8,6.1610000000000005,4928.1
42,admin.,married,high.school,no,yes,no,cellular,nov,fri,161,17,999,0,success,3.4,95.965,-49.8,6.159,4928.1
46,admin.,married,university.degree,no,yes,yes,cellular,nov,tue,485,8,6,2,success,0.8999999999999999,96.101,-57.5,2.182,4663.6
59,admin.,married,university.degree,no,yes,no,cellular,nov,mon,2298,6,999,1,success,1.9,94.7,-50.0,5.391,4895.8
43,admin.,married,university.degree,no,no,no,telephone,nov,fri,233,6,999,0,success,3.1,95.494,-44.4,6.057,4891.0
51,admin.,single,university.degree,no,yes,no,cellular,nov,thu,219,5,999,0,success,3.4,94.944,-44.1,6.162,4928.1
71,admin.,married,professional.course,no,yes,no,cellular,nov,tue,343,5,999,1,success,1.9,94.7,-50.0,5.353,4895.8
46,admin.,single,basic.9y,no,no,yes,cellular,nov,wed,187,7,999,0,success,0.19999999999999996,94.393,-54.2,2.481,4799.1
62,admin.,married,high.school,no,yes,no,cellular,jul,tue,565,6,999,0,success,3.4,95.418,-50.7,6.1610000000000005,4928.1
53,admin.,single,professional.course,no,yes,no,cellular,nov,fri,334,5,999,0,success,1.9,94.7,-50.0,5.221,4895.8
65,admin.,divorced,basic.4y,unknown,no,no,telephone,nov,thu,1000,5,999,0,success,3.1,95.494,-44.4,6.055000000000001,4891.0
59,admin.,married,basic.9y,no,yes,no,cellular,nov,thu,307,8,999,1,success,1.9,94.7,-50.0,5.276,4895.8
45,entrepreneur,married,high.school,no,yes,no,cellular,nov,fri,858,5,999,0,success,3.1,95.494,-44.4,6.059,4891.0
51,admin.,married,university.degree,no,no,no,cellular,nov,wed,928,10,999,0,success,0.19999999999999996,94.393,-54.2,2.481,4799.1
66,admin.,married,university.degree,unknown,yes,no,cellular,nov,fri,334,6,999,0,success,3.1,95.494,-44.4,6.064,4891.0
49,admin.,married,university.degree,no,yes,no,cellular,nov,fri,467,5,999,0,success,3.4,94.944,-44.1,6.166,4928.1
43,admin.,single,basic.9y,no,yes,no,cellular,nov,tue,856,5,999,0,success,0.19999999999999996,94.393,-54.2,2.4909999999999997,4799.1
46,admin.,single,high.school,no,yes,no,cellular,nov,wed,345,5,999,0,nonexistent,0.19999999999999996,94.393,-54.2,2.534,4799.1
52,admin.,married,high.school,no,yes,yes,cellular,nov,fri,296,6,999,0,success,3.4,95.965,-49.8,6.159,4928.1
64,admin.,married,high.school,unknown,yes,no,cellular,nov,mon,262,6,999,1,success,1.9,94.7,-50.0,5.391,4895.8
55,admin.,married,professional.course,no,yes,no,cellular,nov,tue,318,5,999,1,success,1.9,94.7,-50.0,5.353,4895.8
50,technician,single,basic.9y,no,yes,yes,cellular,nov,wed,232,5,999,0,nonexistent,1.9,94.7,-50.0,5.32,4895.8
52,admin.,married,university.degree,no,no,no,cellular,nov,wed,525,6,999,0,success,-0.8999999999999999,93.701,-39.4,2.054,4776.2
51,admin.,married,university.degree,no,yes,no,cellular,nov,tue,419,7,999,0,success,3.1,95.494,-44.4,6.057,4891.0
57,admin.,married,basic.9y,unknown,no,no,cellular,nov,fri,230,5,999,0,nonexistent,3.4,95.965,-49.8,6.167,4928.1
57,admin.,single,high.school,no,no,no,cellular,nov,thu,496,5,999,0,success,0.8999999999999999,95.699,-45.5,2.078,4663.6
56,housemaid,married,university.degree,no,yes,no,cellular,nov,thu,413,5,999,0,success,3.4,94.944,-44.1,6.163,4928.1
89,admin.,divorced,high.school,no,yes,yes,cellular,nov,mon,278,10,999,0,success,-1.0,94.213,-41.0,1.915,4723.5
51,admin.,divorced,professional.course,unknown,yes,yes,cellular,nov,tue,318,8,999,0,success,3.4,95.418,-50.7,6.1610000000000005,4928.1
70,admin.,married,professional.course,no,no,no,cellular,aug,mon,806,8,999,0,nonexistent,3.4,94.944,-44.1,6.165,4928.1
61,admin.,single,university.degree,no,yes,no,cellular,nov,mon,287,5,999,0,success,3.4,95.418,-50.7,6.16,4928.1
64,admin.,single,unknown,unknown,no,no,cellular,nov,tue,253,6,999,0,success,1.9,94.7,-50.0,5.353,4895.8
48,admin.,married,university.degree,no,yes,no,cellular,nov,tue,1362,5,999,0,success,-0.8999999999999999,94.463,-48.8,2.4619999999999997,4776.2
55,admin.,divorced,professional.course,no,no,no,cellular,nov,tue,340,6,999,0,nonexistent,3.4,95.418,-50.7,6.162,4928.1
64,admin.,married,basic.6y,unknown,no,yes,cellular,nov,thu,172,8,999,0,success,3.1,95.494,-44.4,6.0600000000000005,4891.0
56,admin.,divorced,high.school,no,yes,no,cellular,nov,mon,233,9,999,0,success,0.19999999999999996,94.393,-54.2,2.444,4799.1
84,admin.,married,basic.4y,no,yes,no,cellular,nov,thu,343,5,999,0,nonexistent,-1.4,93.931,-34.9,1.922,4717.5
45,services,divorced,high.school,no,no,no,cellular,nov,mon,406,6,11,1,success,0.19999999999999996,94.393,-54.2,2.4989999999999997,4799.1
53,admin.,single,basic.9y,unknown,yes,no,cellular,jul,mon,464,7,999,0,success,3.4,95.418,-50.7,6.162,4928.1
79,admin.,married,unknown,no,yes,no,cellular,aug,fri,428,7,999,1,success,-0.8999999999999999,93.701,-39.4,2.049,4776.2
42,admin.,single,university.degree,no,no,no,cellular,nov,tue,611,5,999,0,success,0.19999999999999996,94.869,-42.8,1.837,4708.7
63,technician,divorced,professional.course,unknown,yes,no,cellular,nov,wed,480,5,999,0,success,3.4,94.944,-44.1,6.164000000000001,4928.1
51,admin.,married,basic.6y,unknown,yes,no,cellular,nov,thu,140,20,999,0,nonexistent,3.4,95.418,-50.7,6.168,4928.1
49,admin.,single,unknown,unknown,yes,no,cellular,may,thu,692,5,999,0,success,3.1,95.494,-44.4,6.0600000000000005,4891.0
45,admin.,single,university.degree,no,no,no,cellular,nov,mon,187,6,999,0,success,3.4,94.944,-44.1,6.163,4928.1
48,admin.,divorced,high.school,no,yes,no,telephone,nov,mon,251,6,999,0,nonexistent,3.4,95.965,-49.8,6.1610000000000005,4928.1
60,admin.,married,basic.9y,unknown,yes,no,cellular,nov,fri,1168,6,999,0,success,0.19999999999999996,94.575,-55.1,2.6790000000000003,4799.1
61,admin.,married,basic.9y,unknown,no,no,cellular,nov,thu,208,5,999,0,success,3.4,95.965,-49.8,6.066,4928.1
73,admin.,married,university.degree,no,no,yes,cellular,nov,mon,682,5,999,0,success,3.1,95.494,-44.4,6.057,4891.0
47,admin.,married,high.school,no,yes,no,cellular,nov,wed,674,11,999,0,nonexistent,3.4,95.965,-49.8,6.159,4928.1
50,admin.,divorced,high.school,no,unknown,unknown,cellular,nov,tue,1267,6,999,0,success,3.4,95.418,-50.7,6.1610000000000005,4928.1
64,admin.,divorced,high.school,no,yes,no,cellular,nov,fri,327,24,999,0,nonexistent,3.4,95.965,-49.8,6.159,4928.1
44,admin.,single,basic.6y,no,yes,no,cellular,nov,thu,286,5,999,0,success,3.4,95.418,-50.7,6.162,4928.1
64,admin.,married,professional.course,no,yes,no,cellular,nov,tue,255,5,999,1,failure,-0.8999999999999999,93.701,-39.4,2.083,4776.2
53,entrepreneur,divorced,basic.9y,no,yes,yes,cellular,nov,wed,246,5,999,0,success,1.9,94.7,-50.0,5.32,4895.8
62,admin.,married,university.degree,no,no,yes,cellular,nov,wed,161,5,999,0,success,1.9,94.7,-50.0,5.863,4895.8
56,admin.,divorced,high.school,no,yes,no,cellular,nov,thu,973,5,999,0,success,3.4,95.418,-50.7,6.168,4928.1
47,admin.,married,university.degree,no,yes,no,telephone,nov,wed,4966,12,999,0,success,3.4,95.418,-50.7,6.163,4928.1
59,services,married,high.school,unknown,yes,yes,cellular,nov,fri,181,5,999,0,success,3.4,94.944,-44.1,6.166,4928.1
81,admin.,divorced,university.degree,no,no,no,cellular,sep,tue,1342,5,1,1,success,-1.4,93.879,-37.8,1.988,4717.5
46,admin.,single,university.degree,no,yes,no,cellular,nov,thu,1844,9,999,0,success,3.4,94.944,-44.1,6.162,4928.1
49,admin.,married,high.school,no,yes,no,cellular,aug,thu,377,5,999,0,success,3.4,94.944,-44.1,6.164000000000001,4928.1
52,admin.,single,high.school,no,no,no,cellular,nov,wed,354,6,999,0,success,3.4,95.418,-50.7,6.163,4928.1
70,admin.,married,unknown,no,yes,yes,cellular,nov,thu,1184,7,999,0,success,1.9,94.7,-50.0,5.276,4895.8
55,housemaid,single,university.degree,no,yes,no,cellular,nov,fri,575,6,999,0,success,3.4,95.965,-49.8,6.159,4928.1
41,admin.,single,university.degree,no,yes,no,cellular,nov,fri,797,5,999,0,success,0.19999999999999996,94.575,-55.1,2.6790000000000003,4799.1
60,admin.,single,basic.9y,unknown,yes,no,telephone,nov,fri,606,5,999,0,success,3.1,95.494,-44.4,6.057,4891.0
51,admin.,single,professional.course,no,yes,no,cellular,may,mon,323,8,999,0,success,3.1,95.494,-44.4,6.057,4891.0
66,admin.,married,high.school,no,yes,no,cellular,nov,fri,136,9,999,0,nonexistent,1.9,94.7,-50.0,5.221,4895.8
58,services,single,high.school,no,no,no,cellular,nov,thu,727,9,999,0,nonexistent,0.19999999999999996,94.393,-54.2,2.527,4799.1
48,admin.,married,professional.course,no,yes,no,cellular,jun,wed,282,5,999,0,success,-0.8999999999999999,94.463,-48.8,2.46,4776.2
67,admin.,married,university.degree,unknown,yes,no,cellular,nov,fri,178,5,999,0,success,1.9,94.7,-50.0,5.221,4895.8
47,blue-collar,divorced,basic.9y,no,no,no,telephone,nov,wed,291,7,999,0,success,3.1,95.494,-44.4,6.057,4891.0
57,admin.,married,basic.9y,no,no,no,cellular,nov,thu,219,8,999,0,success,0.19999999999999996,94.575,-55.1,2.61,4799.1
54,admin.,married,university.degree,no,no,no,cellular,nov,mon,422,5,999,0,success,3.4,94.944,-44.1,6.165,4928.1
45,admin.,married,professional.course,no,yes,no,cellular,nov,fri,422,8,999,0,nonexistent,0.19999999999999996,94.393,-54.2,2.45,4799.1
57,admin.,single,high.school,no,yes,no,cellular,nov,fri,826,5,999,0,nonexistent,0.19999999999999996,94.575,-55.1,2.605,4799.1
66,admin.,divorced,basic.4y,no,yes,no,cellular,may,thu,1308,6,999,0,success,3.1,95.494,-44.4,6.0600000000000005,4891.0
58,admin.,divorced,basic.9y,unknown,no,yes,cellular,nov,fri,520,6,999,0,success,3.4,95.965,-49.8,6.167,4928.1
50,services,single,university.degree,no,unknown,unknown,cellular,nov,mon,874,6,999,0,success,-0.8999999999999999,93.701,-39.4,2.084,4776.2
57,admin.,married,unknown,no,no,no,telephone,nov,wed,293,11,999,0,success,3.4,95.965,-49.8,6.159,4928.1
61,admin.,single,high.school,no,yes,no,cellular,nov,fri,649,5,999,1,success,1.9,94.7,-50.0,5.221,4895.8
65,management,married,university.degree,no,yes,no,cellular,nov,tue,296,6,999,0,success,3.4,95.418,-50.7,6.1610000000000005,4928.1
52,admin.,divorced,basic.9y,unknown,yes,no,cellular,nov,mon,527,6,999,0,success,0.19999999999999996,94.393,-54.2,2.4989999999999997,4799.1
55,admin.,married,professional.course,no,no,no,telephone,nov,thu,579,16,999,0,nonexistent,3.1,95.494,-44.4,6.0600000000000005,4891.0
53,admin.,married,university.degree,no,no,no,cellular,nov,thu,280,6,999,0,success,3.4,94.944,-44.1,6.168,4928.1
45,admin.,single,high.school,no,no,no,cellular,nov,mon,439,7,999,0,success,3.4,95.418,-50.7,6.16,4928.1
47,admin.,single,university.degree,no,yes,no,cellular,nov,fri,1412,5,999,0,nonexistent,1.9,94.7,-50.0,5.221,4895.8
54,services,single,high.school,unknown,yes,yes,cellular,nov,mon,1133,5,999,0,success,3.4,95.965,-49.8,6.065,4928.1
53,admin.,married,high.school,no,no,no,cellular,nov,wed,444,6,999,0,success,3.4,95.965,-49.8,6.064,4928.1
46,admin.,married,university.degree,unknown,no,no,cellular,nov,wed,422,5,999,0,success,3.1,95.494,-44.4,6.056,4891.0
67,admin.,married,unknown,no,no,yes,cellular,nov,mon,707,15,999,0,success,3.4,95.418,-50.7,6.162,4928.1
42,admin.,single,university.degree,unknown,no,no,cellular,may,fri,1681,7,999,0,success,3.1,95.494,-44.4,6.064,4891.0
56,admin.,married,basic.6y,no,yes,no,cellular,nov,wed,460,6,999,1,failure,0.19999999999999996,94.393,-54.2,2.534,4799.1
65,admin.,single,university.degree,no,yes,no,cellular,aug,thu,750,6,999,0,success,3.4,94.944,-44.1,6.164000000000001,4928.1
42,admin.,single,basic.4y,no,no,no,cellular,apr,thu,1240,5,999,0,success,0.19999999999999996,94.575,-55.1,2.61,4799.1
45,admin.,married,high.school,no,yes,no,cellular,nov,thu,167,5,999,0,success,1.9,94.7,-50.0,5.792,4895.8
40,admin.,single,high.school,no,no,no,cellular,nov,wed,334,5,999,0,success,3.4,95.965,-49.8,6.159,4928.1
65,admin.,single,basic.6y,unknown,no,no,cellular,nov,thu,424,5,999,0,nonexistent,0.19999999999999996,94.575,-55.1,2.61,4799.1
52,admin.,single,professional.course,no,yes,no,cellular,may,fri,622,5,999,0,success,0.19999999999999996,94.393,-54.2,2.513,4799.1
74,admin.,married,university.degree,unknown,yes,no,cellular,nov,tue,511,6,999,0,success,3.1,95.494,-44.4,6.057,4891.0
67,admin.,married,basic.9y,no,yes,no,telephone,nov,thu,228,5,999,0,success,3.4,95.418,-50.7,6.162,4928.1
55,admin.,married,university.degree,no,yes,no,cellular,nov,tue,557,5,999,0,success,-0.8999999999999999,93.969,-41.6,2.2439999999999998,4776.2
43,admin.,married,professional.course,no,yes,no,cellular,nov,wed,138,9,999,0,nonexistent,0.19999999999999996,94.393,-54.2,2.481,4799.1
48,technician,married,university.degree,no,yes,no,cellular,nov,wed,318,5,999,1,success,0.8999999999999999,95.699,-45.5,2.076,4663.6
51,admin.,married,professional.course,no,no,no,cellular,nov,thu,608,6,999,0,success,0.19999999999999996,94.393,-54.2,2.527,4799.1
48,admin.,married,basic.4y,unknown,yes,yes,cellular,nov,thu,352,5,999,0,success,1.9,94.7,-50.0,5.276,4895.8
68,admin.,married,high.school,no,yes,no,cellular,aug,tue,536,5,999,0,success,3.4,94.944,-44.1,6.168,4928.1
68,admin.,married,basic.9y,unknown,no,no,cellular,nov,thu,235,6,999,0,success,1.9,94.7,-50.0,5.276,4895.8
48,admin.,single,university.degree,no,yes,yes,cellular,nov,tue,548,8,999,0,success,3.4,94.944,-44.1,6.163,4928.1
64,admin.,married,university.degree,no,yes,yes,cellular,nov,wed,469,7,999,0,success,0.19999999999999996,94.393,-54.2,2.481,4799.1
69,admin.,divorced,basic.4y,no,yes,no,cellular,jul,tue,547,5,999,0,nonexistent,3.4,95.418,-50.7,6.1610000000000005,4928.1
49,admin.,married,university.degree,no,yes,no,cellular,nov,wed,259,8,999,0,success,0.19999999999999996,94.393,-54.2,2.481,4799.1
54,admin.,married,high.school,unknown,yes,yes,cellular,may,tue,485,5,999,0,success,3.1,95.494,-44.4,6.056,4891.0
50,admin.,single,university.degree,no,yes,no,cellular,nov,mon,278,9,999,0,success,3.4,95.418,-50.7,6.16,4928.1
59,services,married,professional.course,no,no,no,cellular,aug,mon,734,6,999,0,nonexistent,3.4,94.944,-44.1,6.17,4928.1
44,admin.,married,high.school,no,yes,no,cellular,nov,mon,322,8,999,1,success,0.19999999999999996,94.393,-54.2,2.444,4799.1
50,admin.,divorced,basic.9y,no,no,no,cellular,nov,tue,1304,5,999,0,success,3.4,95.418,-50.7,6.1610000000000005,4928.1
60,admin.,married,professional.course,unknown,yes,no,cellular,nov,thu,1578,6,999,0,success,3.4,95.965,-49.8,6.1610000000000005,4928.1
41,admin.,single,university.degree,no,no,yes,cellular,jul,tue,241,9,999,1,success,-0.8999999999999999,93.969,-41.6,2.108,4776.2
41,admin.,married,university.degree,no,no,no,cellular,jul,tue,1025,10,999,0,success,3.4,95.418,-50.7,6.1610000000000005,4928.1
52,admin.,single,professional.course,no,no,no,cellular,nov,mon,385,5,999,0,success,0.19999999999999996,94.575,-55.1,2.605,4799.1
47,admin.,divorced,high.school,no,yes,no,telephone,nov,wed,561,6,999,0,nonexistent,3.1,95.494,-44.4,6.056,4891.0
76,admin.,married,university.degree,no,yes,no,cellular,nov,tue,471,5,7,1,success,-1.4,94.149,-38.1,1.915,4717.5
47,admin.,married,basic.9y,no,no,no,cellular,nov,wed,410,6,999,1,failure,0.19999999999999996,94.575,-55.1,2.698,4799.1
67,admin.,divorced,university.degree,no,no,no,cellular,nov,tue,298,7,999,0,success,3.1,95.494,-44.4,6.057,4891.0
50,admin.,married,university.degree,no,yes,no,telephone,nov,mon,705,7,999,0,success,3.1,95.494,-44.4,6.057,4891.0
44,admin.,single,high.school,no,no,no,cellular,nov,fri,379,6,999,0,success,3.4,95.418,-50.7,6.163,4928.1
52,admin.,single,high.school,no,yes,no,cellular,nov,tue,214,8,999,0,success,3.4,95.418,-50.7,6.1610000000000005,4928.1
72,admin.,married,university.degree,unknown,no,yes,cellular,aug,mon,356,6,999,0,nonexistent,3.4,94.944,-44.1,6.165,4928.1
51,admin.,single,university.degree,no,no,no,cellular,nov,thu,230,7,999,0,success,1.9,94.7,-50.0,5.276,4895.8
60,admin.,married,unknown,no,no,no,cellular,nov,fri,230,8,999,0,nonexistent,3.4,95.965,-49.8,6.159,4928.1
46,admin.,single,high.school,no,no,no,cellular,nov,fri,649,6,999,0,success,0.19999999999999996,94.575,-55.1,2.605,4799.1
53,admin.,married,university.degree,no,no,no,cellular,nov,thu,770,6,999,0,success,3.4,95.965,-49.8,6.158,4928.1
69,admin.,married,professional.course,no,yes,no,cellular,nov,wed,264,10,999,0,success,3.4,95.965,-49.8,6.064,4928.1
70,admin.,divorced,university.degree,unknown,no,no,cellular,nov,fri,221,5,999,1,success,0.19999999999999996,94.393,-54.2,2.513,4799.1
54,admin.,married,basic.6y,no,yes,no,telephone,nov,wed,462,7,999,0,success,3.1,95.494,-44.4,6.057,4891.0
59,admin.,divorced,basic.6y,no,no,no,cellular,nov,mon,494,5,999,0,nonexistent,0.19999999999999996,94.393,-54.2,2.444,4799.1
51,admin.,single,professional.course,no,yes,no,cellular,nov,mon,275,5,999,0,success,3.4,94.944,-44.1,6.165,4928.1
39,admin.,single,high.school,no,yes,no,cellular,nov,mon,561,9,999,0,success,3.4,95.418,-50.7,6.16,4928.1
55,admin.,married,professional.course,no,no,no,cellular,nov,fri,442,6,999,0,success,3.4,95.965,-49.8,6.159,4928.1
45,admin.,single,professional.course,no,yes,no,cellular,nov,fri,424,6,999,0,success,-1.4,93.931,-34.9,1.939,4717.5
50,management,married,professional.course,no,no,no,telephone,nov,wed,791,5,999,0,nonexistent,3.1,95.494,-44.4,6.057,4891.0
68,admin.,married,basic.9y,no,no,no,cellular,nov,tue,329,5,999,0,success,3.4,95.965,-49.8,6.1610000000000005,4928.1
98,admin.,married,basic.4y,no,yes,no,cellular,nov,thu,698,5,999,0,success,0.19999999999999996,94.575,-55.1,2.565,4799.1
42,blue-collar,married,basic.9y,unknown,yes,no,cellular,nov,tue,667,6,999,0,success,3.1,95.494,-44.4,6.056,4891.0
53,technician,married,professional.course,unknown,no,yes,cellular,aug,thu,692,7,999,0,nonexistent,3.4,94.944,-44.1,6.163,4928.1
48,admin.,married,basic.9y,no,yes,no,cellular,nov,mon,313,7,999,0,success,3.4,95.965,-49.8,6.1610000000000005,4928.1
52,admin.,married,university.degree,no,yes,no,cellular,nov,mon,638,5,3,1,success,0.19999999999999996,94.393,-54.2,2.464,4799.1
100,admin.,married,basic.4y,no,yes,no,cellular,nov,tue,638,7,999,0,success,0.8999999999999999,95.699,-45.5,2.081,4663.6
71,technician,married,professional.course,unknown,no,no,telephone,nov,thu,206,6,999,0,success,3.4,95.965,-49.8,6.066,4928.1
65,admin.,married,university.degree,no,no,no,cellular,nov,fri,408,10,999,0,nonexistent,3.4,94.944,-44.1,6.163,4928.1
39,admin.,single,university.degree,no,no,no,cellular,nov,thu,721,6,999,0,nonexistent,0.19999999999999996,94.393,-54.2,2.466,4799.1
50,admin.,single,university.degree,no,yes,yes,cellular,nov,mon,338,5,999,0,success,3.4,94.944,-44.1,6.165,4928.1
93,admin.,divorced,basic.4y,no,yes,no,cellular,nov,fri,512,6,7,2,success,0.19999999999999996,95.376,-48.0,1.8820000000000001,4708.7
64,admin.,married,unknown,no,no,no,telephone,nov,thu,1576,7,999,0,nonexistent,3.1,95.494,-44.4,6.0600000000000005,4891.0
52,admin.,married,unknown,no,yes,no,cellular,nov,thu,1258,6,999,0,success,1.9,94.7,-50.0,5.276,4895.8
45,admin.,single,high.school,unknown,no,no,cellular,nov,tue,1274,6,999,0,success,3.4,95.965,-49.8,6.064,4928.1
78,admin.,married,high.school,no,no,no,cellular,nov,mon,437,7,999,0,success,0.19999999999999996,95.249,-42.6,1.842,4708.7
51,admin.,single,basic.6y,unknown,no,no,cellular,nov,tue,233,5,999,0,success,3.4,95.965,-49.8,6.064,4928.1
57,admin.,married,unknown,no,no,no,cellular,nov,thu,435,8,999,0,success,-0.8999999999999999,93.701,-39.4,2.083,4776.2
58,admin.,single,high.school,no,no,no,telephone,nov,thu,251,5,999,0,success,3.4,95.965,-49.8,6.158,4928.1
45,admin.,married,university.degree,no,yes,no,cellular,apr,thu,557,7,999,0,success,0.19999999999999996,94.575,-55.1,2.683,4799.1
47,admin.,divorced,basic.9y,no,yes,no,cellular,may,tue,442,8,999,0,success,0.19999999999999996,94.393,-54.2,2.4909999999999997,4799.1
53,admin.,married,basic.6y,no,yes,no,cellular,may,mon,552,5,999,0,nonexistent,3.1,95.494,-44.4,6.057,4891.0
38,admin.,single,professional.course,no,yes,no,cellular,nov,wed,718,6,999,0,success,3.4,95.418,-50.7,6.163,4928.1
47,admin.,married,university.degree,no,no,no,cellular,nov,wed,386,7,999,0,nonexistent,3.1,95.494,-44.4,6.059,4891.0
51,admin.,married,university.degree,no,no,no,cellular,nov,wed,518,8,999,0,success,1.9,94.7,-50.0,5.32,4895.8
55,admin.,married,basic.4y,no,yes,no,cellular,nov,thu,230,6,999,0,success,0.19999999999999996,94.393,-54.2,2.4699999999999998,4799.1
43,admin.,married,high.school,no,yes,no,cellular,nov,wed,435,5,999,0,success,3.1,95.494,-44.4,6.056,4891.0
49,admin.,divorced,high.school,no,unknown,unknown,cellular,nov,fri,210,19,999,0,success,3.4,94.944,-44.1,6.164000000000001,4928.1
66,admin.,married,high.school,no,yes,no,telephone,may,thu,896,6,999,0,success,3.1,95.494,-44.4,6.0600000000000005,4891.0
51,services,married,high.school,no,yes,no,cellular,nov,fri,302,5,999,1,success,0.19999999999999996,94.575,-55.1,2.605,4799.1
50,management,divorced,university.degree,no,unknown,unknown,cellular,nov,mon,341,7,999,0,success,3.4,94.944,-44.1,6.165,4928.1
46,admin.,single,university.degree,no,no,no,cellular,nov,fri,183,7,999,0,success,3.4,95.418,-50.7,6.157,4928.1
55,admin.,divorced,basic.9y,no,no,no,cellular,nov,wed,563,7,999,0,success,3.4,95.418,-50.7,6.162,4928.1
71,admin.,married,basic.4y,unknown,yes,no,cellular,nov,tue,475,9,999,0,nonexistent,3.4,95.965,-49.8,6.064,4928.1
50,student,single,university.degree,unknown,no,no,cellular,nov,tue,430,9,999,0,success,3.1,95.494,-44.4,6.057,4891.0
71,admin.,married,high.school,no,yes,no,cellular,nov,mon,1056,6,999,0,success,0.19999999999999996,94.393,-54.2,2.5540000000000003,4799.1
69,admin.,married,university.degree,no,yes,no,cellular,nov,thu,296,5,999,0,success,3.1,95.494,-44.4,6.055000000000001,4891.0
35,admin.,single,high.school,no,yes,yes,cellular,nov,wed,253,6,999,1,success,-0.8999999999999999,94.463,-48.8,2.46,4776.2
54,admin.,married,basic.9y,no,yes,no,cellular,nov,tue,575,5,12,1,success,0.19999999999999996,94.393,-54.2,2.544,4799.1
63,admin.,married,high.school,no,no,no,cellular,nov,tue,329,5,999,0,success,3.4,95.418,-50.7,6.162,4928.1
100,admin.,divorced,basic.4y,no,yes,no,cellular,nov,wed,444,5,999,0,success,-1.4,93.931,-34.9,1.935,4717.5
61,admin.,single,university.degree,no,yes,no,cellular,jul,thu,676,5,999,0,success,-0.8999999999999999,93.969,-41.6,2.2720000000000002,4776.2
46,admin.,married,basic.6y,no,no,no,cellular,nov,tue,307,7,999,1,success,0.19999999999999996,94.393,-54.2,2.4909999999999997,4799.1
62,admin.,single,basic.9y,no,no,no,cellular,nov,thu,575,6,999,1,success,0.19999999999999996,94.393,-54.2,2.527,4799.1
45,technician,married,high.school,no,yes,no,cellular,may,tue,757,7,999,0,nonexistent,3.1,95.494,-44.4,6.057,4891.0
54,admin.,single,basic.4y,unknown,no,no,cellular,nov,fri,1094,11,999,0,success,3.4,95.418,-50.7,6.157,4928.1
81,admin.,single,basic.4y,no,no,no,cellular,apr,thu,221,5,999,0,success,0.19999999999999996,94.575,-55.1,2.565,4799.1
45,admin.,married,basic.6y,no,yes,no,cellular,nov,wed,253,7,999,0,success,3.4,95.418,-50.7,6.163,4928.1
49,admin.,divorced,professional.course,no,yes,yes,cellular,nov,fri,444,6,999,1,success,0.19999999999999996,94.575,-55.1,2.605,4799.1
46,admin.,married,high.school,no,yes,yes,cellular,nov,mon,142,9,999,0,success,0.19999999999999996,94.393,-54.2,2.4989999999999997,4799.1
58,admin.,married,university.degree,no,no,no,cellular,nov,thu,1249,8,999,0,success,3.1,95.494,-44.4,6.055000000000001,4891.0
53,admin.,married,university.degree,no,yes,no,telephone,nov,thu,395,10,999,0,success,3.4,95.965,-49.8,6.158,4928.1
49,blue-collar,single,basic.9y,no,no,no,cellular,nov,tue,248,5,999,0,success,3.1,95.494,-44.4,6.056,4891.0
50,admin.,married,university.degree,no,no,yes,cellular,nov,wed,1411,7,999,0,success,3.1,95.494,-44.4,6.058,4891.0
71,admin.,single,basic.9y,unknown,no,no,cellular,nov,fri,397,6,999,0,success,3.4,95.965,-49.8,6.159,4928.1
54,admin.,married,basic.4y,no,no,no,cellular,nov,mon,552,9,999,0,success,3.4,95.418,-50.7,6.16,4928.1
62,management,divorced,university.degree,no,no,no,cellular,nov,tue,476,6,999,0,success,3.1,95.494,-44.4,6.056,4891.0
57,admin.,married,professional.course,no,yes,no,telephone,nov,tue,2289,5,999,0,success,3.1,95.494,-44.4,6.057,4891.0
51,admin.,single,high.school,no,yes,no,cellular,aug,tue,343,5,999,0,nonexistent,3.4,94.944,-44.1,6.163,4928.1
41,admin.,single,high.school,no,yes,no,cellular,nov,fri,327,5,999,0,nonexistent,3.4,95.418,-50.7,6.157,4928.1
66,admin.,married,basic.9y,unknown,yes,no,cellular,nov,mon,152,10,6,2,success,0.19999999999999996,94.393,-54.2,2.4989999999999997,4799.1
42,admin.,married,high.school,no,no,yes,cellular,nov,wed,572,5,999,0,success,0.19999999999999996,94.393,-54.2,2.534,4799.1
65,admin.,single,unknown,unknown,yes,no,telephone,nov,tue,773,5,999,0,nonexistent,3.4,95.965,-49.8,6.064,4928.1
51,admin.,single,high.school,no,yes,yes,cellular,nov,mon,588,5,999,0,success,3.1,95.494,-44.4,6.058,4891.0
73,admin.,married,basic.4y,no,yes,no,telephone,may,tue,692,6,999,0,success,3.1,95.494,-44.4,6.056,4891.0
45,admin.,single,university.degree,no,yes,no,cellular,nov,thu,637,5,999,1,success,0.19999999999999996,94.393,-54.2,2.466,4799.1
46,admin.,married,basic.9y,no,yes,no,cellular,nov,tue,295,6,999,0,success,3.1,95.494,-44.4,6.056,4891.0
58,admin.,single,professional.course,no,no,no,cellular,jun,thu,359,5,999,0,success,3.4,95.965,-49.8,6.066,4928.1
45,admin.,married,university.degree,no,unknown,unknown,cellular,nov,mon,644,7,8,1,success,0.19999999999999996,94.343,-58.0,2.8289999999999997,4799.1
44,admin.,single,university.degree,no,yes,no,cellular,nov,tue,1265,5,999,0,nonexistent,1.9,94.7,-50.0,5.353,4895.8
53,admin.,single,high.school,no,yes,no,cellular,nov,tue,359,5,999,0,success,1.9,94.7,-50.0,5.353,4895.8
37,admin.,single,high.school,no,no,no,cellular,nov,thu,228,10,999,0,success,3.4,95.418,-50.7,6.168,4928.1
62,blue-collar,married,basic.9y,no,yes,no,cellular,nov,thu,469,7,999,0,success,3.1,95.494,-44.4,6.055000000000001,4891.0
43,admin.,married,high.school,no,yes,yes,cellular,may,thu,460,5,999,1,success,0.19999999999999996,94.393,-54.2,2.466,4799.1
48,admin.,married,high.school,unknown,no,no,cellular,nov,tue,610,9,999,1,success,0.19999999999999996,94.393,-54.2,2.4909999999999997,4799.1
58,admin.,married,high.school,unknown,no,yes,cellular,nov,wed,309,15,999,0,nonexistent,3.4,95.418,-50.7,6.163,4928.1
48,admin.,divorced,basic.9y,no,yes,no,telephone,nov,thu,399,5,999,0,success,3.4,95.965,-49.8,6.158,4928.1
65,admin.,married,basic.4y,no,yes,yes,cellular,nov,mon,475,6,999,0,success,0.19999999999999996,94.393,-54.2,2.4989999999999997,4799.1
67,admin.,married,basic.6y,no,no,no,cellular,nov,mon,496,6,999,1,success,-1.4,94.149,-38.1,1.922,4717.5
54,admin.,divorced,professional.course,no,yes,yes,cellular,nov,thu,311,5,999,0,success,3.4,95.965,-49.8,6.158,4928.1
48,technician,married,high.school,no,yes,no,cellular,aug,thu,327,5,999,0,success,3.4,94.944,-44.1,6.163,4928.1
52,admin.,single,high.school,no,unknown,unknown,cellular,nov,wed,316,7,999,0,success,3.4,95.965,-49.8,6.064,4928.1
48,entrepreneur,married,university.degree,no,no,no,cellular,nov,thu,219,5,999,0,success,1.9,94.7,-50.0,5.276,4895.8
60,admin.,married,basic.4y,unknown,no,no,cellular,nov,wed,356,5,999,0,success,3.4,94.944,-44.1,6.167,4928.1
52,admin.,married,basic.9y,no,yes,no,cellular,nov,mon,471,6,999,1,failure,0.19999999999999996,94.393,-54.2,2.4989999999999997,4799.1
49,admin.,married,high.school,no,yes,yes,cellular,nov,mon,467,5,999,0,success,3.4,95.418,-50.7,6.16,4928.1
46,admin.,divorced,high.school,no,yes,no,cellular,may,thu,239,6,999,1,failure,0.19999999999999996,94.393,-54.2,2.466,4799.1
50,admin.,married,university.degree,no,no,no,cellular,jul,tue,984,6,999,0,success,3.4,95.418,-50.7,6.162,4928.1
69,admin.,married,basic.6y,unknown,no,no,cellular,nov,wed,660,9,999,1,success,1.9,94.7,-50.0,5.32,4895.8
54,admin.,married,professional.course,no,yes,no,cellular,nov,thu,244,6,999,0,success,1.9,94.7,-50.0,5.276,4895.8
47,admin.,single,university.degree,no,yes,no,cellular,aug,thu,273,5,999,0,nonexistent,3.4,94.944,-44.1,6.164000000000001,4928.1
72,admin.,divorced,university.degree,unknown,yes,no,cellular,nov,fri,131,11,999,0,success,1.9,94.7,-50.0,5.221,4895.8
45,admin.,single,university.degree,no,no,no,cellular,nov,mon,421,6,999,0,success,3.4,94.944,-44.1,6.165,4928.1
63,admin.,married,unknown,unknown,no,no,cellular,nov,mon,406,5,999,0,nonexistent,1.9,94.7,-50.0,5.391,4895.8
56,admin.,divorced,basic.9y,no,yes,no,cellular,jun,thu,413,5,999,0,nonexistent,3.4,95.965,-49.8,6.066,4928.1
69,admin.,married,basic.9y,unknown,yes,yes,cellular,nov,mon,255,6,999,0,success,3.4,95.965,-49.8,6.1610000000000005,4928.1
44,admin.,married,basic.9y,no,yes,no,cellular,nov,mon,435,5,999,0,success,0.19999999999999996,94.393,-54.2,2.4989999999999997,4799.1
61,admin.,married,basic.6y,unknown,yes,no,cellular,nov,mon,338,6,999,0,success,3.4,94.944,-44.1,6.163,4928.1
53,admin.,married,high.school,no,no,no,cellular,nov,tue,503,7,999,0,success,3.1,95.494,-44.4,6.056,4891.0
42,blue-collar,single,basic.9y,unknown,yes,yes,cellular,may,thu,1241,5,999,0,success,0.19999999999999996,94.393,-54.2,2.527,4799.1
57,admin.,divorced,university.degree,no,yes,no,cellular,nov,fri,145,10,999,0,nonexistent,3.4,95.965,-49.8,6.159,4928.1
62,admin.,married,university.degree,unknown,yes,no,cellular,nov,fri,293,12,999,0,success,3.1,95.494,-44.4,6.064,4891.0
42,admin.,single,professional.course,no,no,no,cellular,may,tue,867,5,999,1,success,0.19999999999999996,94.393,-54.2,2.4909999999999997,4799.1
43,admin.,married,basic.9y,unknown,unknown,unknown,cellular,may,thu,248,5,999,0,success,3.1,95.494,-44.4,6.0600000000000005,4891.0
55,admin.,married,professional.course,no,no,no,telephone,may,tue,372,5,999,0,success,3.1,95.494,-44.4,6.057,4891.0
56,admin.,married,basic.9y,no,no,no,cellular,jul,mon,278,7,999,0,success,3.4,95.418,-50.7,6.16,4928.1
47,admin.,married,high.school,no,yes,no,cellular,nov,thu,586,6,999,1,success,0.19999999999999996,94.575,-55.1,2.635,4799.1
67,admin.,married,basic.4y,no,yes,no,cellular,may,thu,185,5,999,0,nonexistent,3.1,95.494,-44.4,6.0600000000000005,4891.0
46,admin.,single,high.school,no,no,no,cellular,jul,tue,473,7,999,0,success,3.4,95.418,-50.7,6.1610000000000005,4928.1
48,technician,single,high.school,no,no,no,cellular,nov,fri,343,6,999,0,success,0.19999999999999996,94.575,-55.1,2.605,4799.1
46,admin.,married,university.degree,no,yes,no,cellular,nov,wed,446,6,999,0,success,3.4,94.944,-44.1,6.164000000000001,4928.1
49,admin.,single,university.degree,no,no,no,cellular,nov,fri,370,10,999,1,failure,1.9,94.7,-50.0,5.221,4895.8
70,admin.,married,basic.4y,no,yes,no,telephone,nov,tue,286,5,999,0,success,3.4,95.418,-50.7,6.155,4928.1
58,admin.,married,high.school,no,yes,no,telephone,nov,wed,1173,7,999,0,success,3.1,95.494,-44.4,6.057,4891.0
64,admin.,married,professional.course,unknown,yes,no,cellular,nov,wed,835,6,999,0,success,3.4,94.944,-44.1,6.167,4928.1
43,admin.,single,professional.course,no,no,no,cellular,nov,fri,701,6,999,0,success,3.1,95.494,-44.4,6.059,4891.0
50,admin.,married,professional.course,no,no,no,cellular,nov,thu,406,5,999,0,success,3.4,95.965,-49.8,6.1610000000000005,4928.1
42,blue-collar,married,basic.9y,no,yes,yes,cellular,nov,tue,613,6,999,0,success,3.1,95.494,-44.4,6.056,4891.0
53,admin.,divorced,basic.9y,no,unknown,unknown,cellular,jul,fri,2136,6,999,0,success,3.4,95.418,-50.7,6.163,4928.1
52,admin.,single,university.degree,no,no,yes,cellular,nov,mon,489,12,999,0,nonexistent,3.4,94.944,-44.1,6.165,4928.1
53,admin.,married,university.degree,no,yes,no,cellular,nov,wed,385,5,999,0,nonexistent,0.19999999999999996,94.393,-54.2,2.534,4799.1
57,admin.,divorced,university.degree,no,no,no,cellular,nov,tue,221,11,999,0,success,3.4,94.944,-44.1,6.163,4928.1
74,admin.,married,basic.4y,no,yes,no,cellular,aug,fri,289,5,999,0,nonexistent,3.4,94.944,-44.1,6.163,4928.1
44,student,single,high.school,no,yes,no,cellular,nov,thu,1326,5,999,0,success,1.9,94.7,-50.0,5.276,4895.8
56,admin.,married,basic.9y,no,yes,no,telephone,nov,tue,876,5,999,0,success,3.1,95.494,-44.4,6.056,4891.0
62,blue-collar,married,basic.6y,unknown,yes,no,cellular,nov,mon,970,6,999,0,nonexistent,0.19999999999999996,94.393,-54.2,2.4989999999999997,4799.1
60,entrepreneur,single,university.degree,no,no,no,cellular,nov,mon,341,9,999,0,success,3.4,95.418,-50.7,6.162,4928.1
50,admin.,single,basic.6y,unknown,yes,no,telephone,nov,wed,1531,5,999,0,success,3.1,95.494,-44.4,6.059,4891.0
48,unemployed,divorced,professional.course,no,unknown,unknown,cellular,nov,mon,923,7,999,0,success,3.1,95.494,-44.4,6.058,4891.0
52,admin.,married,professional.course,no,yes,yes,cellular,nov,wed,602,5,999,0,success,3.1,95.494,-44.4,6.057,4891.0
58,admin.,single,high.school,no,yes,no,cellular,nov,fri,536,7,999,0,success,-0.8999999999999999,93.701,-39.4,2.081,4776.2
64,admin.,divorced,basic.4y,unknown,no,no,cellular,nov,thu,1776,6,999,0,nonexistent,3.1,95.494,-44.4,6.0600000000000005,4891.0
44,management,single,university.degree,no,yes,no,cellular,nov,mon,271,7,999,0,success,3.4,95.418,-50.7,6.162,4928.1
67,admin.,married,university.degree,no,no,no,cellular,nov,mon,286,6,999,0,success,3.4,95.965,-49.8,6.16,4928.1
51,admin.,married,university.degree,no,no,no,cellular,nov,wed,655,18,999,0,success,3.1,95.494,-44.4,6.057,4891.0
53,admin.,divorced,basic.9y,no,no,no,cellular,nov,wed,755,6,999,0,success,1.9,94.7,-50.0,5.32,4895.8
50,blue-collar,married,basic.9y,no,yes,no,cellular,nov,mon,791,6,999,0,success,3.4,95.965,-49.8,6.065,4928.1
43,admin.,single,university.degree,unknown,yes,no,cellular,nov,mon,566,7,999,0,success,3.4,95.418,-50.7,6.16,4928.1
48,admin.,married,high.school,no,no,no,cellular,jul,mon,244,6,999,0,success,3.4,95.418,-50.7,6.162,4928.1
64,admin.,married,basic.9y,no,yes,yes,cellular,nov,tue,381,8,999,0,success,3.4,95.418,-50.7,6.1610000000000005,4928.1
47,admin.,married,high.school,no,no,no,cellular,nov,thu,327,6,999,0,success,0.19999999999999996,94.343,-58.0,2.957,4799.1
79,admin.,married,university.degree,no,yes,no,cellular,nov,tue,383,8,999,0,success,0.19999999999999996,94.575,-55.1,2.605,4799.1
69,admin.,married,professional.course,no,no,no,cellular,nov,wed,1553,5,999,0,success,3.1,95.494,-44.4,6.057,4891.0
53,admin.,single,university.degree,no,yes,yes,cellular,may,mon,174,11,999,0,nonexistent,0.19999999999999996,94.393,-54.2,2.444,4799.1
57,admin.,divorced,university.degree,no,no,yes,cellular,nov,fri,554,6,999,0,success,3.4,95.418,-50.7,6.163,4928.1
69,admin.,single,basic.9y,no,no,no,cellular,nov,mon,455,7,999,0,success,3.4,95.965,-49.8,6.1610000000000005,4928.1
54,admin.,married,university.degree,no,yes,no,cellular,jun,mon,314,8,999,0,success,3.4,95.965,-49.8,6.065,4928.1
52,admin.,married,basic.6y,no,yes,no,cellular,nov,tue,273,8,999,0,nonexistent,0.19999999999999996,94.393,-54.2,2.544,4799.1
59,admin.,married,professional.course,no,no,no,cellular,aug,wed,273,6,999,0,nonexistent,3.4,94.944,-44.1,6.164000000000001,4928.1
41,technician,married,university.degree,no,no,no,cellular,nov,mon,1061,5,999,0,success,3.1,95.494,-44.4,6.057,4891.0
44,admin.,single,high.school,no,yes,no,cellular,nov,wed,561,6,999,0,success,3.1,95.494,-44.4,6.056,4891.0
58,blue-collar,married,basic.9y,no,no,no,telephone,nov,tue,138,5,999,0,success,1.9,95.298,-48.4,6.0600000000000005,4895.8
47,admin.,single,high.school,no,no,yes,cellular,nov,fri,444,6,999,0,nonexistent,3.4,95.965,-49.8,6.167,4928.1
65,admin.,married,basic.9y,unknown,yes,no,cellular,nov,thu,298,5,999,0,success,3.4,95.418,-50.7,6.162,4928.1
46,admin.,married,professional.course,unknown,no,no,cellular,nov,thu,534,5,999,0,success,1.9,94.7,-50.0,5.276,4895.8
69,admin.,married,university.degree,unknown,yes,no,cellular,nov,thu,703,7,999,0,nonexistent,3.4,95.418,-50.7,6.168,4928.1
60,blue-collar,married,unknown,unknown,no,no,cellular,nov,mon,521,5,999,0,success,3.1,95.494,-44.4,6.057,4891.0
65,admin.,divorced,basic.9y,no,yes,no,cellular,jul,fri,1024,6,999,0,success,3.4,95.418,-50.7,6.163,4928.1
55,technician,single,professional.course,unknown,yes,yes,cellular,nov,wed,289,8,999,0,success,3.4,94.944,-44.1,6.164000000000001,4928.1
67,admin.,married,high.school,no,yes,no,cellular,nov,tue,314,6,999,0,nonexistent,0.19999999999999996,94.393,-54.2,2.466,4799.1
72,admin.,divorced,high.school,no,no,no,telephone,nov,fri,412,5,999,0,success,3.1,95.494,-44.4,6.057,4891.0
45,admin.,single,high.school,no,yes,no,cellular,aug,fri,851,7,999,0,nonexistent,3.4,94.944,-44.1,6.166,4928.1
46,admin.,single,high.school,no,yes,no,cellular,nov,wed,262,5,999,0,success,1.9,94.7,-50.0,5.32,4895.8
55,admin.,married,professional.course,no,yes,yes,cellular,nov,mon,896,5,999,0,success,3.4,95.418,-50.7,6.162,4928.1
47,self-employed,single,university.degree,no,yes,no,cellular,nov,mon,307,5,999,0,nonexistent,-0.8999999999999999,94.463,-48.8,2.46,4776.2
59,admin.,married,high.school,no,yes,no,cellular,may,tue,138,9,999,0,success,0.19999999999999996,94.393,-54.2,2.544,4799.1
48,admin.,single,basic.4y,no,yes,yes,cellular,nov,thu,948,5,999,0,success,0.19999999999999996,94.575,-55.1,2.565,4799.1
67,admin.,married,university.degree,no,no,no,cellular,nov,tue,617,5,999,0,success,3.4,94.944,-44.1,6.163,4928.1
44,admin.,single,high.school,unknown,yes,no,cellular,may,wed,253,7,999,0,nonexistent,3.1,95.494,-44.4,6.057,4891.0
48,admin.,married,basic.4y,no,no,no,cellular,nov,tue,390,8,999,0,success,0.19999999999999996,94.393,-54.2,2.4909999999999997,4799.1
60,admin.,married,university.degree,no,no,no,telephone,nov,mon,752,5,999,0,success,3.1,95.494,-44.4,6.058,4891.0
48,admin.,married,high.school,no,no,no,cellular,nov,tue,187,5,999,0,nonexistent,1.9,95.298,-48.4,6.168,4895.8
47,admin.,married,high.school,no,no,no,cellular,nov,thu,561,5,999,0,nonexistent,0.8999999999999999,95.699,-45.5,2.078,4663.6
52,admin.,single,professional.course,no,no,no,cellular,nov,fri,613,9,999,0,nonexistent,3.4,95.418,-50.7,6.157,4928.1
57,admin.,married,basic.4y,unknown,no,no,cellular,nov,tue,601,7,999,0,success,3.1,95.494,-44.4,6.056,4891.0
62,admin.,married,basic.9y,no,no,no,cellular,nov,mon,295,5,999,0,nonexistent,1.9,94.7,-50.0,5.391,4895.8
61,admin.,married,university.degree,no,yes,no,cellular,nov,tue,494,6,999,0,nonexistent,3.4,94.944,-44.1,6.163,4928.1
46,admin.,divorced,university.degree,no,no,no,cellular,nov,thu,766,5,999,0,success,3.4,94.944,-44.1,6.168,4928.1
67,admin.,married,university.degree,no,yes,no,cellular,nov,wed,181,15,999,0,nonexistent,3.4,94.944,-44.1,6.164000000000001,4928.1
43,blue-collar,single,high.school,no,yes,no,cellular,nov,wed,1049,5,999,0,success,0.19999999999999996,94.393,-54.2,2.481,4799.1
57,admin.,married,basic.9y,unknown,yes,no,cellular,may,thu,444,5,999,0,nonexistent,3.1,95.494,-44.4,6.055000000000001,4891.0
45,admin.,single,basic.9y,no,no,no,cellular,nov,thu,167,5,999,0,success,1.9,94.7,-50.0,5.276,4895.8
56,admin.,married,unknown,no,no,no,cellular,nov,mon,584,6,999,0,success,3.4,94.944,-44.1,6.17,4928.1
46,admin.,married,basic.9y,no,no,no,cellular,apr,mon,1277,7,999,0,success,0.19999999999999996,94.575,-55.1,2.605,4799.1
51,admin.,single,university.degree,no,yes,no,cellular,apr,thu,613,6,999,0,success,0.19999999999999996,94.575,-55.1,2.61,4799.1
45,admin.,married,university.degree,no,yes,no,cellular,nov,tue,376,6,999,0,success,3.4,94.944,-44.1,6.168,4928.1
41,blue-collar,single,professional.course,no,yes,no,cellular,may,wed,475,6,999,0,success,0.19999999999999996,94.393,-54.2,2.481,4799.1
48,admin.,single,high.school,no,no,no,cellular,may,tue,397,5,999,0,nonexistent,0.19999999999999996,94.393,-54.2,2.544,4799.1
52,admin.,married,university.degree,no,no,no,telephone,nov,fri,212,5,999,0,success,3.1,95.494,-44.4,6.059,4891.0
46,entrepreneur,single,university.degree,no,yes,no,cellular,nov,fri,500,7,999,0,success,-0.8999999999999999,93.701,-39.4,2.069,4776.2
51,admin.,married,high.school,no,no,no,cellular,nov,mon,257,6,999,0,success,3.1,95.494,-44.4,6.057,4891.0
46,admin.,divorced,high.school,no,yes,yes,telephone,nov,tue,637,8,999,0,success,3.4,95.965,-49.8,6.1610000000000005,4928.1
51,admin.,married,professional.course,no,yes,no,cellular,nov,mon,1189,6,999,0,success,3.1,95.494,-44.4,6.058,4891.0
52,services,single,basic.6y,no,yes,no,cellular,nov,wed,287,5,999,1,success,0.19999999999999996,94.393,-54.2,2.481,4799.1
56,admin.,single,high.school,no,yes,yes,cellular,nov,thu,158,24,999,0,success,3.4,95.418,-50.7,6.162,4928.1
66,admin.,married,university.degree,no,yes,no,cellular,nov,fri,764,7,999,0,success,1.9,94.7,-50.0,5.221,4895.8
47,admin.,single,university.degree,no,no,yes,cellular,nov,wed,1094,5,999,0,nonexistent,1.9,94.7,-50.0,5.32,4895.8
59,admin.,married,professional.course,no,no,no,cellular,nov,mon,755,5,999,1,success,1.9,94.7,-50.0,5.391,4895.8
51,admin.,married,basic.9y,unknown,yes,no,cellular,nov,tue,190,9,999,0,success,0.19999999999999996,94.393,-54.2,2.544,4799.1
50,admin.,married,basic.9y,no,no,no,cellular,nov,mon,284,6,999,0,success,3.1,95.494,-44.4,6.057,4891.0
62,admin.,married,professional.course,unknown,yes,no,cellular,nov,tue,772,6,999,0,nonexistent,3.4,95.418,-50.7,6.162,4928.1
54,services,married,basic.4y,no,no,no,cellular,nov,thu,347,6,999,0,success,3.1,95.494,-44.4,6.0600000000000005,4891.0
66,admin.,married,professional.course,no,no,yes,cellular,nov,tue,1508,6,999,0,nonexistent,3.1,95.494,-44.4,6.056,4891.0
55,admin.,married,basic.4y,unknown,yes,no,cellular,nov,wed,489,5,999,0,success,3.4,95.418,-50.7,6.163,4928.1
69,admin.,married,high.school,no,yes,no,cellular,nov,thu,557,5,999,0,nonexistent,3.4,95.965,-49.8,6.066,4928.1
49,admin.,married,university.degree,no,no,no,cellular,nov,thu,219,5,999,0,success,3.4,94.944,-44.1,6.164000000000001,4928.1
61,admin.,married,basic.6y,unknown,yes,no,cellular,nov,tue,377,5,999,0,success,3.4,94.944,-44.1,6.163,4928.1
55,admin.,single,high.school,no,yes,no,cellular,nov,thu,2005,6,999,0,success,3.1,95.494,-44.4,6.0600000000000005,4891.0
57,admin.,married,basic.6y,no,no,no,cellular,nov,mon,487,5,999,0,success,3.1,95.494,-44.4,6.057,4891.0
48,admin.,married,university.degree,no,yes,no,cellular,nov,thu,343,5,999,0,nonexistent,0.19999999999999996,94.575,-55.1,2.61,4799.1
60,admin.,married,unknown,no,yes,no,cellular,nov,thu,593,5,999,0,success,0.19999999999999996,94.575,-55.1,2.61,4799.1
45,admin.,married,high.school,no,yes,no,cellular,nov,mon,169,11,999,0,success,0.19999999999999996,94.393,-54.2,2.4989999999999997,4799.1
48,admin.,single,professional.course,no,no,no,cellular,nov,thu,417,5,999,0,success,3.4,95.418,-50.7,6.163,4928.1
62,admin.,single,basic.6y,unknown,no,no,cellular,nov,wed,854,6,999,2,success,0.19999999999999996,94.393,-54.2,2.481,4799.1
65,admin.,married,basic.9y,no,yes,no,telephone,nov,thu,334,5,999,0,nonexistent,3.4,95.965,-49.8,6.158,4928.1
43,admin.,single,university.degree,no,yes,no,cellular,may,tue,561,5,999,0,success,0.19999999999999996,94.393,-54.2,2.4909999999999997,4799.1
60,admin.,divorced,basic.9y,no,yes,no,cellular,nov,mon,637,5,999,0,success,3.4,95.965,-49.8,6.16,4928.1
70,admin.,married,basic.4y,no,no,yes,cellular,nov,thu,453,5,999,0,success,3.4,95.418,-50.7,6.162,4928.1
59,management,married,basic.6y,no,yes,yes,cellular,nov,wed,397,5,999,0,nonexistent,0.19999999999999996,94.575,-55.1,2.615,4799.1
66,admin.,divorced,high.school,no,no,yes,cellular,nov,thu,235,5,999,0,nonexistent,1.9,94.7,-50.0,5.276,4895.8
44,admin.,single,high.school,no,yes,no,cellular,nov,fri,437,6,7,2,success,-1.4,94.149,-38.1,1.914,4717.5
48,admin.,married,basic.4y,no,unknown,unknown,cellular,nov,tue,352,12,999,0,success,3.1,95.494,-44.4,6.056,4891.0
59,admin.,married,high.school,unknown,no,no,cellular,nov,mon,367,5,999,0,nonexistent,3.4,95.418,-50.7,6.162,4928.1
56,admin.,married,basic.9y,no,yes,no,cellular,nov,tue,557,5,999,2,failure,0.19999999999999996,94.393,-54.2,2.544,4799.1
48,admin.,married,professional.course,no,yes,no,cellular,nov,thu,482,5,999,0,success,3.4,95.965,-49.8,6.1610000000000005,4928.1
51,blue-collar,married,basic.9y,no,no,no,cellular,aug,mon,395,6,999,1,success,-0.8999999999999999,93.701,-39.4,2.084,4776.2
63,admin.,married,university.degree,no,yes,no,cellular,nov,wed,638,5,999,0,success,1.9,94.7,-50.0,5.32,4895.8
44,admin.,divorced,university.degree,no,yes,no,cellular,nov,mon,386,6,999,0,success,3.4,95.418,-50.7,6.16,4928.1
52,blue-collar,married,basic.9y,no,yes,no,cellular,nov,mon,368,5,999,0,success,3.1,95.494,-44.4,6.058,4891.0
62,admin.,married,high.school,no,no,no,cellular,nov,tue,289,5,999,0,nonexistent,1.9,94.7,-50.0,5.353,4895.8
69,admin.,divorced,high.school,unknown,yes,no,telephone,nov,fri,509,5,999,0,success,3.1,95.494,-44.4,6.059,4891.0
52,admin.,divorced,university.degree,no,yes,yes,cellular,nov,thu,248,5,999,0,nonexistent,0.19999999999999996,94.393,-54.2,2.4699999999999998,4799.1
68,admin.,married,university.degree,unknown,unknown,unknown,cellular,nov,thu,363,6,999,0,success,3.1,95.494,-44.4,6.0600000000000005,4891.0
69,admin.,divorced,high.school,no,no,yes,cellular,nov,tue,352,8,999,0,success,3.4,95.418,-50.7,6.1610000000000005,4928.1
38,student,single,professional.course,no,yes,no,cellular,nov,wed,689,5,8,2,success,0.8999999999999999,95.699,-45.5,2.076,4663.6
63,housemaid,married,basic.4y,unknown,yes,yes,cellular,nov,tue,673,8,999,0,success,3.4,94.944,-44.1,6.168,4928.1
43,admin.,single,high.school,no,no,no,telephone,nov,wed,631,12,999,0,nonexistent,3.4,95.965,-49.8,6.162,4928.1
64,admin.,married,professional.course,no,yes,yes,cellular,nov,thu,140,18,999,0,success,3.4,94.944,-44.1,6.164000000000001,4928.1
47,admin.,single,professional.course,no,yes,no,cellular,nov,mon,217,5,999,0,success,0.19999999999999996,94.575,-55.1,2.605,4799.1
48,admin.,married,high.school,unknown,no,no,cellular,nov,thu,541,5,999,0,nonexistent,3.1,95.494,-44.4,6.055000000000001,4891.0
45,technician,single,professional.course,no,no,no,cellular,nov,tue,518,6,999,1,success,0.8999999999999999,95.699,-45.5,2.077,4663.6
64,admin.,married,basic.6y,no,yes,no,cellular,may,fri,3684,6,999,0,success,3.1,95.494,-44.4,6.064,4891.0
72,management,divorced,university.degree,no,no,no,cellular,nov,mon,520,6,999,0,nonexistent,3.1,95.494,-44.4,6.057,4891.0
85,admin.,married,university.degree,no,yes,no,cellular,nov,mon,251,7,999,1,success,-0.8999999999999999,93.701,-39.4,2.043,4776.2
53,admin.,divorced,university.degree,no,no,no,cellular,nov,tue,457,8,999,0,success,0.19999999999999996,94.393,-54.2,2.4909999999999997,4799.1
54,admin.,married,professional.course,no,yes,no,cellular,nov,wed,250,5,999,0,success,0.19999999999999996,94.393,-54.2,2.534,4799.1
89,admin.,married,professional.course,no,no,no,cellular,nov,wed,656,5,999,0,success,-0.8999999999999999,93.701,-39.4,2.0789999999999997,4776.2
46,admin.,single,high.school,no,no,no,cellular,nov,thu,899,6,999,0,success,0.19999999999999996,94.393,-54.2,2.466,4799.1
55,services,married,basic.4y,unknown,no,no,cellular,nov,fri,674,5,999,1,failure,0.19999999999999996,94.393,-54.2,2.513,4799.1
89,admin.,married,basic.4y,no,no,no,cellular,nov,thu,673,5,999,1,success,-0.8999999999999999,93.701,-39.4,2.073,4776.2
54,admin.,single,high.school,no,yes,yes,cellular,nov,thu,199,6,999,1,failure,1.9,94.7,-50.0,5.276,4895.8
53,admin.,divorced,university.degree,no,yes,no,cellular,nov,tue,439,6,999,0,success,0.19999999999999996,94.575,-55.1,2.5839999999999996,4799.1
33,admin.,single,high.school,no,no,no,cellular,nov,fri,581,6,7,2,success,-1.4,94.149,-38.1,1.914,4717.5
64,admin.,married,basic.4y,unknown,yes,no,cellular,nov,wed,1022,5,999,0,success,3.4,94.944,-44.1,6.167,4928.1
40,services,single,basic.9y,no,no,no,telephone,nov,thu,444,5,999,0,success,0.30000000000000004,95.555,-47.8,1.942,4691.6
84,admin.,married,unknown,no,no,no,cellular,jul,wed,833,6,999,0,success,-0.8999999999999999,93.969,-41.6,2.229,4776.2
56,services,married,high.school,unknown,yes,no,cellular,nov,thu,579,6,999,0,nonexistent,1.9,94.7,-50.0,5.276,4895.8
47,admin.,married,high.school,no,no,yes,cellular,jun,mon,372,5,999,0,nonexistent,3.4,95.965,-49.8,6.16,4928.1
64,admin.,married,high.school,unknown,yes,no,cellular,nov,wed,422,6,999,0,success,0.19999999999999996,94.393,-54.2,2.481,4799.1
73,admin.,married,professional.course,no,yes,no,cellular,nov,fri,212,8,999,0,success,3.4,95.418,-50.7,6.162,4928.1
63,admin.,single,professional.course,no,yes,no,cellular,nov,wed,1211,7,999,0,nonexistent,0.19999999999999996,94.393,-54.2,2.534,4799.1
44,admin.,married,basic.9y,unknown,no,no,cellular,nov,mon,217,5,999,1,success,0.19999999999999996,94.575,-55.1,2.605,4799.1
58,admin.,married,basic.6y,no,no,no,cellular,sep,tue,327,5,999,0,success,-1.4,93.879,-37.8,1.95,4717.5
46,admin.,married,basic.9y,no,no,no,cellular,nov,mon,442,6,999,0,success,3.4,95.965,-49.8,6.16,4928.1
47,admin.,married,high.school,no,no,no,cellular,nov,thu,433,5,999,0,success,3.4,95.418,-50.7,6.163,4928.1
55,admin.,married,basic.6y,no,yes,no,cellular,nov,tue,129,5,999,0,success,0.30000000000000004,95.555,-47.8,1.902,4691.6
60,admin.,married,professional.course,no,no,no,cellular,nov,mon,268,5,999,0,nonexistent,3.4,94.944,-44.1,6.165,4928.1
71,admin.,married,basic.4y,unknown,yes,no,cellular,nov,fri,190,8,999,1,success,1.9,94.7,-50.0,5.221,4895.8
43,admin.,married,high.school,no,yes,no,telephone,nov,wed,548,6,999,0,success,3.1,95.494,-44.4,6.056,4891.0
47,admin.,married,high.school,no,yes,no,cellular,nov,wed,228,6,999,0,nonexistent,1.9,94.7,-50.0,5.32,4895.8
75,admin.,married,professional.course,no,yes,no,cellular,sep,thu,307,5,999,1,success,-1.4,93.879,-37.8,2.009,4717.5
52,admin.,married,basic.9y,no,yes,no,cellular,nov,thu,478,6,999,0,success,0.19999999999999996,94.393,-54.2,2.527,4799.1
61,admin.,married,basic.4y,unknown,no,no,telephone,nov,thu,469,6,999,0,success,3.1,95.494,-44.4,6.0600000000000005,4891.0
51,admin.,divorced,high.school,no,yes,no,cellular,nov,fri,534,7,999,0,nonexistent,1.9,94.7,-50.0,5.221,4895.8
49,admin.,married,professional.course,no,yes,no,telephone,may,tue,566,6,999,0,success,3.1,95.494,-44.4,6.056,4891.0
72,admin.,single,unknown,unknown,yes,yes,cellular,jul,mon,433,10,999,0,success,3.4,95.418,-50.7,6.162,4928.1
71,admin.,married,unknown,no,no,yes,cellular,nov,fri,1898,8,999,0,success,3.4,95.965,-49.8,6.159,4928.1
48,admin.,married,high.school,no,no,yes,telephone,nov,mon,228,13,999,0,nonexistent,3.4,95.965,-49.8,6.065,4928.1
60,admin.,married,university.degree,no,no,no,cellular,nov,thu,237,5,999,0,nonexistent,3.4,95.965,-49.8,6.1610000000000005,4928.1
49,admin.,married,university.degree,no,no,no,cellular,nov,thu,134,12,999,0,success,3.4,94.944,-44.1,6.162,4928.1
59,admin.,married,basic.9y,unknown,yes,no,cellular,nov,wed,259,6,999,0,nonexistent,3.4,94.944,-44.1,6.164000000000001,4928.1
54,admin.,married,basic.6y,no,yes,no,cellular,nov,fri,439,5,999,0,success,0.19999999999999996,94.575,-55.1,2.605,4799.1
47,admin.,single,professional.course,no,yes,no,cellular,aug,tue,248,6,999,0,nonexistent,3.4,94.944,-44.1,6.165,4928.1
58,admin.,married,high.school,unknown,no,no,cellular,nov,mon,730,5,999,0,success,3.4,95.418,-50.7,6.16,4928.1
46,admin.,single,university.degree,no,no,yes,cellular,nov,fri,856,6,999,0,success,3.4,95.418,-50.7,6.157,4928.1
91,admin.,married,basic.4y,no,yes,no,cellular,nov,fri,2289,6,6,2,success,0.19999999999999996,95.376,-48.0,1.884,4708.7
73,admin.,married,university.degree,unknown,yes,yes,cellular,nov,wed,604,5,999,0,success,3.4,94.944,-44.1,6.167,4928.1
48,admin.,single,university.degree,no,yes,yes,cellular,nov,wed,318,6,999,0,success,3.4,94.944,-44.1,6.165,4928.1
66,admin.,divorced,university.degree,no,no,no,cellular,nov,wed,419,11,999,1,success,-0.8999999999999999,93.969,-41.6,2.179,4776.2
39,admin.,single,basic.4y,no,no,no,cellular,nov,fri,241,5,999,0,success,3.4,95.418,-50.7,6.163,4928.1
54,housemaid,married,basic.4y,no,no,no,cellular,nov,thu,449,5,999,0,success,3.4,94.944,-44.1,6.163,4928.1
67,management,divorced,university.degree,no,no,no,cellular,nov,fri,759,6,999,0,success,3.1,95.494,-44.4,6.059,4891.0
64,admin.,married,high.school,unknown,no,no,telephone,nov,thu,370,5,999,0,success,3.4,95.965,-49.8,6.1610000000000005,4928.1
51,technician,married,professional.course,no,yes,no,cellular,nov,fri,728,8,999,0,success,3.1,95.494,-44.4,6.055000000000001,4891.0
40,technician,single,high.school,no,no,no,cellular,nov,fri,293,7,999,0,success,3.4,95.418,-50.7,6.157,4928.1
59,admin.,married,high.school,no,no,no,cellular,nov,wed,536,5,999,0,success,0.19999999999999996,94.393,-54.2,2.481,4799.1
54,admin.,married,university.degree,unknown,no,no,cellular,nov,wed,478,5,999,0,success,1.9,94.7,-50.0,5.32,4895.8
60,admin.,married,unknown,no,no,no,cellular,nov,wed,280,9,999,0,success,3.4,95.965,-49.8,6.162,4928.1
44,admin.,single,high.school,unknown,unknown,unknown,cellular,nov,thu,556,6,999,0,success,3.1,95.494,-44.4,6.055000000000001,4891.0
60,admin.,married,high.school,no,no,no,cellular,jun,wed,345,12,999,0,success,3.4,95.965,-49.8,6.162,4928.1
48,blue-collar,single,basic.4y,no,no,no,cellular,nov,tue,683,5,999,0,success,0.19999999999999996,94.393,-54.2,2.4909999999999997,4799.1
41,admin.,single,high.school,no,yes,yes,cellular,nov,wed,1240,5,999,0,success,3.4,95.965,-49.8,6.064,4928.1
43,admin.,married,professional.course,no,yes,no,cellular,nov,tue,264,6,999,0,success,3.1,95.494,-44.4,6.056,4891.0
45,admin.,married,high.school,no,yes,no,cellular,nov,wed,568,6,999,0,success,3.1,95.494,-44.4,6.059,4891.0
49,admin.,married,university.degree,no,no,yes,cellular,nov,tue,334,6,999,0,success,3.4,95.418,-50.7,6.162,4928.1
44,technician,married,university.degree,no,yes,yes,cellular,aug,wed,289,6,999,0,success,3.4,94.944,-44.1,6.164000000000001,4928.1
51,admin.,married,basic.9y,no,yes,no,cellular,nov,wed,446,5,999,0,success,0.19999999999999996,94.393,-54.2,2.534,4799.1
66,admin.,married,illiterate,unknown,no,no,cellular,jul,mon,392,8,999,0,nonexistent,3.4,95.418,-50.7,6.16,4928.1
53,admin.,single,university.degree,no,yes,yes,cellular,nov,wed,1211,7,999,0,success,0.19999999999999996,94.393,-54.2,2.534,4799.1
53,admin.,divorced,high.school,no,yes,no,cellular,nov,mon,428,6,999,0,nonexistent,3.4,94.944,-44.1,6.165,4928.1
47,admin.,single,university.degree,no,yes,no,cellular,nov,tue,739,6,999,0,success,3.4,95.965,-49.8,6.1610000000000005,4928.1
57,admin.,single,unknown,no,no,no,telephone,nov,tue,412,8,999,0,success,3.1,95.494,-44.4,6.056,4891.0
33,admin.,single,unknown,no,no,no,cellular,sep,tue,842,6,999,0,success,-1.4,93.879,-37.8,1.988,4717.5
49,management,single,university.degree,no,no,no,cellular,may,tue,557,5,999,0,success,3.1,95.494,-44.4,6.056,4891.0
64,admin.,married,university.degree,no,no,no,cellular,nov,mon,313,7,999,0,success,3.1,95.494,-44.4,6.057,4891.0
70,admin.,married,university.degree,no,no,no,cellular,nov,fri,1054,5,999,1,success,0.19999999999999996,94.575,-55.1,2.605,4799.1
52,admin.,married,basic.9y,unknown,yes,yes,cellular,nov,fri,797,7,999,0,success,3.1,95.494,-44.4,6.064,4891.0
65,admin.,married,university.degree,unknown,yes,no,cellular,nov,thu,395,10,999,0,success,3.4,95.965,-49.8,6.158,4928.1
39,admin.,single,high.school,no,no,no,cellular,nov,mon,1483,6,999,0,success,3.1,95.494,-44.4,6.057,4891.0
55,admin.,single,high.school,no,yes,no,cellular,nov,wed,520,6,999,0,success,3.1,95.494,-44.4,6.059,4891.0
50,admin.,married,basic.9y,no,no,no,cellular,nov,thu,268,5,999,0,success,0.19999999999999996,94.393,-54.2,2.527,4799.1
51,admin.,married,university.degree,unknown,no,no,cellular,aug,fri,494,8,999,0,success,3.4,94.944,-44.1,6.164000000000001,4928.1
47,admin.,single,university.degree,no,yes,yes,cellular,nov,tue,295,5,999,0,success,0.19999999999999996,94.343,-58.0,2.887,4799.1
43,admin.,single,basic.9y,no,yes,no,cellular,nov,thu,619,7,999,0,success,3.4,95.418,-50.7,6.158,4928.1
65,admin.,married,basic.4y,no,yes,no,cellular,nov,tue,390,6,999,0,success,1.9,94.7,-50.0,5.353,4895.8
43,admin.,single,unknown,no,yes,no,cellular,may,wed,622,6,999,0,success,3.1,95.494,-44.4,6.057,4891.0
53,admin.,divorced,high.school,no,no,no,cellular,nov,fri,824,7,999,1,failure,-0.8999999999999999,93.701,-39.4,2.069,4776.2
48,admin.,single,high.school,unknown,unknown,unknown,cellular,nov,thu,806,7,999,0,success,3.4,94.944,-44.1,6.163,4928.1
54,admin.,divorced,basic.6y,unknown,yes,yes,telephone,nov,wed,178,5,999,0,success,3.1,95.494,-44.4,6.056,4891.0
69,admin.,married,high.school,no,yes,no,cellular,aug,tue,365,9,999,0,success,3.4,94.944,-44.1,6.166,4928.1
46,admin.,married,university.degree,no,yes,no,cellular,nov,fri,309,8,999,1,success,1.9,94.7,-50.0,5.221,4895.8
46,admin.,single,high.school,no,no,no,cellular,jul,tue,372,7,999,0,success,3.4,95.418,-50.7,6.162,4928.1
73,admin.,divorced,basic.4y,no,yes,no,cellular,nov,tue,619,5,999,0,nonexistent,3.1,95.494,-44.4,6.056,4891.0
45,technician,married,professional.course,no,yes,no,cellular,nov,tue,489,5,999,0,success,3.4,94.944,-44.1,6.163,4928.1
100,admin.,married,basic.4y,unknown,no,no,cellular,nov,tue,419,5,999,0,success,0.19999999999999996,95.249,-42.6,1.842,4708.7
64,admin.,married,basic.9y,no,no,no,cellular,may,tue,478,8,999,0,nonexistent,3.1,95.494,-44.4,6.056,4891.0
47,admin.,married,basic.4y,no,yes,no,cellular,nov,fri,1076,5,999,0,success,0.19999999999999996,94.575,-55.1,2.605,4799.1
64,admin.,married,basic.4y,unknown,no,no,cellular,nov,tue,340,5,999,0,success,3.4,95.418,-50.7,6.155,4928.1
60,admin.,married,university.degree,no,no,no,cellular,nov,thu,253,5,999,0,success,-0.8999999999999999,93.969,-41.6,2.2720000000000002,4776.2
65,entrepreneur,married,basic.4y,no,no,no,telephone,nov,fri,156,6,999,0,success,3.4,95.965,-49.8,6.159,4928.1
71,admin.,married,basic.6y,no,unknown,unknown,telephone,nov,mon,761,9,999,0,nonexistent,3.4,95.965,-49.8,6.1610000000000005,4928.1
55,admin.,single,professional.course,no,yes,no,cellular,nov,thu,1016,5,999,0,success,3.4,95.418,-50.7,6.162,4928.1
48,admin.,single,university.degree,no,no,no,cellular,nov,fri,183,7,999,0,success,3.4,94.944,-44.1,6.163,4928.1
63,admin.,married,professional.course,unknown,yes,no,telephone,nov,fri,181,6,999,0,success,3.1,95.494,-44.4,6.064,4891.0
63,admin.,divorced,university.degree,no,yes,no,cellular,nov,tue,406,9,999,0,nonexistent,3.1,95.494,-44.4,6.057,4891.0
52,technician,married,high.school,no,yes,no,cellular,may,fri,365,5,999,0,nonexistent,3.1,95.494,-44.4,6.059,4891.0
48,admin.,married,university.degree,no,no,no,cellular,nov,thu,239,11,999,0,nonexistent,3.4,95.418,-50.7,6.158,4928.1
48,technician,single,professional.course,no,yes,no,cellular,nov,tue,880,6,999,0,nonexistent,0.19999999999999996,94.393,-54.2,2.4909999999999997,4799.1
45,admin.,single,university.degree,no,yes,no,cellular,aug,tue,815,7,999,0,success,3.4,94.944,-44.1,6.163,4928.1
71,services,married,high.school,unknown,yes,no,telephone,nov,fri,167,6,999,0,success,3.1,95.494,-44.4,6.055000000000001,4891.0
52,technician,single,university.degree,no,yes,no,cellular,nov,tue,644,6,999,0,success,3.1,95.494,-44.4,6.057,4891.0
64,blue-collar,married,basic.9y,unknown,no,yes,cellular,nov,mon,642,5,999,0,success,0.19999999999999996,94.393,-54.2,2.4989999999999997,4799.1
66,self-employed,single,university.degree,no,yes,no,telephone,nov,tue,1006,6,999,0,success,3.1,95.494,-44.4,6.057,4891.0
41,admin.,single,high.school,no,no,no,cellular,nov,fri,988,6,999,0,success,-0.8999999999999999,93.701,-39.4,2.069,4776.2
53,admin.,married,unknown,no,yes,no,cellular,nov,thu,169,14,999,0,success,3.4,94.944,-44.1,6.162,4928.1
48,admin.,married,basic.9y,no,no,no,cellular,may,wed,755,6,999,0,success,0.19999999999999996,94.393,-54.2,2.534,4799.1
54,admin.,married,professional.course,no,no,yes,cellular,nov,thu,1616,8,999,0,nonexistent,0.19999999999999996,94.393,-54.2,2.527,4799.1
44,admin.,single,university.degree,no,no,no,cellular,nov,tue,248,5,999,0,success,3.4,95.965,-49.8,6.1610000000000005,4928.1
58,admin.,married,basic.9y,no,no,yes,cellular,nov,wed,442,6,999,0,success,0.19999999999999996,94.393,-54.2,2.534,4799.1
53,admin.,married,university.degree,no,yes,no,cellular,nov,mon,260,6,999,1,success,0.19999999999999996,94.393,-54.2,2.444,4799.1
68,admin.,married,high.school,no,yes,no,cellular,nov,fri,210,6,999,0,nonexistent,1.9,94.7,-50.0,5.221,4895.8
44,admin.,single,high.school,no,yes,yes,cellular,may,wed,421,7,999,0,success,3.1,95.494,-44.4,6.059,4891.0
60,admin.,married,high.school,no,yes,no,cellular,nov,thu,1371,5,999,0,success,3.1,95.494,-44.4,6.0600000000000005,4891.0
39,admin.,single,university.degree,no,no,no,cellular,nov,mon,235,6,999,0,success,0.19999999999999996,94.393,-54.2,2.444,4799.1
63,entrepreneur,married,basic.4y,no,no,yes,cellular,nov,mon,507,5,999,0,nonexistent,3.4,95.965,-49.8,6.065,4928.1
61,admin.,married,university.degree,no,no,no,telephone,nov,tue,215,10,999,0,success,3.4,95.418,-50.7,6.1610000000000005,4928.1
61,admin.,married,basic.9y,unknown,no,no,cellular,nov,fri,361,14,999,0,nonexistent,3.1,95.494,-44.4,6.057,4891.0
62,admin.,married,university.degree,no,no,no,cellular,nov,fri,932,6,999,0,success,3.4,94.944,-44.1,6.163,4928.1
62,admin.,divorced,professional.course,unknown,no,no,cellular,nov,tue,286,6,999,0,success,3.1,95.494,-44.4,6.056,4891.0
53,admin.,married,high.school,no,yes,no,cellular,nov,thu,934,7,999,0,success,3.4,94.944,-44.1,6.168,4928.1
66,admin.,married,basic.9y,no,yes,no,cellular,may,tue,784,5,999,0,nonexistent,3.1,95.494,-44.4,6.056,4891.0
62,admin.,married,high.school,no,no,no,cellular,nov,wed,957,15,999,0,nonexistent,3.1,95.494,-44.4,6.058,4891.0
57,blue-collar,married,basic.4y,unknown,no,no,telephone,nov,thu,545,5,999,0,success,3.4,95.965,-49.8,6.158,4928.1
63,admin.,divorced,high.school,no,no,no,cellular,nov,tue,539,6,999,0,success,3.1,95.494,-44.4,6.057,4891.0
70,admin.,single,basic.4y,no,no,no,telephone,nov,wed,489,8,999,0,success,3.4,95.965,-49.8,6.162,4928.1
53,technician,married,professional.course,no,yes,no,cellular,nov,thu,318,5,999,1,success,0.19999999999999996,94.575,-55.1,2.565,4799.1
48,admin.,married,high.school,no,yes,yes,cellular,apr,mon,152,9,999,0,nonexistent,0.19999999999999996,94.575,-55.1,2.605,4799.1
57,admin.,divorced,basic.6y,unknown,no,no,cellular,nov,wed,329,5,999,0,nonexistent,3.1,95.494,-44.4,6.059,4891.0
52,admin.,single,university.degree,no,yes,no,cellular,nov,fri,759,6,999,0,success,3.1,95.494,-44.4,6.064,4891.0
58,admin.,married,high.school,no,no,no,telephone,nov,thu,489,8,999,0,success,3.1,95.494,-44.4,6.055000000000001,4891.0
60,admin.,married,basic.9y,no,no,no,cellular,nov,mon,181,13,999,0,success,3.1,95.494,-44.4,6.058,4891.0
67,services,married,basic.9y,unknown,yes,no,cellular,nov,fri,408,7,999,1,failure,1.9,94.7,-50.0,5.221,4895.8
46,admin.,single,professional.course,no,no,no,telephone,jul,fri,374,6,999,0,success,3.4,95.418,-50.7,6.159,4928.1
48,admin.,married,university.degree,no,yes,yes,cellular,nov,wed,833,6,999,0,success,0.8999999999999999,95.699,-45.5,2.0789999999999997,4663.6
71,admin.,married,professional.course,no,yes,no,cellular,nov,thu,523,5,999,0,success,3.4,95.418,-50.7,6.162,4928.1
72,admin.,divorced,basic.4y,no,yes,no,cellular,nov,thu,934,6,999,0,success,3.1,95.494,-44.4,6.0600000000000005,4891.0
57,admin.,single,university.degree,no,no,no,cellular,nov,tue,309,6,999,0,success,3.4,94.944,-44.1,6.166,4928.1
61,admin.,single,university.degree,no,no,yes,cellular,nov,tue,431,5,999,1,failure,0.8999999999999999,96.267,-58.8,2.246,4663.6
43,admin.,married,high.school,no,no,no,cellular,jun,thu,874,8,999,0,nonexistent,3.4,95.965,-49.8,6.1610000000000005,4928.1
34,admin.,single,high.school,unknown,yes,no,cellular,nov,tue,728,8,999,0,success,0.19999999999999996,94.393,-54.2,2.544,4799.1
45,admin.,single,university.degree,no,yes,no,cellular,nov,tue,1133,6,999,0,success,0.19999999999999996,94.575,-55.1,2.623,4799.1
55,services,married,high.school,unknown,yes,no,cellular,nov,wed,566,6,999,0,success,3.1,95.494,-44.4,6.059,4891.0
45,admin.,single,university.degree,no,no,no,cellular,nov,wed,264,9,999,0,success,0.19999999999999996,94.575,-55.1,2.572,4799.1
70,retired,married,basic.9y,no,no,no,cellular,nov,mon,566,7,999,0,success,3.4,94.944,-44.1,6.165,4928.1
51,admin.,married,high.school,unknown,no,no,cellular,nov,mon,140,18,999,0,success,0.19999999999999996,94.393,-54.2,2.444,4799.1
51,admin.,married,basic.9y,no,yes,no,cellular,nov,tue,527,5,999,0,success,0.19999999999999996,94.575,-55.1,2.653,4799.1
54,admin.,divorced,basic.9y,no,no,no,cellular,nov,wed,773,5,999,1,failure,0.19999999999999996,94.393,-54.2,2.481,4799.1
48,admin.,divorced,unknown,no,no,no,cellular,nov,mon,239,5,999,0,success,3.4,95.418,-50.7,6.16,4928.1
59,technician,married,high.school,no,yes,no,cellular,nov,fri,773,11,999,0,nonexistent,3.1,95.494,-44.4,6.064,4891.0
55,admin.,married,high.school,no,yes,no,cellular,may,tue,829,5,999,0,success,0.19999999999999996,94.393,-54.2,2.544,4799.1
81,admin.,married,unknown,no,no,no,cellular,nov,wed,242,7,999,0,success,-0.8999999999999999,93.701,-39.4,2.0789999999999997,4776.2
67,admin.,married,high.school,no,yes,no,cellular,nov,wed,498,5,999,0,success,1.9,94.7,-50.0,5.32,4895.8
47,technician,married,professional.course,unknown,yes,no,cellular,nov,thu,316,10,999,0,success,3.4,94.944,-44.1,6.162,4928.1
56,admin.,divorced,university.degree,no,yes,no,cellular,nov,wed,329,6,999,0,success,3.4,94.944,-44.1,6.164000000000001,4928.1
60,admin.,married,basic.4y,unknown,yes,no,cellular,nov,mon,1184,6,999,0,nonexistent,3.4,94.944,-44.1,6.165,4928.1
73,admin.,married,basic.4y,no,no,no,cellular,nov,tue,1036,5,999,0,nonexistent,3.4,94.944,-44.1,6.166,4928.1
48,blue-collar,married,basic.9y,no,yes,no,cellular,nov,wed,241,5,999,0,success,3.1,95.494,-44.4,6.056,4891.0
47,admin.,married,university.degree,no,yes,no,cellular,nov,fri,262,7,999,0,success,3.4,94.944,-44.1,6.166,4928.1
63,admin.,married,professional.course,no,yes,no,cellular,apr,mon,719,5,7,1,success,0.19999999999999996,95.249,-42.6,1.842,4708.7
55,management,married,high.school,unknown,no,no,cellular,nov,fri,201,6,999,0,success,3.1,95.494,-44.4,6.064,4891.0
58,admin.,married,professional.course,no,yes,no,telephone,nov,tue,322,5,999,0,success,3.4,95.965,-49.8,6.064,4928.1
51,technician,married,professional.course,no,yes,no,cellular,nov,thu,464,5,999,1,success,0.19999999999999996,94.393,-54.2,2.527,4799.1
50,admin.,divorced,high.school,no,yes,no,cellular,nov,tue,500,9,999,0,nonexistent,0.19999999999999996,94.393,-54.2,2.4909999999999997,4799.1
53,admin.,married,basic.9y,no,yes,no,cellular,oct,mon,421,7,999,0,nonexistent,-1.4,93.931,-34.9,1.939,4717.5
52,admin.,married,high.school,no,unknown,unknown,cellular,nov,fri,629,7,999,0,success,3.4,95.965,-49.8,6.159,4928.1
55,admin.,single,university.degree,no,yes,yes,cellular,nov,fri,199,5,999,0,success,1.9,94.7,-50.0,5.221,4895.8
52,admin.,single,high.school,unknown,no,no,cellular,nov,tue,1402,10,999,0,success,3.4,95.418,-50.7,6.1610000000000005,4928.1
45,admin.,single,university.degree,no,no,yes,cellular,nov,wed,244,6,999,0,success,3.4,94.944,-44.1,6.164000000000001,4928.1
60,admin.,married,high.school,unknown,no,no,cellular,may,fri,1101,6,999,0,success,3.1,95.494,-44.4,6.055000000000001,4891.0
74,admin.,married,basic.9y,unknown,yes,no,cellular,nov,wed,264,5,999,0,success,3.4,94.944,-44.1,6.164000000000001,4928.1
55,admin.,married,basic.6y,no,yes,no,cellular,nov,mon,793,7,999,0,success,0.19999999999999996,94.575,-55.1,2.605,4799.1
56,admin.,married,university.degree,no,no,no,cellular,jun,wed,352,8,999,0,nonexistent,3.4,95.965,-49.8,6.064,4928.1
42,admin.,single,university.degree,no,yes,no,cellular,jun,fri,259,5,999,0,success,-0.8999999999999999,94.463,-48.8,2.468,4776.2
52,admin.,married,university.degree,no,unknown,unknown,cellular,jun,fri,1204,5,10,1,success,0.30000000000000004,95.555,-47.8,1.919,4691.6
49,admin.,divorced,unknown,no,no,no,cellular,nov,thu,192,11,999,0,success,3.4,95.418,-50.7,6.168,4928.1
46,management,married,university.degree,no,no,no,cellular,nov,fri,548,5,999,1,success,0.19999999999999996,94.393,-54.2,2.513,4799.1
46,admin.,single,university.degree,no,yes,no,cellular,nov,mon,862,5,999,0,success,1.9,94.7,-50.0,5.391,4895.8
46,admin.,single,professional.course,no,no,no,telephone,nov,wed,269,5,999,0,success,3.1,95.494,-44.4,6.057,4891.0
53,admin.,single,basic.9y,no,yes,no,cellular,nov,fri,188,10,999,0,success,3.4,95.965,-49.8,6.159,4928.1
52,admin.,married,high.school,no,yes,no,cellular,nov,mon,946,5,999,0,success,-1.4,94.149,-38.1,1.922,4717.5
45,admin.,married,basic.9y,no,no,no,cellular,nov,thu,215,33,999,0,success,3.4,95.965,-49.8,6.066,4928.1
52,admin.,single,university.degree,no,yes,no,cellular,nov,thu,289,11,999,0,success,3.4,94.944,-44.1,6.162,4928.1
71,admin.,married,professional.course,no,no,no,cellular,nov,wed,343,5,999,0,success,-1.0,94.213,-41.0,1.915,4723.5
69,admin.,married,high.school,unknown,yes,no,cellular,nov,mon,185,37,999,0,success,3.4,95.418,-50.7,6.16,4928.1
59,admin.,married,basic.9y,no,no,no,cellular,nov,mon,363,7,999,0,success,3.4,94.944,-44.1,6.17,4928.1
62,admin.,divorced,university.degree,no,no,no,cellular,nov,tue,435,6,999,0,success,0.19999999999999996,94.393,-54.2,2.466,4799.1
51,admin.,married,basic.9y,no,unknown,unknown,cellular,nov,fri,712,6,999,0,success,0.19999999999999996,94.575,-55.1,2.6790000000000003,4799.1
48,admin.,married,basic.9y,unknown,no,no,cellular,nov,thu,761,5,999,0,success,3.4,95.418,-50.7,6.163,4928.1
49,admin.,married,unknown,no,no,no,cellular,nov,wed,538,10,999,0,success,0.19999999999999996,94.393,-54.2,2.534,4799.1
42,technician,single,professional.course,no,yes,no,cellular,nov,fri,169,5,999,0,success,3.1,95.494,-44.4,6.057,4891.0
43,admin.,single,university.degree,no,yes,no,cellular,nov,thu,460,6,999,0,success,-1.4,94.149,-38.1,1.914,4717.5
44,admin.,married,university.degree,no,yes,no,cellular,nov,mon,277,6,999,0,success,0.19999999999999996,94.393,-54.2,2.444,4799.1
44,admin.,single,university.degree,unknown,yes,no,cellular,nov,fri,401,5,999,0,success,3.4,94.944,-44.1,6.166,4928.1
73,admin.,married,university.degree,no,no,no,cellular,jul,wed,302,5,999,0,success,3.4,95.418,-50.7,6.163,4928.1
64,admin.,single,high.school,no,yes,no,cellular,nov,tue,966,6,999,0,success,3.4,95.418,-50.7,6.1610000000000005,4928.1
65,admin.,divorced,high.school,no,no,no,cellular,nov,tue,185,5,999,0,success,3.4,95.418,-50.7,6.1610000000000005,4928.1
56,admin.,married,basic.6y,no,yes,no,cellular,nov,wed,1286,5,999,0,nonexistent,3.1,95.494,-44.4,6.057,4891.0
50,admin.,divorced,professional.course,no,yes,no,cellular,nov,tue,1085,6,999,0,success,3.4,94.944,-44.1,6.166,4928.1
40,admin.,single,university.degree,no,yes,no,cellular,nov,wed,404,6,999,0,success,3.1,95.494,-44.4,6.057,4891.0
69,admin.,married,high.school,no,no,no,cellular,nov,wed,574,6,6,2,success,0.8999999999999999,96.101,-57.5,2.185,4663.6
65,admin.,married,professional.course,unknown,no,yes,cellular,jul,tue,311,5,999,0,success,3.4,95.418,-50.7,6.1610000000000005,4928.1
51,admin.,married,high.school,no,no,no,cellular,nov,wed,529,10,999,0,success,3.4,95.418,-50.7,6.163,4928.1
51,admin.,married,professional.course,no,yes,no,cellular,nov,wed,291,9,999,0,nonexistent,3.4,94.944,-44.1,6.164000000000001,4928.1
55,admin.,married,high.school,no,no,no,cellular,nov,tue,318,5,999,0,success,3.1,95.494,-44.4,6.056,4891.0
45,blue-collar,married,basic.9y,no,no,yes,cellular,nov,mon,1083,10,999,0,success,3.1,95.494,-44.4,6.057,4891.0
70,admin.,married,basic.9y,no,yes,no,cellular,nov,tue,449,6,999,0,success,3.4,95.965,-49.8,6.1610000000000005,4928.1
74,admin.,married,high.school,no,yes,no,cellular,nov,fri,284,5,999,0,success,3.4,94.944,-44.1,6.163,4928.1
71,housemaid,married,basic.4y,no,no,no,cellular,nov,wed,487,5,999,0,success,3.4,95.965,-49.8,6.064,4928.1
42,admin.,single,high.school,no,no,no,cellular,nov,thu,138,24,999,0,success,3.4,95.418,-50.7,6.168,4928.1
52,admin.,single,university.degree,no,yes,no,cellular,jun,thu,340,6,6,1,success,0.30000000000000004,95.555,-47.8,1.942,4691.6
48,admin.,married,high.school,no,no,yes,cellular,nov,tue,619,5,999,0,success,3.4,95.965,-49.8,6.064,4928.1
53,admin.,married,professional.course,no,yes,no,cellular,nov,thu,1522,6,999,0,success,0.19999999999999996,94.575,-55.1,2.565,4799.1
44,admin.,married,university.degree,no,yes,no,cellular,jul,wed,266,11,999,0,success,3.4,95.418,-50.7,6.157,4928.1
62,admin.,married,basic.4y,no,yes,no,cellular,nov,mon,5104,8,999,0,success,3.4,95.965,-49.8,6.16,4928.1
56,admin.,single,university.degree,no,no,yes,cellular,may,wed,1187,6,999,1,success,0.19999999999999996,94.393,-54.2,2.534,4799.1
58,blue-collar,single,basic.4y,unknown,yes,no,cellular,nov,mon,446,6,999,0,success,3.1,95.494,-44.4,6.057,4891.0
49,admin.,single,university.degree,no,yes,no,cellular,nov,wed,800,5,999,0,success,3.4,95.418,-50.7,6.162,4928.1
41,admin.,single,university.degree,no,yes,no,cellular,nov,wed,503,5,999,0,success,-0.8999999999999999,94.463,-48.8,2.46,4776.2
64,admin.,married,professional.course,unknown,yes,yes,cellular,nov,fri,394,5,999,0,success,3.4,95.418,-50.7,6.162,4928.1
59,admin.,divorced,high.school,no,yes,yes,cellular,nov,thu,255,15,999,0,nonexistent,3.4,95.418,-50.7,6.168,4928.1
57,admin.,divorced,high.school,no,no,no,cellular,may,tue,525,6,999,0,success,3.1,95.494,-44.4,6.056,4891.0
63,admin.,married,high.school,no,no,no,cellular,may,fri,1079,5,999,0,success,3.1,95.494,-44.4,6.057,4891.0
48,admin.,married,basic.9y,unknown,no,no,cellular,may,thu,863,5,999,0,success,3.1,95.494,-44.4,6.0600000000000005,4891.0
58,admin.,married,basic.9y,unknown,yes,no,cellular,nov,fri,527,6,999,0,success,3.1,95.494,-44.4,6.064,4891.0
67,admin.,married,professional.course,no,no,no,cellular,nov,wed,1835,6,999,0,success,0.8999999999999999,95.699,-45.5,2.076,4663.6
68,admin.,married,basic.6y,no,yes,no,cellular,nov,fri,300,5,999,0,success,0.19999999999999996,94.575,-55.1,2.605,4799.1
41,unemployed,single,high.school,no,yes,no,cellular,nov,fri,161,5,999,0,success,0.30000000000000004,95.715,-48.3,2.022,4691.6
54,admin.,married,professional.course,no,no,no,cellular,nov,fri,347,6,999,0,success,3.1,95.494,-44.4,6.055000000000001,4891.0
71,retired,married,basic.4y,no,no,no,cellular,nov,tue,829,7,999,0,success,3.4,95.965,-49.8,6.1610000000000005,4928.1
50,admin.,married,professional.course,no,yes,yes,cellular,nov,tue,2255,6,999,0,success,3.4,95.418,-50.7,6.1610000000000005,4928.1
61,admin.,married,professional.course,no,no,no,cellular,nov,wed,275,6,999,0,nonexistent,3.1,95.494,-44.4,6.058,4891.0
56,admin.,married,basic.4y,no,yes,no,cellular,nov,mon,269,6,999,0,success,3.1,95.494,-44.4,6.057,4891.0
50,admin.,married,professional.course,no,no,no,cellular,nov,tue,1443,6,999,0,success,3.4,95.418,-50.7,6.1610000000000005,4928.1
59,admin.,married,unknown,no,yes,no,cellular,nov,fri,565,6,999,0,success,-0.8999999999999999,93.701,-39.4,2.025,4776.2
45,admin.,single,unknown,unknown,yes,no,cellular,may,mon,325,6,999,0,success,3.1,95.494,-44.4,6.057,4891.0
56,admin.,married,university.degree,unknown,no,no,cellular,nov,fri,478,7,999,0,nonexistent,3.1,95.494,-44.4,6.064,4891.0
57,admin.,married,high.school,no,yes,no,cellular,nov,fri,134,6,999,0,success,1.9,94.7,-50.0,5.221,4895.8
68,admin.,married,high.school,no,no,no,cellular,nov,thu,529,5,999,0,nonexistent,1.9,94.7,-50.0,5.276,4895.8
52,admin.,married,professional.course,no,yes,yes,cellular,nov,mon,262,5,999,0,success,1.9,94.7,-50.0,5.391,4895.8
62,admin.,married,professional.course,no,no,no,cellular,nov,mon,494,14,999,0,success,3.4,95.418,-50.7,6.16,4928.1
71,admin.,married,basic.4y,unknown,yes,no,cellular,aug,tue,385,7,999,0,nonexistent,3.4,94.944,-44.1,6.163,4928.1
52,admin.,single,basic.9y,no,no,no,cellular,nov,mon,590,5,999,0,success,0.19999999999999996,94.393,-54.2,2.4989999999999997,4799.1
70,admin.,married,basic.9y,unknown,no,no,cellular,nov,thu,295,5,999,0,nonexistent,3.1,95.494,-44.4,6.0600000000000005,4891.0
50,admin.,single,university.degree,no,no,no,cellular,nov,mon,336,7,999,0,nonexistent,3.4,95.418,-50.7,6.16,4928.1
49,admin.,married,university.degree,no,no,no,telephone,nov,wed,388,8,999,0,success,0.19999999999999996,94.393,-54.2,2.534,4799.1
49,admin.,single,high.school,no,no,no,cellular,jul,tue,172,20,999,0,success,3.4,95.418,-50.7,6.1610000000000005,4928.1
68,technician,divorced,high.school,no,no,no,cellular,nov,thu,642,6,999,0,nonexistent,1.9,94.7,-50.0,5.276,4895.8
46,admin.,married,university.degree,no,yes,no,cellular,nov,mon,244,5,999,0,success,1.9,94.7,-50.0,5.391,4895.8
67,admin.,married,professional.course,no,no,no,cellular,jul,tue,1211,5,999,0,success,0.30000000000000004,95.715,-48.3,2.093,4691.6
47,admin.,married,university.degree,no,yes,no,cellular,nov,fri,259,5,999,0,success,3.4,94.944,-44.1,6.163,4928.1
71,admin.,divorced,unknown,unknown,no,no,cellular,nov,mon,325,6,999,0,success,3.1,95.494,-44.4,6.057,4891.0
55,blue-collar,married,basic.4y,unknown,yes,no,cellular,jul,thu,341,5,999,0,success,3.4,95.418,-50.7,6.163,4928.1
79,admin.,married,basic.4y,no,yes,no,cellular,nov,wed,592,6,999,0,success,0.19999999999999996,94.869,-42.8,1.834,4708.7
69,admin.,married,university.degree,no,no,no,cellular,nov,tue,559,7,999,0,success,1.9,94.7,-50.0,5.353,4895.8
36,admin.,single,high.school,no,no,no,cellular,nov,thu,545,7,999,0,success,-0.8999999999999999,93.701,-39.4,2.073,4776.2
52,admin.,married,professional.course,no,yes,no,cellular,nov,fri,1430,10,999,0,success,3.4,95.418,-50.7,6.157,4928.1
45,admin.,single,university.degree,no,no,no,cellular,nov,fri,208,7,999,0,success,0.19999999999999996,94.393,-54.2,2.45,4799.1
56,admin.,married,basic.4y,no,no,no,cellular,jun,thu,732,6,999,0,success,3.4,95.965,-49.8,6.158,4928.1
57,admin.,married,basic.4y,no,yes,no,cellular,nov,wed,1852,8,999,0,success,3.4,95.418,-50.7,6.163,4928.1
61,blue-collar,married,basic.4y,no,no,no,cellular,jun,mon,275,6,999,0,success,3.4,95.965,-49.8,6.1610000000000005,4928.1
75,admin.,married,basic.6y,unknown,no,no,cellular,nov,fri,291,5,999,0,success,3.4,95.418,-50.7,6.162,4928.1
59,admin.,married,high.school,no,yes,no,cellular,nov,thu,383,5,999,0,success,-0.8999999999999999,93.701,-39.4,2.073,4776.2
65,technician,single,university.degree,no,yes,no,cellular,nov,tue,280,6,999,0,success,3.4,95.418,-50.7,6.1610000000000005,4928.1
52,admin.,divorced,high.school,no,yes,no,cellular,nov,fri,2480,6,999,0,success,0.19999999999999996,94.575,-55.1,2.605,4799.1
37,admin.,single,high.school,no,unknown,unknown,cellular,nov,tue,2278,6,999,0,success,3.4,95.965,-49.8,6.1610000000000005,4928.1
68,admin.,married,high.school,unknown,yes,no,cellular,nov,mon,395,5,999,0,nonexistent,3.4,95.418,-50.7,6.162,4928.1
67,admin.,married,high.school,no,yes,no,cellular,nov,mon,1025,6,999,0,success,3.1,95.494,-44.4,6.057,4891.0
45,admin.,single,professional.course,no,yes,no,cellular,nov,thu,349,6,999,1,success,1.9,94.7,-50.0,5.276,4895.8
49,blue-collar,divorced,professional.course,no,no,no,cellular,nov,fri,138,27,999,0,nonexistent,3.4,95.965,-49.8,6.167,4928.1
51,admin.,married,basic.4y,unknown,yes,no,cellular,jul,tue,518,5,999,0,success,3.4,95.418,-50.7,6.162,4928.1
50,admin.,married,university.degree,no,yes,no,cellular,nov,mon,316,5,999,0,nonexistent,0.19999999999999996,94.393,-54.2,2.464,4799.1
49,admin.,married,high.school,no,no,no,cellular,may,wed,763,5,999,0,success,3.1,95.494,-44.4,6.057,4891.0
53,admin.,married,university.degree,no,no,no,cellular,nov,thu,831,5,999,0,success,3.4,94.944,-44.1,6.168,4928.1
49,admin.,single,university.degree,no,yes,no,cellular,aug,thu,1582,5,999,0,success,3.4,94.944,-44.1,6.164000000000001,4928.1
57,admin.,married,basic.4y,no,yes,no,cellular,nov,thu,422,6,999,0,success,3.4,95.965,-49.8,6.066,4928.1
45,admin.,married,basic.6y,unknown,yes,no,telephone,nov,tue,988,6,999,0,success,3.4,95.965,-49.8,6.064,4928.1
67,admin.,married,basic.9y,unknown,yes,no,cellular,nov,wed,437,6,999,0,success,3.1,95.494,-44.4,6.057,4891.0
57,admin.,single,university.degree,unknown,yes,no,cellular,nov,thu,1585,6,999,0,success,3.1,95.494,-44.4,6.0600000000000005,4891.0
51,admin.,divorced,professional.course,no,unknown,unknown,cellular,nov,fri,709,7,999,1,success,0.19999999999999996,94.393,-54.2,2.45,4799.1
42,admin.,single,high.school,no,no,yes,cellular,nov,thu,579,6,999,1,success,-0.8999999999999999,93.701,-39.4,2.073,4776.2
51,admin.,married,university.degree,no,no,no,cellular,may,mon,458,5,999,0,success,3.1,95.494,-44.4,6.057,4891.0
67,admin.,married,basic.9y,no,no,no,cellular,nov,mon,448,6,999,0,nonexistent,0.19999999999999996,94.393,-54.2,2.4989999999999997,4799.1
47,admin.,single,university.degree,no,yes,no,cellular,nov,tue,928,6,999,0,success,-1.0,94.213,-41.0,1.907,4723.5
71,admin.,married,high.school,no,yes,no,cellular,aug,thu,498,6,999,0,success,3.4,94.944,-44.1,6.162,4928.1
43,admin.,single,basic.9y,no,no,no,cellular,nov,thu,440,6,999,0,success,3.4,95.965,-49.8,6.155,4928.1
42,student,single,university.degree,no,yes,no,cellular,nov,fri,410,5,999,3,success,0.8999999999999999,96.101,-57.5,2.142,4663.6
72,admin.,single,professional.course,unknown,yes,no,telephone,jun,wed,235,5,999,0,nonexistent,3.4,95.965,-49.8,6.159,4928.1
62,admin.,married,professional.course,no,yes,no,cellular,nov,mon,370,7,999,0,success,3.4,94.944,-44.1,6.165,4928.1
66,admin.,married,professional.course,unknown,no,no,cellular,may,fri,710,11,999,0,success,3.1,95.494,-44.4,6.055000000000001,4891.0
44,admin.,married,high.school,no,no,no,cellular,aug,mon,350,6,999,0,success,3.4,94.944,-44.1,6.163,4928.1
60,technician,divorced,university.degree,unknown,yes,no,cellular,nov,fri,271,5,999,1,success,0.19999999999999996,94.393,-54.2,2.513,4799.1
45,admin.,single,basic.9y,no,yes,no,cellular,nov,thu,201,5,999,0,success,3.4,95.418,-50.7,6.163,4928.1
46,admin.,single,high.school,no,no,no,cellular,nov,mon,372,9,6,2,success,0.19999999999999996,95.376,-48.0,1.9009999999999998,4708.7
54,admin.,married,basic.6y,unknown,yes,no,telephone,jun,mon,358,8,999,0,success,3.4,95.965,-49.8,6.147,4928.1
53,admin.,married,high.school,no,yes,no,cellular,nov,wed,345,5,999,0,success,1.9,94.7,-50.0,5.32,4895.8
50,admin.,single,university.degree,no,yes,no,cellular,nov,wed,611,6,999,0,success,1.9,94.7,-50.0,5.32,4895.8
46,admin.,married,unknown,no,yes,no,cellular,nov,wed,133,15,999,1,success,0.19999999999999996,94.393,-54.2,2.534,4799.1
65,admin.,married,basic.4y,no,no,no,cellular,nov,mon,250,6,999,0,success,3.4,94.944,-44.1,6.165,4928.1
51,admin.,single,university.degree,no,no,no,cellular,nov,thu,530,5,999,0,success,1.9,94.7,-50.0,5.276,4895.8
57,admin.,married,university.degree,no,no,no,cellular,aug,wed,611,10,999,0,success,3.4,94.944,-44.1,6.164000000000001,4928.1
44,admin.,divorced,university.degree,no,yes,no,cellular,nov,wed,548,7,999,0,success,-0.8999999999999999,94.463,-48.8,2.46,4776.2
48,admin.,single,high.school,no,yes,yes,cellular,nov,wed,710,6,999,0,success,0.19999999999999996,94.393,-54.2,2.534,4799.1
77,unknown,married,professional.course,no,no,no,cellular,jun,thu,619,7,999,0,success,-0.8999999999999999,94.463,-48.8,2.46,4776.2
54,admin.,single,unknown,no,yes,no,cellular,nov,fri,973,7,999,0,success,-0.8999999999999999,94.463,-48.8,2.424,4776.2
60,admin.,married,basic.6y,no,yes,no,cellular,nov,mon,426,5,999,1,success,0.19999999999999996,94.575,-55.1,2.605,4799.1
45,admin.,married,basic.4y,unknown,yes,no,cellular,nov,thu,412,6,999,0,success,0.19999999999999996,94.393,-54.2,2.466,4799.1
87,admin.,married,basic.4y,no,yes,no,cellular,nov,fri,1168,6,999,1,success,0.30000000000000004,95.715,-48.3,2.022,4691.6
74,admin.,married,university.degree,no,no,no,cellular,nov,thu,885,10,999,0,success,3.1,95.494,-44.4,6.055000000000001,4891.0
57,blue-collar,married,basic.4y,unknown,yes,no,cellular,nov,thu,1582,5,999,0,success,3.4,95.965,-49.8,6.066,4928.1
44,admin.,married,high.school,no,yes,no,cellular,nov,tue,615,5,999,0,success,3.1,95.494,-44.4,6.057,4891.0
51,admin.,married,university.degree,no,no,yes,cellular,nov,wed,221,5,999,0,success,3.4,95.418,-50.7,6.163,4928.1
66,admin.,married,professional.course,no,yes,no,cellular,nov,tue,566,6,999,0,success,3.4,95.418,-50.7,6.1610000000000005,4928.1
48,services,married,high.school,no,yes,no,cellular,nov,thu,1740,6,999,2,success,0.19999999999999996,94.575,-55.1,2.565,4799.1
75,admin.,married,high.school,no,no,no,cellular,may,wed,620,6,999,0,success,3.1,95.494,-44.4,6.059,4891.0
62,admin.,divorced,university.degree,no,no,no,cellular,nov,tue,232,6,999,1,failure,1.9,94.7,-50.0,5.353,4895.8
66,admin.,married,high.school,no,no,yes,cellular,nov,tue,332,6,999,1,success,1.9,94.7,-50.0,5.353,4895.8
43,admin.,married,basic.9y,no,unknown,unknown,cellular,jul,mon,395,6,999,0,success,3.4,95.418,-50.7,6.16,4928.1
72,admin.,married,high.school,no,no,no,cellular,nov,thu,997,13,999,0,success,3.4,95.418,-50.7,6.158,4928.1
46,admin.,married,university.degree,no,unknown,unknown,cellular,nov,tue,493,5,999,0,success,0.19999999999999996,94.869,-42.8,1.855,4708.7
55,admin.,single,university.degree,no,no,yes,cellular,may,wed,1024,5,999,0,success,3.1,95.494,-44.4,6.058,4891.0
65,admin.,married,basic.9y,no,yes,no,cellular,nov,thu,363,6,999,0,nonexistent,3.1,95.494,-44.4,6.055000000000001,4891.0
75,admin.,married,university.degree,no,yes,no,cellular,nov,mon,3004,6,999,0,success,0.19999999999999996,94.393,-54.2,2.5540000000000003,4799.1
52,admin.,married,professional.course,no,no,no,cellular,nov,thu,619,5,18,1,success,0.19999999999999996,95.249,-42.6,1.859,4708.7
73,admin.,married,basic.4y,no,no,no,cellular,nov,tue,1121,10,999,0,success,3.4,94.944,-44.1,6.165,4928.1
44,admin.,single,university.degree,no,yes,no,cellular,nov,wed,557,5,999,0,success,3.4,94.944,-44.1,6.164000000000001,4928.1
60,admin.,divorced,high.school,no,no,no,cellular,nov,wed,320,9,999,0,success,3.1,95.494,-44.4,6.058,4891.0
65,admin.,divorced,university.degree,no,yes,no,cellular,nov,tue,161,13,999,0,nonexistent,3.4,94.944,-44.1,6.165,4928.1
36,management,single,university.degree,no,unknown,unknown,cellular,jun,tue,311,5,999,0,nonexistent,-0.8999999999999999,94.463,-48.8,2.4619999999999997,4776.2
59,admin.,married,basic.4y,unknown,yes,no,cellular,nov,mon,446,5,999,0,success,3.1,95.494,-44.4,6.057,4891.0
51,admin.,married,high.school,no,no,yes,cellular,nov,fri,415,7,999,0,success,3.4,95.965,-49.8,6.167,4928.1
48,admin.,married,professional.course,no,yes,no,cellular,nov,mon,1268,6,999,0,success,0.19999999999999996,94.393,-54.2,2.444,4799.1
41,admin.,single,university.degree,no,no,no,cellular,aug,thu,298,5,999,1,success,-0.8999999999999999,93.701,-39.4,2.051,4776.2
51,management,divorced,professional.course,no,no,no,cellular,nov,tue,255,6,999,0,success,1.9,94.7,-50.0,5.353,4895.8
49,services,married,high.school,no,no,no,telephone,nov,mon,295,7,999,0,success,3.1,95.494,-44.4,6.057,4891.0
71,admin.,married,basic.4y,unknown,no,no,cellular,nov,thu,295,6,999,0,nonexistent,3.4,94.944,-44.1,6.163,4928.1
54,admin.,married,basic.4y,unknown,yes,no,cellular,nov,wed,439,6,999,0,success,3.1,95.494,-44.4,6.057,4891.0
48,admin.,single,professional.course,no,yes,no,cellular,nov,thu,134,10,999,0,nonexistent,1.9,94.7,-50.0,5.276,4895.8
54,admin.,married,professional.course,no,yes,no,cellular,may,fri,903,5,999,0,nonexistent,3.1,95.494,-44.4,6.064,4891.0
88,admin.,divorced,basic.4y,no,no,yes,cellular,nov,tue,736,5,999,0,success,0.19999999999999996,94.575,-55.1,2.623,4799.1
54,management,single,university.degree,unknown,no,no,cellular,nov,thu,786,5,999,1,success,0.19999999999999996,94.575,-55.1,2.61,4799.1
48,admin.,married,university.degree,no,yes,no,cellular,nov,tue,235,5,999,0,success,-0.8999999999999999,94.463,-48.8,2.4619999999999997,4776.2
59,admin.,married,basic.6y,no,yes,yes,cellular,nov,fri,185,6,999,0,nonexistent,1.9,94.7,-50.0,5.221,4895.8
50,services,married,high.school,unknown,yes,no,cellular,nov,thu,313,5,999,0,success,3.4,95.965,-49.8,6.158,4928.1
72,admin.,divorced,high.school,unknown,yes,no,telephone,nov,tue,451,6,999,0,nonexistent,3.4,95.418,-50.7,6.1610000000000005,4928.1
48,admin.,married,university.degree,no,yes,yes,cellular,nov,fri,260,5,999,0,success,3.4,94.944,-44.1,6.164000000000001,4928.1
50,admin.,single,university.degree,no,no,yes,cellular,nov,mon,505,5,999,0,success,1.9,94.7,-50.0,5.391,4895.8
63,admin.,married,high.school,no,no,no,cellular,nov,tue,268,5,999,0,nonexistent,3.1,95.494,-44.4,6.056,4891.0
49,admin.,married,university.degree,no,no,no,cellular,nov,wed,764,7,999,0,success,3.4,94.944,-44.1,6.164000000000001,4928.1
47,admin.,married,university.degree,no,yes,no,cellular,nov,wed,214,5,999,0,success,3.4,95.965,-49.8,6.064,4928.1
44,admin.,single,university.degree,no,no,no,cellular,nov,thu,655,5,999,0,success,3.1,95.494,-44.4,6.0600000000000005,4891.0
52,admin.,married,professional.course,no,no,no,cellular,nov,wed,403,7,4,2,success,-0.8999999999999999,93.701,-39.4,2.084,4776.2
61,admin.,married,university.degree,no,yes,no,cellular,aug,thu,372,7,999,0,success,3.4,94.944,-44.1,6.163,4928.1
40,admin.,single,high.school,no,no,no,cellular,nov,tue,741,6,999,0,success,-1.4,94.149,-38.1,1.915,4717.5
45,admin.,single,university.degree,no,no,yes,cellular,may,wed,1364,9,999,0,success,3.1,95.494,-44.4,6.057,4891.0
64,unemployed,married,basic.4y,unknown,yes,yes,cellular,jul,tue,502,21,999,0,success,3.4,95.418,-50.7,6.1610000000000005,4928.1
60,admin.,married,basic.4y,unknown,yes,no,cellular,nov,mon,296,7,999,0,success,3.4,95.418,-50.7,6.16,4928.1
52,admin.,single,university.degree,unknown,no,no,cellular,nov,thu,388,5,999,1,success,0.19999999999999996,94.393,-54.2,2.527,4799.1
58,admin.,married,unknown,no,yes,yes,cellular,nov,wed,1191,5,999,0,success,3.4,95.418,-50.7,6.163,4928.1
56,admin.,married,basic.4y,no,yes,no,cellular,jul,mon,2105,7,999,0,nonexistent,3.4,95.418,-50.7,6.16,4928.1
68,admin.,married,university.degree,no,yes,no,cellular,nov,fri,205,6,999,0,success,3.4,94.944,-44.1,6.163,4928.1
66,admin.,married,basic.4y,unknown,yes,no,cellular,nov,wed,1816,7,999,0,nonexistent,3.1,95.494,-44.4,6.059,4891.0
49,admin.,divorced,professional.course,no,yes,no,cellular,nov,fri,1279,12,999,0,success,3.4,94.944,-44.1,6.164000000000001,4928.1
51,admin.,married,high.school,unknown,yes,yes,cellular,nov,mon,205,8,999,0,success,0.19999999999999996,94.393,-54.2,2.444,4799.1
48,admin.,married,high.school,no,unknown,unknown,cellular,nov,thu,552,6,999,0,success,-0.8999999999999999,93.701,-39.4,2.073,4776.2
47,self-employed,single,university.degree,no,no,no,cellular,nov,thu,617,6,999,0,success,-0.8999999999999999,93.969,-41.6,2.2720000000000002,4776.2
51,admin.,single,university.degree,no,no,no,cellular,nov,wed,376,5,999,0,success,3.4,94.944,-44.1,6.165,4928.1
60,entrepreneur,married,basic.9y,no,no,no,cellular,may,mon,568,8,999,0,success,3.1,95.494,-44.4,6.057,4891.0
45,admin.,single,university.degree,no,no,no,cellular,nov,thu,340,9,999,0,success,3.4,94.944,-44.1,6.168,4928.1
56,technician,married,university.degree,no,no,no,cellular,nov,tue,514,5,999,0,nonexistent,0.19999999999999996,94.575,-55.1,2.605,4799.1
39,admin.,married,basic.9y,no,yes,no,cellular,nov,wed,664,5,10,1,success,0.19999999999999996,94.393,-54.2,2.481,4799.1
43,admin.,married,university.degree,no,yes,no,cellular,nov,mon,527,7,999,1,success,0.30000000000000004,95.527,-46.3,2.098,4691.6
61,admin.,married,basic.6y,unknown,no,no,cellular,nov,wed,392,5,999,0,success,3.4,94.944,-44.1,6.165,4928.1
52,admin.,divorced,high.school,no,no,yes,cellular,nov,wed,561,5,999,0,success,3.4,95.418,-50.7,6.163,4928.1
51,admin.,divorced,basic.9y,unknown,no,no,telephone,nov,wed,442,6,999,0,success,3.1,95.494,-44.4,6.056,4891.0
39,admin.,single,high.school,no,yes,yes,cellular,nov,wed,572,6,6,2,success,0.8999999999999999,95.699,-45.5,2.076,4663.6
94,admin.,married,basic.9y,no,yes,no,cellular,nov,thu,1038,5,999,0,nonexistent,0.19999999999999996,94.575,-55.1,2.565,4799.1
67,admin.,divorced,university.degree,no,yes,no,cellular,may,tue,736,8,999,0,success,3.1,95.494,-44.4,6.057,4891.0
60,admin.,divorced,professional.course,no,yes,no,telephone,nov,tue,403,6,999,0,success,3.4,95.965,-49.8,6.064,4928.1
46,admin.,married,professional.course,unknown,yes,yes,cellular,nov,mon,241,6,999,0,success,3.4,94.944,-44.1,6.163,4928.1
70,admin.,divorced,professional.course,no,no,no,telephone,nov,wed,331,8,999,0,success,3.4,95.418,-50.7,6.163,4928.1
54,admin.,married,basic.4y,no,no,no,cellular,nov,wed,304,5,999,0,success,3.4,95.418,-50.7,6.162,4928.1
49,admin.,single,unknown,no,yes,no,cellular,jul,tue,638,5,999,0,success,3.4,95.418,-50.7,6.162,4928.1
44,entrepreneur,single,basic.4y,no,no,no,cellular,nov,fri,300,5,999,0,nonexistent,1.9,94.7,-50.0,5.221,4895.8
50,admin.,divorced,university.degree,no,no,no,cellular,nov,mon,269,11,999,0,success,3.4,94.944,-44.1,6.165,4928.1
47,admin.,married,basic.6y,unknown,yes,no,cellular,nov,tue,412,6,999,0,success,1.9,94.7,-50.0,5.353,4895.8
55,admin.,married,basic.9y,no,no,no,cellular,jul,fri,667,7,999,0,nonexistent,3.4,95.418,-50.7,6.159,4928.1
44,admin.,single,high.school,no,no,no,cellular,nov,fri,323,8,999,0,success,0.19999999999999996,94.393,-54.2,2.45,4799.1
53,admin.,married,university.degree,unknown,no,no,cellular,nov,mon,293,14,999,0,success,3.4,95.965,-49.8,6.1610000000000005,4928.1
55,admin.,divorced,university.degree,no,yes,no,cellular,nov,thu,723,5,999,0,nonexistent,0.19999999999999996,94.575,-55.1,2.565,4799.1
46,services,married,high.school,no,yes,no,cellular,nov,wed,1184,6,999,0,success,-0.8999999999999999,94.463,-48.8,2.46,4776.2
70,blue-collar,single,basic.4y,no,yes,no,cellular,nov,wed,428,6,999,0,success,0.19999999999999996,94.575,-55.1,2.615,4799.1
56,admin.,divorced,high.school,no,no,no,cellular,nov,wed,775,5,999,0,success,3.4,95.418,-50.7,6.162,4928.1
44,admin.,single,professional.course,no,yes,yes,cellular,nov,thu,332,8,999,0,nonexistent,3.1,95.494,-44.4,6.0600000000000005,4891.0
48,admin.,single,university.degree,no,yes,no,cellular,nov,thu,696,5,999,0,success,0.19999999999999996,94.393,-54.2,2.527,4799.1
54,admin.,married,basic.4y,no,no,no,cellular,nov,fri,444,6,999,0,success,0.19999999999999996,94.393,-54.2,2.513,4799.1
63,admin.,married,high.school,no,yes,no,cellular,nov,thu,507,6,999,0,success,-1.4,93.931,-34.9,1.922,4717.5
55,admin.,married,university.degree,no,no,yes,cellular,nov,tue,1254,5,999,0,success,3.4,95.418,-50.7,6.1610000000000005,4928.1
51,services,married,basic.9y,no,no,yes,cellular,nov,wed,185,6,999,0,success,0.19999999999999996,94.393,-54.2,2.481,4799.1
53,admin.,married,basic.9y,unknown,no,no,cellular,nov,wed,178,7,999,0,success,3.4,95.418,-50.7,6.156000000000001,4928.1
46,admin.,single,professional.course,unknown,yes,no,cellular,nov,thu,410,7,999,0,nonexistent,3.4,94.944,-44.1,6.163,4928.1
49,admin.,married,university.degree,no,yes,no,cellular,nov,mon,286,5,999,0,success,1.9,94.7,-50.0,5.391,4895.8
49,admin.,single,university.degree,no,no,no,cellular,nov,mon,592,7,999,0,nonexistent,3.4,94.944,-44.1,6.165,4928.1
50,admin.,married,professional.course,no,yes,no,cellular,nov,thu,142,9,999,0,nonexistent,0.19999999999999996,94.393,-54.2,2.466,4799.1
48,admin.,married,basic.9y,no,no,no,cellular,nov,fri,298,5,999,2,failure,-0.8999999999999999,93.701,-39.4,2.081,4776.2
47,admin.,single,high.school,no,yes,no,cellular,nov,tue,770,6,999,0,success,0.19999999999999996,94.393,-54.2,2.4909999999999997,4799.1
74,blue-collar,married,basic.9y,no,no,no,cellular,nov,tue,1362,5,999,0,success,0.19999999999999996,94.393,-54.2,2.4909999999999997,4799.1
67,admin.,married,professional.course,unknown,yes,no,cellular,aug,thu,176,13,999,0,nonexistent,3.4,94.944,-44.1,6.162,4928.1
62,admin.,single,basic.9y,no,yes,no,cellular,nov,thu,217,5,999,0,success,3.1,95.494,-44.4,6.0600000000000005,4891.0
39,admin.,single,university.degree,no,yes,no,cellular,nov,mon,275,5,999,0,success,0.19999999999999996,94.575,-55.1,2.666,4799.1
60,management,married,university.degree,no,yes,yes,cellular,nov,fri,772,5,999,2,success,0.19999999999999996,94.575,-55.1,2.605,4799.1
47,admin.,single,high.school,unknown,yes,yes,cellular,nov,fri,235,10,999,0,success,1.9,94.7,-50.0,5.221,4895.8
49,admin.,married,university.degree,no,yes,no,cellular,nov,fri,359,6,999,0,success,3.4,95.418,-50.7,6.162,4928.1
72,admin.,married,university.degree,unknown,yes,yes,cellular,nov,fri,160,6,999,1,success,1.9,94.7,-50.0,5.221,4895.8
61,admin.,single,university.degree,no,unknown,unknown,cellular,nov,wed,680,9,999,0,success,3.4,94.944,-44.1,6.167,4928.1
44,admin.,single,high.school,no,yes,yes,cellular,nov,thu,390,5,999,0,success,3.4,94.944,-44.1,6.168,4928.1
48,technician,married,high.school,unknown,no,yes,cellular,nov,wed,502,5,999,0,success,3.4,94.944,-44.1,6.167,4928.1
58,admin.,married,high.school,no,yes,no,cellular,nov,thu,439,5,999,1,failure,-1.4,94.149,-38.1,1.914,4717.5
58,admin.,married,high.school,no,no,no,cellular,nov,fri,655,6,999,0,success,3.4,95.418,-50.7,6.157,4928.1
57,technician,married,professional.course,no,yes,no,cellular,nov,wed,1353,6,999,0,success,3.4,94.944,-44.1,6.167,4928.1
55,admin.,married,basic.9y,unknown,yes,no,cellular,nov,mon,1349,6,999,0,success,3.1,95.494,-44.4,6.057,4891.0
47,admin.,married,university.degree,no,yes,yes,cellular,nov,tue,811,5,999,0,nonexistent,-0.8999999999999999,94.463,-48.8,2.4619999999999997,4776.2
46,technician,single,basic.9y,no,yes,no,cellular,nov,thu,982,5,11,1,success,0.19999999999999996,94.393,-54.2,2.466,4799.1
46,admin.,married,basic.6y,no,no,no,telephone,jun,fri,2951,9,999,0,success,3.4,95.965,-49.8,6.159,4928.1
55,admin.,married,basic.4y,unknown,yes,no,cellular,nov,wed,926,6,999,0,success,3.4,95.418,-50.7,6.163,4928.1
60,admin.,married,university.degree,no,yes,no,cellular,nov,wed,766,5,999,0,nonexistent,-1.4,94.149,-38.1,1.915,4717.5
51,admin.,married,university.degree,no,yes,no,cellular,nov,wed,187,6,999,0,success,1.9,94.7,-50.0,5.32,4895.8
67,services,married,university.degree,no,yes,no,telephone,nov,wed,786,5,999,0,success,3.1,95.494,-44.4,6.058,4891.0
50,admin.,married,university.degree,no,yes,yes,cellular,nov,fri,1510,5,999,0,success,3.4,95.418,-50.7,6.163,4928.1
56,blue-collar,married,basic.9y,unknown,yes,no,cellular,nov,mon,451,8,999,0,success,1.9,94.7,-50.0,5.391,4895.8
41,self-employed,married,university.degree,no,yes,no,telephone,nov,wed,311,5,999,0,success,3.4,95.965,-49.8,6.064,4928.1
49,management,married,university.degree,no,no,no,cellular,nov,thu,2381,5,999,0,success,1.9,94.7,-50.0,5.276,4895.8
50,admin.,married,basic.9y,no,yes,no,cellular,nov,thu,602,9,999,0,success,3.4,95.418,-50.7,6.158,4928.1
65,admin.,married,basic.9y,no,yes,no,cellular,nov,thu,156,16,999,0,success,3.4,94.944,-44.1,6.162,4928.1
62,admin.,married,university.degree,no,yes,no,cellular,nov,tue,469,7,999,0,success,3.4,95.418,-50.7,6.162,4928.1
43,admin.,single,basic.9y,no,no,no,cellular,nov,wed,959,6,999,0,nonexistent,3.4,95.965,-49.8,6.162,4928.1
58,admin.,married,unknown,no,yes,no,cellular,jul,thu,430,7,999,0,success,3.4,95.418,-50.7,6.162,4928.1
57,admin.,single,unknown,unknown,no,no,cellular,nov,wed,347,5,999,0,success,3.1,95.494,-44.4,6.056,4891.0
64,admin.,married,basic.4y,unknown,yes,no,cellular,may,wed,1004,6,999,0,success,0.19999999999999996,94.393,-54.2,2.481,4799.1
73,admin.,married,university.degree,unknown,no,no,cellular,jul,mon,583,10,999,0,success,3.4,95.418,-50.7,6.162,4928.1
69,admin.,married,university.degree,no,yes,no,cellular,nov,wed,955,5,999,0,nonexistent,3.1,95.494,-44.4,6.056,4891.0
45,admin.,married,basic.9y,no,yes,no,cellular,nov,thu,147,15,999,1,success,0.19999999999999996,94.393,-54.2,2.466,4799.1
54,admin.,married,high.school,no,no,no,cellular,nov,mon,386,5,999,1,failure,0.8999999999999999,96.267,-58.8,2.25,4663.6
45,admin.,divorced,high.school,no,yes,no,cellular,nov,thu,206,6,999,0,success,1.9,94.7,-50.0,5.276,4895.8
62,admin.,married,university.degree,no,no,no,cellular,nov,fri,361,5,999,0,success,3.4,95.965,-49.8,6.159,4928.1
51,admin.,married,basic.4y,unknown,no,no,cellular,nov,tue,563,5,999,1,success,0.19999999999999996,94.393,-54.2,2.544,4799.1
68,admin.,divorced,university.degree,no,unknown,unknown,cellular,aug,fri,284,14,999,0,success,3.4,94.944,-44.1,6.164000000000001,4928.1
67,admin.,married,basic.4y,unknown,no,no,cellular,may,mon,278,39,999,0,nonexistent,3.1,95.494,-44.4,6.058,4891.0
58,technician,married,professional.course,no,no,no,cellular,sep,tue,647,5,999,0,success,-1.4,93.879,-37.8,1.988,4717.5
63,technician,married,university.degree,no,yes,no,cellular,nov,fri,322,6,999,0,success,3.4,94.944,-44.1,6.164000000000001,4928.1
70,admin.,single,professional.course,no,yes,yes,cellular,nov,fri,217,8,999,0,success,1.9,94.7,-50.0,5.221,4895.8
70,admin.,married,university.degree,no,no,no,cellular,nov,wed,314,8,999,1,success,1.9,94.7,-50.0,5.32,4895.8
48,blue-collar,married,basic.6y,no,yes,no,cellular,nov,thu,795,5,999,0,success,0.19999999999999996,94.393,-54.2,2.527,4799.1
50,admin.,single,professional.course,no,yes,no,cellular,nov,thu,298,5,999,0,success,3.1,95.494,-44.4,6.0600000000000005,4891.0
53,admin.,married,basic.6y,no,no,no,cellular,nov,mon,379,6,999,0,success,3.4,95.965,-49.8,6.065,4928.1
50,admin.,married,professional.course,no,yes,no,cellular,nov,tue,403,12,999,0,success,3.4,95.418,-50.7,6.162,4928.1
48,admin.,married,university.degree,no,no,no,cellular,nov,wed,1537,13,999,0,success,3.4,94.944,-44.1,6.164000000000001,4928.1
68,admin.,married,basic.6y,no,yes,no,cellular,nov,fri,359,5,999,0,success,0.19999999999999996,94.393,-54.2,2.45,4799.1
85,admin.,married,basic.4y,no,yes,no,cellular,apr,tue,602,6,999,1,failure,0.19999999999999996,95.249,-42.6,1.842,4708.7
47,admin.,married,professional.course,no,no,no,cellular,nov,wed,647,6,999,0,success,3.1,95.494,-44.4,6.058,4891.0
56,admin.,married,high.school,no,yes,no,cellular,nov,thu,968,5,999,0,success,3.1,95.494,-44.4,6.0600000000000005,4891.0
44,blue-collar,single,high.school,unknown,yes,no,telephone,nov,thu,359,6,999,0,nonexistent,3.1,95.494,-44.4,6.055000000000001,4891.0
52,services,single,basic.9y,no,yes,no,cellular,nov,fri,696,6,999,0,success,3.1,95.494,-44.4,6.059,4891.0
56,admin.,married,basic.9y,no,yes,no,cellular,nov,mon,651,5,999,0,success,0.19999999999999996,94.393,-54.2,2.444,4799.1
49,admin.,married,professional.course,no,yes,no,cellular,nov,wed,298,9,999,0,success,3.4,95.418,-50.7,6.162,4928.1
54,admin.,single,basic.9y,no,yes,no,cellular,nov,mon,719,5,999,0,success,0.19999999999999996,94.393,-54.2,2.4989999999999997,4799.1
55,admin.,single,high.school,no,yes,no,cellular,jun,tue,381,5,999,0,nonexistent,-0.8999999999999999,94.463,-48.8,2.4619999999999997,4776.2
65,admin.,married,high.school,no,no,no,cellular,nov,mon,307,5,999,0,success,3.4,94.944,-44.1,6.165,4928.1
53,technician,married,basic.9y,no,no,no,telephone,may,thu,1045,7,999,0,success,3.1,95.494,-44.4,6.0600000000000005,4891.0
52,admin.,married,university.degree,no,no,no,cellular,nov,wed,451,8,999,0,success,1.9,94.7,-50.0,5.32,4895.8
69,admin.,married,basic.9y,no,yes,yes,cellular,nov,wed,359,6,999,0,success,1.9,94.7,-50.0,5.32,4895.8
65,admin.,married,basic.9y,unknown,yes,no,cellular,nov,thu,466,5,999,0,nonexistent,3.4,94.944,-44.1,6.162,4928.1
51,services,single,high.school,no,yes,no,cellular,nov,wed,239,8,999,0,success,0.19999999999999996,94.393,-54.2,2.481,4799.1
61,technician,single,university.degree,no,no,no,cellular,aug,thu,334,7,999,0,success,3.4,94.944,-44.1,6.168,4928.1
46,admin.,married,basic.9y,no,yes,no,cellular,may,thu,520,5,999,0,success,0.19999999999999996,94.393,-54.2,2.466,4799.1
51,admin.,married,unknown,unknown,no,no,telephone,nov,tue,349,5,999,0,success,3.1,95.494,-44.4,6.056,4891.0
49,admin.,married,basic.9y,no,no,no,cellular,nov,tue,291,7,999,0,success,3.1,95.494,-44.4,6.056,4891.0
64,admin.,married,university.degree,unknown,yes,yes,cellular,nov,thu,475,7,999,0,success,0.19999999999999996,94.393,-54.2,2.466,4799.1
57,admin.,single,professional.course,no,yes,no,cellular,nov,tue,572,5,999,0,success,0.19999999999999996,94.575,-55.1,2.623,4799.1
37,admin.,single,basic.9y,no,yes,no,cellular,jul,mon,262,7,999,0,nonexistent,3.4,95.418,-50.7,6.162,4928.1
42,blue-collar,single,basic.9y,no,yes,no,cellular,nov,wed,628,5,999,1,failure,0.19999999999999996,94.393,-54.2,2.481,4799.1
66,admin.,married,basic.4y,no,no,no,cellular,nov,tue,1247,5,999,1,success,-1.4,93.931,-34.9,1.9369999999999998,4717.5
74,admin.,divorced,basic.4y,no,yes,yes,cellular,nov,mon,1553,5,6,1,success,0.30000000000000004,95.715,-48.3,2.027,4691.6
47,admin.,single,high.school,no,no,no,cellular,nov,wed,566,6,999,0,success,0.19999999999999996,94.393,-54.2,2.481,4799.1
55,admin.,married,professional.course,no,no,no,cellular,nov,mon,1110,5,999,0,success,1.9,94.7,-50.0,5.391,4895.8
45,admin.,single,basic.9y,no,yes,no,cellular,nov,fri,424,6,999,1,success,0.19999999999999996,94.393,-54.2,2.45,4799.1
52,admin.,married,unknown,no,no,no,cellular,nov,thu,428,6,999,1,failure,1.9,94.7,-50.0,5.276,4895.8
47,admin.,married,university.degree,no,no,yes,cellular,nov,fri,3166,6,999,0,success,3.1,95.494,-44.4,6.055000000000001,4891.0
63,admin.,married,basic.9y,no,yes,no,cellular,nov,fri,466,7,999,0,success,3.4,94.944,-44.1,6.164000000000001,4928.1
51,admin.,married,high.school,no,yes,no,cellular,nov,fri,154,15,999,0,success,3.4,95.965,-49.8,6.159,4928.1
67,admin.,married,basic.6y,no,yes,no,telephone,nov,thu,394,5,999,0,success,3.1,95.494,-44.4,6.0600000000000005,4891.0
60,admin.,married,high.school,no,yes,no,cellular,jun,tue,332,11,999,0,success,3.4,95.965,-49.8,6.064,4928.1
52,admin.,single,professional.course,no,yes,no,telephone,nov,thu,309,7,999,0,success,3.1,95.494,-44.4,6.0600000000000005,4891.0
41,admin.,single,high.school,no,no,no,cellular,nov,fri,773,5,999,0,nonexistent,3.4,95.965,-49.8,6.167,4928.1
48,admin.,single,university.degree,no,no,no,cellular,nov,thu,347,6,999,0,success,3.4,94.944,-44.1,6.162,4928.1
43,admin.,single,high.school,no,no,no,telephone,nov,mon,1360,7,999,0,success,3.4,95.965,-49.8,6.065,4928.1
56,admin.,divorced,professional.course,no,yes,no,cellular,nov,thu,167,10,999,0,nonexistent,3.4,94.944,-44.1,6.162,4928.1
43,admin.,single,basic.4y,no,no,no,cellular,nov,thu,419,5,999,0,success,0.19999999999999996,94.393,-54.2,2.466,4799.1
47,admin.,married,professional.course,no,yes,no,cellular,nov,mon,327,6,999,0,success,0.19999999999999996,94.393,-54.2,2.444,4799.1
53,admin.,divorced,university.degree,no,yes,no,cellular,nov,thu,367,6,999,0,success,3.4,95.418,-50.7,6.162,4928.1
63,admin.,married,professional.course,no,yes,no,cellular,nov,mon,401,6,999,0,success,1.9,94.7,-50.0,5.391,4895.8
50,admin.,single,university.degree,no,yes,yes,cellular,nov,tue,296,5,999,0,success,1.9,94.7,-50.0,5.353,4895.8
48,admin.,married,professional.course,no,yes,no,cellular,oct,fri,397,6,999,0,success,-1.4,93.931,-34.9,1.939,4717.5
46,admin.,single,high.school,no,yes,yes,cellular,nov,wed,323,6,999,0,nonexistent,3.4,94.944,-44.1,6.167,4928.1
53,admin.,married,basic.9y,no,yes,no,cellular,nov,fri,255,5,999,0,nonexistent,0.19999999999999996,94.393,-54.2,2.513,4799.1
51,admin.,married,unknown,unknown,no,no,cellular,jun,wed,941,7,999,0,success,3.4,95.965,-49.8,6.158,4928.1
46,blue-collar,married,high.school,no,yes,no,cellular,nov,tue,349,11,999,0,success,3.4,95.418,-50.7,6.1610000000000005,4928.1
45,admin.,married,university.degree,no,no,no,cellular,may,tue,440,6,999,0,success,3.1,95.494,-44.4,6.057,4891.0
37,admin.,single,high.school,no,yes,no,cellular,nov,wed,687,5,999,0,success,0.19999999999999996,94.393,-54.2,2.481,4799.1
51,admin.,married,professional.course,no,no,no,cellular,nov,wed,518,5,999,0,success,3.1,95.494,-44.4,6.056,4891.0
51,admin.,single,high.school,no,yes,no,cellular,nov,fri,372,5,999,0,success,0.19999999999999996,94.575,-55.1,2.605,4799.1
41,admin.,married,university.degree,no,no,no,cellular,nov,wed,550,8,999,0,success,3.1,95.494,-44.4,6.058,4891.0
46,admin.,married,university.degree,no,yes,no,cellular,nov,mon,201,8,999,0,success,0.19999999999999996,94.393,-54.2,2.444,4799.1
58,admin.,divorced,high.school,no,unknown,unknown,cellular,nov,thu,309,5,999,1,success,0.19999999999999996,94.575,-55.1,2.635,4799.1
60,admin.,single,professional.course,no,no,no,cellular,nov,fri,341,6,999,0,success,1.9,94.7,-50.0,5.221,4895.8
69,admin.,married,university.degree,no,no,no,cellular,nov,tue,406,5,999,0,success,0.19999999999999996,94.393,-54.2,2.544,4799.1
48,admin.,married,university.degree,no,yes,no,telephone,may,wed,197,5,999,0,success,3.1,95.494,-44.4,6.058,4891.0
53,admin.,single,university.degree,no,no,yes,cellular,nov,mon,156,5,999,0,nonexistent,3.1,95.494,-44.4,6.057,4891.0
42,admin.,married,basic.9y,no,no,no,cellular,may,thu,629,5,999,0,success,0.19999999999999996,94.393,-54.2,2.466,4799.1
78,admin.,married,unknown,no,yes,no,cellular,nov,tue,622,5,999,1,success,-0.8999999999999999,93.701,-39.4,2.038,4776.2
43,admin.,married,university.degree,no,yes,yes,cellular,nov,thu,435,7,999,0,success,0.19999999999999996,94.393,-54.2,2.466,4799.1
42,admin.,married,high.school,no,yes,no,cellular,nov,fri,304,5,999,0,success,3.1,95.494,-44.4,6.059,4891.0
37,admin.,single,high.school,no,no,no,cellular,oct,fri,397,6,999,1,success,-1.4,93.931,-34.9,1.939,4717.5
47,admin.,married,basic.9y,no,no,no,cellular,nov,mon,379,6,999,0,success,3.4,95.418,-50.7,6.162,4928.1
59,admin.,married,professional.course,no,yes,no,cellular,may,thu,408,5,999,0,success,3.1,95.494,-44.4,6.0600000000000005,4891.0
72,admin.,married,basic.9y,no,no,no,cellular,nov,thu,325,6,999,1,success,0.8999999999999999,95.699,-45.5,2.084,4663.6
50,admin.,single,university.degree,no,no,yes,cellular,nov,wed,475,5,3,1,success,1.9,94.7,-50.0,5.32,4895.8
62,admin.,married,unknown,no,no,no,telephone,nov,wed,509,6,999,0,nonexistent,3.1,95.494,-44.4,6.056,4891.0
52,admin.,married,university.degree,no,yes,no,cellular,aug,mon,147,15,999,0,success,3.4,94.944,-44.1,6.165,4928.1
58,admin.,married,high.school,no,yes,no,cellular,nov,thu,2386,5,999,0,success,3.4,95.418,-50.7,6.162,4928.1
53,admin.,married,high.school,no,yes,no,cellular,apr,thu,664,6,999,1,success,0.19999999999999996,94.575,-55.1,2.61,4799.1
63,admin.,married,basic.4y,no,yes,no,cellular,nov,tue,185,5,999,0,success,3.1,95.494,-44.4,6.056,4891.0
59,admin.,married,basic.9y,no,yes,no,telephone,may,mon,430,5,999,0,nonexistent,3.1,95.494,-44.4,6.057,4891.0
47,admin.,single,high.school,no,no,no,cellular,nov,thu,296,7,999,0,success,3.4,95.418,-50.7,6.158,4928.1
57,admin.,married,unknown,no,no,yes,cellular,nov,fri,566,8,999,0,success,3.1,95.494,-44.4,6.057,4891.0
47,admin.,single,university.degree,no,no,no,cellular,nov,fri,579,5,999,0,success,-0.8999999999999999,94.463,-48.8,2.468,4776.2
53,admin.,single,basic.4y,no,no,no,cellular,may,wed,493,5,999,1,success,0.19999999999999996,94.393,-54.2,2.534,4799.1
44,blue-collar,single,basic.4y,unknown,yes,no,cellular,nov,fri,705,5,999,1,success,0.19999999999999996,94.393,-54.2,2.513,4799.1
47,admin.,married,university.degree,no,yes,no,cellular,nov,thu,230,5,999,0,success,3.4,95.418,-50.7,6.168,4928.1
61,admin.,divorced,high.school,no,no,no,cellular,nov,mon,500,6,999,1,success,0.19999999999999996,94.575,-55.1,2.666,4799.1
47,admin.,married,university.degree,unknown,no,yes,telephone,nov,thu,462,5,999,0,success,3.1,95.494,-44.4,6.055000000000001,4891.0
41,admin.,single,high.school,no,no,no,cellular,nov,wed,291,7,999,3,success,0.30000000000000004,95.527,-46.3,2.094,4691.6
45,admin.,single,university.degree,no,no,no,cellular,nov,tue,718,6,13,2,success,-0.8999999999999999,93.969,-41.6,2.108,4776.2
63,admin.,divorced,university.degree,no,yes,no,cellular,nov,wed,1679,6,999,0,success,3.1,95.494,-44.4,6.056,4891.0
48,admin.,married,basic.9y,no,yes,no,cellular,nov,tue,988,5,999,0,success,0.19999999999999996,94.393,-54.2,2.466,4799.1
56,admin.,married,university.degree,no,yes,no,cellular,nov,wed,217,5,999,1,success,1.9,94.7,-50.0,5.32,4895.8
51,admin.,married,professional.course,no,no,no,cellular,nov,wed,2681,7,999,0,success,3.1,95.494,-44.4,6.059,4891.0
44,admin.,single,high.school,no,no,no,cellular,jul,thu,170,5,999,0,success,0.30000000000000004,95.715,-48.3,1.982,4691.6
72,admin.,single,high.school,no,yes,no,cellular,nov,mon,167,9,12,1,success,0.19999999999999996,94.393,-54.2,2.444,4799.1
60,admin.,single,high.school,no,no,no,cellular,nov,fri,764,5,999,0,nonexistent,0.19999999999999996,94.393,-54.2,2.45,4799.1
44,admin.,single,university.degree,unknown,no,yes,cellular,nov,tue,543,5,999,0,success,3.4,95.965,-49.8,6.064,4928.1
50,admin.,married,high.school,no,no,yes,cellular,nov,thu,644,5,999,0,success,3.4,95.965,-49.8,6.1610000000000005,4928.1
60,admin.,married,university.degree,no,no,yes,cellular,nov,thu,428,6,999,1,success,0.30000000000000004,95.715,-48.3,2.084,4691.6
47,admin.,single,university.degree,no,no,no,cellular,nov,wed,759,5,999,0,success,3.4,95.965,-49.8,6.064,4928.1
57,admin.,single,high.school,no,no,no,cellular,nov,tue,489,5,999,0,success,3.1,95.494,-44.4,6.056,4891.0
47,admin.,married,university.degree,no,yes,no,cellular,nov,wed,710,5,999,1,success,-0.8999999999999999,93.701,-39.4,2.054,4776.2
45,admin.,married,professional.course,unknown,yes,no,cellular,nov,tue,611,6,999,0,success,1.9,94.7,-50.0,5.353,4895.8
57,admin.,married,high.school,no,no,no,cellular,nov,wed,453,8,999,0,nonexistent,0.19999999999999996,94.393,-54.2,2.481,4799.1
44,services,single,basic.9y,unknown,yes,no,cellular,nov,thu,309,6,999,0,nonexistent,0.19999999999999996,94.575,-55.1,2.61,4799.1
43,admin.,single,basic.9y,no,yes,no,cellular,nov,thu,527,5,999,1,success,0.19999999999999996,94.393,-54.2,2.466,4799.1
46,admin.,single,high.school,no,no,no,cellular,nov,tue,496,6,999,0,success,3.1,95.494,-44.4,6.056,4891.0
44,admin.,single,high.school,no,no,no,cellular,nov,fri,1141,5,999,0,success,3.4,95.418,-50.7,6.157,4928.1
44,admin.,divorced,high.school,no,no,no,cellular,nov,thu,379,7,999,0,nonexistent,3.1,95.494,-44.4,6.055000000000001,4891.0
52,admin.,married,basic.9y,no,no,yes,cellular,nov,tue,217,5,999,0,success,3.1,95.494,-44.4,6.057,4891.0
56,blue-collar,divorced,basic.6y,no,no,no,cellular,nov,fri,406,5,999,0,success,3.4,95.418,-50.7,6.163,4928.1
39,admin.,single,professional.course,no,yes,no,cellular,nov,wed,370,5,999,0,success,3.4,95.418,-50.7,6.162,4928.1
49,admin.,married,basic.9y,no,no,yes,cellular,nov,wed,201,5,999,0,success,3.4,95.418,-50.7,6.162,4928.1
73,admin.,married,basic.4y,no,yes,no,cellular,nov,fri,242,7,999,0,success,3.4,94.944,-44.1,6.163,4928.1
54,admin.,married,professional.course,no,yes,no,cellular,nov,mon,496,7,999,0,nonexistent,3.4,94.944,-44.1,6.165,4928.1
70,retired,married,basic.9y,unknown,no,no,cellular,nov,thu,149,7,999,0,success,3.4,95.418,-50.7,6.168,4928.1
66,admin.,single,basic.9y,unknown,yes,no,telephone,jun,wed,1151,6,999,0,nonexistent,3.4,95.965,-49.8,6.162,4928.1
51,management,married,university.degree,no,yes,no,cellular,nov,mon,298,5,999,0,success,3.4,94.944,-44.1,6.165,4928.1
63,technician,married,university.degree,no,no,no,cellular,nov,thu,214,10,999,0,success,3.4,94.944,-44.1,6.162,4928.1
36,admin.,single,high.school,no,no,no,cellular,nov,tue,516,5,999,0,success,0.19999999999999996,94.343,-58.0,2.814,4799.1
96,admin.,married,basic.4y,no,yes,no,cellular,nov,wed,1238,5,999,2,success,0.8999999999999999,96.101,-57.5,2.216,4663.6
45,admin.,married,basic.9y,no,no,yes,cellular,nov,mon,329,10,999,0,success,0.19999999999999996,94.393,-54.2,2.4989999999999997,4799.1
67,admin.,married,basic.9y,no,yes,no,cellular,nov,fri,304,5,999,0,success,1.9,94.7,-50.0,5.221,4895.8
53,admin.,divorced,high.school,no,yes,no,cellular,nov,fri,698,5,999,0,success,1.9,94.7,-50.0,5.221,4895.8
43,admin.,married,basic.9y,no,yes,no,cellular,may,wed,628,5,999,0,nonexistent,3.1,95.494,-44.4,6.059,4891.0
59,admin.,married,university.degree,no,yes,no,cellular,nov,fri,511,5,999,1,success,0.19999999999999996,94.393,-54.2,2.45,4799.1
41,admin.,single,university.degree,no,yes,no,cellular,nov,mon,223,5,999,0,success,0.19999999999999996,94.393,-54.2,2.4989999999999997,4799.1
49,admin.,single,basic.9y,no,yes,no,cellular,nov,fri,386,9,999,0,success,3.4,95.965,-49.8,6.147,4928.1
50,admin.,single,professional.course,no,no,no,cellular,nov,mon,1132,8,999,0,success,0.30000000000000004,95.715,-48.3,2.027,4691.6
56,admin.,married,high.school,no,no,yes,cellular,nov,thu,304,8,999,0,nonexistent,3.1,95.494,-44.4,6.055000000000001,4891.0
51,admin.,married,basic.4y,unknown,no,no,cellular,nov,fri,1222,5,999,0,success,0.19999999999999996,94.393,-54.2,2.513,4799.1
62,admin.,married,university.degree,no,yes,no,cellular,aug,tue,383,11,999,0,success,3.4,94.944,-44.1,6.165,4928.1
46,admin.,married,university.degree,no,no,no,cellular,nov,thu,500,5,999,0,nonexistent,1.9,94.7,-50.0,5.276,4895.8
44,admin.,single,high.school,no,no,no,cellular,apr,fri,971,6,999,1,success,0.19999999999999996,94.575,-55.1,2.605,4799.1
44,admin.,married,university.degree,no,no,yes,cellular,nov,fri,574,8,999,0,nonexistent,3.4,95.965,-49.8,6.167,4928.1
50,admin.,married,basic.9y,unknown,no,no,telephone,nov,wed,284,6,999,0,success,3.1,95.494,-44.4,6.058,4891.0
63,admin.,married,high.school,unknown,yes,no,cellular,nov,fri,1220,9,999,0,success,0.19999999999999996,94.393,-54.2,2.45,4799.1
72,admin.,married,university.degree,unknown,yes,yes,cellular,nov,thu,174,13,999,0,success,3.4,94.944,-44.1,6.162,4928.1
69,admin.,married,high.school,no,no,no,cellular,nov,tue,143,16,999,0,success,3.1,95.494,-44.4,6.056,4891.0
52,admin.,single,basic.9y,no,yes,no,cellular,nov,fri,552,6,999,0,success,3.1,95.494,-44.4,6.057,4891.0
62,admin.,single,university.degree,no,no,no,cellular,nov,wed,421,5,999,0,success,0.19999999999999996,94.575,-55.1,2.645,4799.1
63,admin.,married,basic.6y,no,no,no,cellular,nov,wed,165,8,999,1,success,0.19999999999999996,94.393,-54.2,2.481,4799.1
40,services,single,high.school,no,yes,no,cellular,nov,thu,682,6,999,2,failure,0.30000000000000004,95.715,-48.3,2.01,4691.6
43,admin.,single,university.degree,no,unknown,unknown,cellular,nov,fri,1969,6,999,0,success,0.19999999999999996,95.376,-48.0,1.895,4708.7
47,admin.,divorced,high.school,no,yes,no,cellular,nov,thu,1259,5,999,0,success,0.19999999999999996,94.393,-54.2,2.527,4799.1
64,admin.,married,basic.4y,no,yes,no,cellular,nov,wed,399,6,999,0,success,3.4,94.944,-44.1,6.164000000000001,4928.1
56,admin.,divorced,university.degree,no,no,no,cellular,nov,tue,374,5,999,0,success,3.4,94.944,-44.1,6.163,4928.1
47,admin.,married,high.school,no,yes,yes,cellular,nov,fri,646,6,999,0,nonexistent,3.4,95.965,-49.8,6.167,4928.1
71,admin.,married,university.degree,no,yes,yes,cellular,jul,fri,793,6,999,0,success,3.4,95.418,-50.7,6.162,4928.1
46,admin.,married,basic.9y,no,no,no,cellular,nov,thu,381,5,999,0,nonexistent,3.4,95.965,-49.8,6.066,4928.1
52,admin.,married,high.school,unknown,yes,no,telephone,nov,mon,683,5,999,0,success,3.1,95.494,-44.4,6.057,4891.0
48,blue-collar,married,professional.course,no,yes,yes,cellular,nov,wed,397,5,999,0,nonexistent,0.19999999999999996,94.575,-55.1,2.698,4799.1
45,admin.,married,university.degree,no,yes,no,cellular,nov,tue,336,7,999,1,success,-0.8999999999999999,93.701,-39.4,2.083,4776.2
66,admin.,divorced,high.school,no,yes,yes,cellular,nov,thu,948,5,999,0,success,3.4,95.418,-50.7,6.163,4928.1
53,admin.,single,university.degree,no,yes,no,cellular,nov,thu,291,6,999,0,success,1.9,94.7,-50.0,5.276,4895.8
51,admin.,divorced,high.school,no,no,no,cellular,nov,thu,264,5,999,0,success,3.4,95.965,-49.8,6.066,4928.1
65,management,married,basic.9y,no,yes,yes,cellular,nov,thu,511,13,999,0,success,3.4,95.418,-50.7,6.162,4928.1
45,admin.,single,basic.4y,unknown,no,yes,telephone,nov,mon,365,5,999,0,success,3.4,95.965,-49.8,6.1610000000000005,4928.1
46,admin.,single,university.degree,no,no,no,cellular,nov,fri,273,6,999,0,success,1.9,94.7,-50.0,5.221,4895.8
58,admin.,single,professional.course,no,yes,no,cellular,nov,fri,696,7,999,0,success,3.1,95.494,-44.4,6.057,4891.0
42,admin.,married,basic.9y,no,yes,no,telephone,nov,mon,385,7,999,0,success,3.1,95.494,-44.4,6.058,4891.0
69,admin.,married,basic.6y,no,no,no,cellular,nov,wed,579,7,999,0,success,3.4,95.965,-49.8,6.162,4928.1
51,admin.,married,high.school,no,no,no,cellular,nov,fri,806,6,999,0,nonexistent,3.1,95.494,-44.4,6.064,4891.0
42,admin.,single,basic.9y,no,no,no,cellular,nov,fri,421,6,999,1,success,0.19999999999999996,94.393,-54.2,2.45,4799.1
68,admin.,married,basic.9y,unknown,yes,no,cellular,nov,fri,422,7,999,0,success,3.1,95.494,-44.4,6.064,4891.0
55,technician,married,professional.course,no,no,no,cellular,nov,tue,613,5,999,0,nonexistent,0.19999999999999996,94.575,-55.1,2.653,4799.1
64,admin.,single,university.degree,no,no,no,cellular,nov,tue,223,7,999,0,success,3.4,95.418,-50.7,6.1610000000000005,4928.1
48,admin.,married,basic.9y,no,no,no,cellular,nov,mon,381,5,999,0,success,3.4,95.965,-49.8,6.16,4928.1
50,services,married,university.degree,no,yes,no,cellular,sep,thu,134,5,999,0,success,0.8999999999999999,95.699,-45.5,2.084,4663.6
55,technician,single,professional.course,no,yes,no,cellular,nov,fri,277,7,999,0,nonexistent,3.4,95.965,-49.8,6.159,4928.1
40,admin.,single,high.school,no,yes,no,cellular,may,mon,158,11,999,0,success,0.19999999999999996,94.393,-54.2,2.444,4799.1
55,blue-collar,married,professional.course,no,no,no,cellular,jul,mon,1333,6,999,0,success,3.4,95.418,-50.7,6.162,4928.1
71,admin.,married,university.degree,no,no,no,cellular,nov,mon,214,5,999,0,success,1.9,94.7,-50.0,5.391,4895.8
48,admin.,single,professional.course,no,no,no,cellular,nov,tue,667,10,999,0,nonexistent,0.19999999999999996,94.393,-54.2,2.4909999999999997,4799.1
46,admin.,single,basic.9y,no,no,no,cellular,nov,wed,2698,9,999,0,success,3.4,95.418,-50.7,6.157,4928.1
73,admin.,married,high.school,no,no,no,cellular,jul,thu,334,5,999,0,nonexistent,3.4,95.418,-50.7,6.158,4928.1
74,management,married,university.degree,no,no,no,cellular,nov,fri,1306,6,999,0,success,3.1,95.494,-44.4,6.055000000000001,4891.0
39,admin.,single,university.degree,no,no,no,cellular,nov,thu,665,5,999,1,success,0.8999999999999999,95.699,-45.5,2.0789999999999997,4663.6
51,admin.,single,university.degree,no,yes,no,cellular,nov,thu,316,11,999,0,success,3.4,95.418,-50.7,6.168,4928.1
45,admin.,single,high.school,no,yes,yes,cellular,may,fri,579,6,999,0,nonexistent,0.19999999999999996,94.393,-54.2,2.45,4799.1
61,management,single,university.degree,no,no,yes,cellular,nov,thu,800,12,999,0,success,1.9,94.7,-50.0,5.276,4895.8
74,admin.,married,university.degree,no,yes,no,cellular,nov,tue,230,5,999,1,success,0.19999999999999996,94.393,-54.2,2.466,4799.1
48,admin.,married,university.degree,no,unknown,unknown,cellular,nov,fri,253,6,999,0,success,3.4,94.944,-44.1,6.166,4928.1
52,admin.,single,high.school,no,no,no,cellular,nov,wed,395,6,4,2,success,0.19999999999999996,94.869,-42.8,1.855,4708.7
70,admin.,divorced,basic.9y,no,yes,yes,cellular,jul,tue,264,5,999,0,success,3.4,95.418,-50.7,6.1610000000000005,4928.1
79,retired,married,high.school,unknown,no,no,cellular,nov,tue,662,5,999,1,success,-0.8999999999999999,93.701,-39.4,2.059,4776.2
50,services,married,basic.9y,unknown,yes,no,cellular,nov,mon,482,7,999,0,success,0.19999999999999996,94.575,-55.1,2.605,4799.1
46,admin.,married,university.degree,no,no,no,cellular,nov,mon,298,11,999,0,success,3.4,94.944,-44.1,6.165,4928.1
68,admin.,married,university.degree,unknown,yes,no,telephone,nov,fri,779,12,999,0,success,1.9,94.7,-50.0,5.221,4895.8
60,admin.,single,university.degree,no,unknown,unknown,cellular,nov,tue,359,7,999,1,success,-1.4,94.149,-38.1,1.915,4717.5
72,admin.,married,basic.4y,no,yes,no,cellular,nov,fri,340,6,999,1,failure,-1.4,93.879,-37.8,1.9729999999999999,4717.5
49,admin.,single,professional.course,no,yes,no,cellular,nov,mon,250,5,999,0,success,3.4,94.944,-44.1,6.165,4928.1
40,admin.,single,university.degree,no,no,yes,cellular,nov,thu,322,5,999,0,success,-0.8999999999999999,93.701,-39.4,2.073,4776.2
39,admin.,single,basic.9y,no,unknown,unknown,cellular,jun,wed,466,5,999,0,success,-0.8999999999999999,94.463,-48.8,2.46,4776.2
67,admin.,married,basic.4y,no,yes,no,cellular,nov,mon,575,6,999,0,success,3.1,95.494,-44.4,6.057,4891.0
49,admin.,married,university.degree,no,no,no,telephone,nov,mon,370,6,999,0,success,3.4,95.965,-49.8,6.1610000000000005,4928.1
45,admin.,married,university.degree,unknown,yes,no,cellular,nov,thu,487,7,999,0,success,3.4,95.965,-49.8,6.158,4928.1
58,admin.,married,high.school,no,yes,no,cellular,nov,wed,208,5,999,0,nonexistent,3.4,95.965,-49.8,6.159,4928.1
57,admin.,divorced,university.degree,no,no,no,cellular,may,thu,622,13,999,0,success,3.1,95.494,-44.4,6.0600000000000005,4891.0
65,admin.,married,professional.course,no,no,no,cellular,nov,thu,912,6,999,0,success,3.1,95.494,-44.4,6.0600000000000005,4891.0
74,admin.,single,university.degree,no,no,no,cellular,nov,mon,185,8,999,0,success,3.1,95.494,-44.4,6.057,4891.0
67,admin.,divorced,basic.9y,no,yes,no,cellular,nov,mon,212,5,999,0,success,0.19999999999999996,94.393,-54.2,2.444,4799.1
50,housemaid,single,basic.4y,unknown,yes,no,cellular,nov,wed,239,6,3,1,success,1.9,94.7,-50.0,5.32,4895.8
49,admin.,single,high.school,no,no,no,cellular,nov,mon,232,6,999,1,failure,1.9,94.7,-50.0,5.391,4895.8
69,admin.,married,university.degree,no,no,no,cellular,nov,thu,298,7,999,0,success,0.8999999999999999,96.101,-57.5,2.187,4663.6
48,admin.,married,university.degree,no,no,no,cellular,nov,fri,599,6,999,0,success,3.1,95.494,-44.4,6.057,4891.0
48,admin.,married,basic.6y,unknown,unknown,unknown,telephone,jun,fri,410,5,999,0,success,3.4,95.965,-49.8,6.167,4928.1
53,self-employed,married,basic.9y,no,yes,no,cellular,nov,wed,167,5,999,2,success,0.19999999999999996,94.393,-54.2,2.481,4799.1
53,admin.,divorced,professional.course,no,no,yes,cellular,nov,tue,363,5,999,2,success,-1.4,93.931,-34.9,1.942,4717.5
62,admin.,divorced,basic.9y,no,no,no,cellular,nov,tue,561,5,999,0,success,3.4,95.418,-50.7,6.155,4928.1
55,admin.,divorced,basic.9y,no,yes,no,cellular,nov,tue,241,5,999,1,failure,1.9,94.7,-50.0,5.353,4895.8
40,admin.,single,university.degree,no,yes,yes,cellular,nov,tue,1380,7,999,0,success,0.19999999999999996,94.393,-54.2,2.4909999999999997,4799.1
63,admin.,married,university.degree,no,no,no,cellular,aug,fri,269,5,999,0,success,3.4,94.944,-44.1,6.166,4928.1
55,admin.,divorced,university.degree,no,unknown,unknown,cellular,jul,wed,381,5,999,0,success,3.4,95.418,-50.7,6.163,4928.1
51,admin.,single,university.degree,no,yes,no,cellular,nov,wed,439,7,999,0,success,0.19999999999999996,94.393,-54.2,2.481,4799.1
50,blue-collar,married,basic.9y,no,no,no,cellular,nov,tue,721,5,999,1,failure,0.19999999999999996,94.393,-54.2,2.4909999999999997,4799.1
61,blue-collar,married,basic.9y,no,no,no,cellular,nov,thu,241,5,999,0,success,3.4,94.944,-44.1,6.168,4928.1
64,admin.,single,university.degree,no,no,no,cellular,nov,thu,520,5,999,0,nonexistent,0.19999999999999996,94.575,-55.1,2.565,4799.1
38,admin.,single,basic.9y,no,no,no,cellular,nov,mon,768,7,999,0,nonexistent,3.4,95.418,-50.7,6.16,4928.1
43,admin.,married,high.school,no,no,yes,cellular,nov,thu,264,5,999,0,success,3.4,95.418,-50.7,6.168,4928.1
71,admin.,married,basic.4y,unknown,yes,no,cellular,nov,thu,156,24,999,0,success,3.4,95.418,-50.7,6.168,4928.1
44,admin.,single,high.school,no,yes,yes,cellular,nov,thu,640,5,3,3,success,0.8999999999999999,96.267,-58.8,2.25,4663.6
72,admin.,married,university.degree,no,no,no,cellular,nov,fri,210,6,999,0,success,3.1,95.494,-44.4,6.064,4891.0
66,admin.,married,university.degree,no,yes,no,cellular,nov,mon,280,5,999,0,success,1.9,94.7,-50.0,5.391,4895.8
42,admin.,single,professional.course,no,no,no,cellular,nov,tue,365,6,999,0,success,0.30000000000000004,95.555,-47.8,1.9369999999999998,4691.6
50,admin.,married,high.school,no,yes,yes,cellular,nov,mon,714,6,999,0,nonexistent,1.9,94.7,-50.0,5.391,4895.8
39,admin.,married,professional.course,no,no,no,cellular,nov,tue,500,12,999,0,success,3.4,95.418,-50.7,6.1610000000000005,4928.1
54,technician,married,professional.course,unknown,no,no,cellular,aug,fri,208,5,999,0,nonexistent,3.4,94.944,-44.1,6.166,4928.1
67,admin.,married,unknown,unknown,yes,no,cellular,jun,thu,332,8,999,0,nonexistent,3.4,95.965,-49.8,6.1610000000000005,4928.1
63,admin.,married,basic.6y,no,no,no,cellular,nov,tue,230,5,999,0,nonexistent,-1.4,93.931,-34.9,1.942,4717.5
49,admin.,married,professional.course,no,yes,no,cellular,nov,fri,460,5,999,0,success,3.4,94.944,-44.1,6.166,4928.1
49,admin.,married,basic.6y,no,no,no,cellular,nov,tue,694,6,999,1,success,0.19999999999999996,94.393,-54.2,2.544,4799.1
51,admin.,married,high.school,no,yes,no,cellular,nov,thu,536,5,999,0,success,1.9,94.7,-50.0,5.276,4895.8
49,services,single,high.school,no,no,no,cellular,nov,thu,1843,6,999,0,success,0.19999999999999996,94.393,-54.2,2.527,4799.1
49,admin.,married,university.degree,no,yes,no,cellular,nov,wed,291,5,999,1,success,0.19999999999999996,94.393,-54.2,2.4699999999999998,4799.1
56,admin.,married,unknown,no,yes,no,cellular,nov,fri,1313,8,999,0,success,1.9,94.7,-50.0,5.221,4895.8
70,admin.,married,basic.4y,no,yes,no,cellular,nov,wed,502,5,999,0,success,3.4,94.944,-44.1,6.164000000000001,4928.1
60,admin.,married,basic.4y,no,yes,no,cellular,nov,tue,975,5,999,0,success,1.9,94.7,-50.0,5.353,4895.8
50,admin.,married,high.school,no,no,no,cellular,nov,mon,376,6,999,0,nonexistent,3.4,95.965,-49.8,6.16,4928.1
46,admin.,single,high.school,no,yes,no,cellular,nov,thu,336,5,999,0,success,3.1,95.494,-44.4,6.0600000000000005,4891.0
54,admin.,single,high.school,no,no,yes,cellular,nov,thu,286,5,999,0,nonexistent,3.4,94.944,-44.1,6.168,4928.1
56,blue-collar,married,basic.4y,unknown,no,no,cellular,nov,mon,721,11,999,0,success,3.1,95.494,-44.4,6.057,4891.0
74,admin.,married,professional.course,no,no,no,cellular,nov,thu,248,5,999,0,success,3.4,94.944,-44.1,6.168,4928.1
77,admin.,married,basic.4y,no,no,no,cellular,nov,mon,691,5,9,2,success,0.30000000000000004,95.527,-46.3,2.098,4691.6
54,admin.,married,university.degree,no,yes,no,cellular,nov,thu,374,5,999,0,success,0.19999999999999996,94.393,-54.2,2.527,4799.1
47,admin.,married,high.school,no,yes,no,cellular,nov,mon,2456,5,999,0,success,0.8999999999999999,95.699,-45.5,2.0789999999999997,4663.6
68,admin.,married,basic.9y,no,yes,no,cellular,nov,mon,424,5,999,1,failure,1.9,94.7,-50.0,5.391,4895.8
45,admin.,married,basic.9y,no,no,no,cellular,may,mon,568,6,999,0,nonexistent,3.1,95.494,-44.4,6.058,4891.0
42,admin.,single,professional.course,unknown,yes,no,cellular,nov,thu,325,6,999,0,success,3.4,95.418,-50.7,6.168,4928.1
96,admin.,married,professional.course,no,no,no,cellular,nov,thu,363,5,999,0,success,0.19999999999999996,94.575,-55.1,2.565,4799.1
45,technician,single,university.degree,no,no,no,cellular,nov,mon,647,8,999,0,success,3.1,95.494,-44.4,6.057,4891.0
50,admin.,married,basic.9y,no,yes,no,cellular,nov,thu,543,5,999,0,success,3.1,95.494,-44.4,6.055000000000001,4891.0
46,blue-collar,married,basic.4y,no,no,no,cellular,may,fri,1045,5,999,0,success,3.1,95.494,-44.4,6.055000000000001,4891.0
41,admin.,married,university.degree,no,no,no,cellular,may,thu,251,6,999,0,success,3.1,95.494,-44.4,6.0600000000000005,4891.0
64,admin.,divorced,professional.course,no,yes,yes,cellular,nov,tue,350,12,999,0,success,3.4,94.944,-44.1,6.166,4928.1
55,admin.,married,basic.9y,no,yes,no,cellular,nov,mon,358,6,999,0,success,1.9,94.7,-50.0,5.391,4895.8
61,blue-collar,married,basic.9y,no,no,no,cellular,nov,tue,338,5,999,0,success,3.1,95.494,-44.4,6.057,4891.0
69,admin.,divorced,basic.4y,unknown,no,yes,cellular,jul,tue,460,9,999,0,success,3.4,95.418,-50.7,6.1610000000000005,4928.1
47,admin.,single,university.degree,no,yes,yes,cellular,nov,tue,237,5,999,0,success,3.1,95.494,-44.4,6.057,4891.0
53,admin.,divorced,unknown,no,no,no,cellular,nov,tue,397,5,999,0,success,1.9,94.7,-50.0,5.353,4895.8
40,admin.,single,high.school,no,yes,yes,cellular,nov,mon,568,6,999,0,success,3.4,95.965,-49.8,6.1610000000000005,4928.1
42,admin.,single,high.school,unknown,no,no,telephone,nov,thu,404,5,999,0,success,3.1,95.494,-44.4,6.055000000000001,4891.0
80,admin.,married,professional.course,no,no,no,cellular,nov,thu,593,5,999,0,nonexistent,0.8999999999999999,95.699,-45.5,2.0789999999999997,4663.6
49,admin.,married,professional.course,no,yes,yes,cellular,nov,mon,347,5,999,0,success,3.4,95.965,-49.8,6.065,4928.1
44,admin.,single,high.school,no,yes,no,cellular,nov,wed,383,7,999,1,failure,1.9,94.7,-50.0,5.32,4895.8
55,admin.,married,university.degree,unknown,no,no,cellular,nov,thu,1290,6,999,0,success,3.4,95.965,-49.8,6.066,4928.1
75,admin.,married,university.degree,no,no,no,cellular,nov,thu,327,5,999,0,success,3.4,94.944,-44.1,6.163,4928.1
67,admin.,married,basic.4y,no,yes,no,cellular,nov,mon,278,5,999,0,success,3.4,95.418,-50.7,6.16,4928.1
59,admin.,married,high.school,no,yes,no,cellular,nov,wed,800,5,999,0,success,3.1,95.494,-44.4,6.056,4891.0
87,admin.,married,basic.4y,no,unknown,unknown,cellular,nov,tue,199,5,999,0,success,0.19999999999999996,94.575,-55.1,2.653,4799.1
66,admin.,married,high.school,no,no,yes,cellular,nov,wed,367,10,999,0,success,3.4,95.965,-49.8,6.162,4928.1
50,admin.,single,high.school,no,yes,no,cellular,nov,thu,388,5,999,0,success,3.4,95.418,-50.7,6.168,4928.1
63,admin.,married,university.degree,no,yes,yes,cellular,aug,wed,638,5,0,3,success,0.30000000000000004,95.527,-46.3,2.1,4691.6
48,admin.,single,high.school,unknown,no,no,cellular,may,thu,3221,5,12,1,success,0.19999999999999996,94.393,-54.2,2.466,4799.1
50,admin.,married,high.school,no,no,no,cellular,nov,wed,633,5,999,0,success,0.19999999999999996,94.393,-54.2,2.534,4799.1
74,self-employed,single,university.degree,no,yes,no,cellular,nov,fri,568,7,999,0,success,0.19999999999999996,94.393,-54.2,2.4589999999999996,4799.1
57,admin.,married,basic.4y,unknown,no,no,cellular,nov,mon,1094,5,999,0,nonexistent,3.1,95.494,-44.4,6.057,4891.0
63,admin.,single,basic.4y,no,yes,no,cellular,nov,mon,269,10,999,0,success,3.4,95.965,-49.8,6.065,4928.1
75,retired,divorced,university.degree,no,yes,no,cellular,jun,fri,296,8,999,0,success,3.4,95.965,-49.8,6.159,4928.1
51,admin.,single,university.degree,no,no,no,cellular,nov,thu,494,16,999,1,success,0.19999999999999996,94.575,-55.1,2.635,4799.1
50,admin.,married,university.degree,no,yes,yes,telephone,nov,tue,410,6,999,0,success,3.1,95.494,-44.4,6.057,4891.0
50,blue-collar,married,basic.6y,no,no,no,telephone,nov,wed,736,6,999,0,success,3.1,95.494,-44.4,6.057,4891.0
53,admin.,married,high.school,no,yes,no,cellular,nov,fri,503,9,999,0,success,0.19999999999999996,94.393,-54.2,2.513,4799.1
53,admin.,married,university.degree,unknown,no,no,cellular,may,thu,583,6,999,0,nonexistent,3.1,95.494,-44.4,6.055000000000001,4891.0
44,admin.,married,basic.6y,unknown,yes,no,cellular,nov,tue,178,5,999,0,nonexistent,3.1,95.494,-44.4,6.057,4891.0
42,admin.,single,university.degree,no,no,no,cellular,sep,wed,835,5,999,0,success,-1.4,93.879,-37.8,1.9809999999999999,4717.5
68,admin.,married,professional.course,no,no,yes,cellular,nov,tue,440,15,999,0,nonexistent,3.4,95.418,-50.7,6.1610000000000005,4928.1
47,admin.,divorced,basic.9y,unknown,yes,no,cellular,nov,mon,1936,9,999,0,success,3.4,95.965,-49.8,6.16,4928.1
45,admin.,divorced,basic.9y,no,yes,no,cellular,may,wed,165,6,999,0,nonexistent,3.1,95.494,-44.4,6.057,4891.0
72,admin.,married,unknown,unknown,yes,no,cellular,nov,mon,266,5,999,0,success,3.4,94.944,-44.1,6.17,4928.1
56,blue-collar,married,basic.4y,no,yes,yes,telephone,nov,mon,930,6,999,0,nonexistent,3.4,95.965,-49.8,6.147,4928.1
52,admin.,married,basic.4y,no,yes,no,cellular,jun,wed,372,6,999,0,success,3.4,95.965,-49.8,6.064,4928.1
46,admin.,married,professional.course,no,yes,no,cellular,jul,wed,944,6,999,0,success,3.4,95.418,-50.7,6.163,4928.1
64,admin.,married,basic.9y,unknown,no,no,cellular,nov,tue,219,6,999,2,failure,0.19999999999999996,94.393,-54.2,2.4909999999999997,4799.1
57,admin.,married,unknown,no,yes,no,cellular,nov,mon,206,13,999,0,success,3.4,95.418,-50.7,6.162,4928.1
37,admin.,single,high.school,no,no,no,cellular,aug,thu,215,6,3,1,success,-0.8999999999999999,93.701,-39.4,2.073,4776.2
71,admin.,divorced,university.degree,no,yes,no,cellular,nov,tue,1870,6,999,0,success,1.9,94.7,-50.0,5.353,4895.8
48,entrepreneur,single,professional.course,no,no,no,cellular,nov,mon,377,7,999,0,success,3.4,95.418,-50.7,6.16,4928.1
58,admin.,single,university.degree,no,yes,no,cellular,nov,mon,300,8,999,0,success,3.4,95.965,-49.8,6.065,4928.1
48,admin.,married,high.school,no,no,no,cellular,nov,fri,1191,6,999,0,success,3.4,95.418,-50.7,6.157,4928.1
58,admin.,married,basic.6y,unknown,no,no,cellular,jul,mon,1105,7,999,0,success,3.4,95.418,-50.7,6.162,4928.1
51,admin.,married,university.degree,unknown,yes,no,cellular,nov,tue,754,7,999,0,nonexistent,3.4,95.418,-50.7,6.1610000000000005,4928.1
51,admin.,married,basic.9y,no,yes,no,cellular,may,tue,1236,5,999,0,success,0.19999999999999996,94.393,-54.2,2.544,4799.1
44,admin.,single,high.school,no,yes,no,cellular,nov,fri,340,5,999,2,failure,0.19999999999999996,95.376,-48.0,1.895,4708.7
52,admin.,married,high.school,no,no,yes,cellular,nov,fri,125,7,999,0,success,3.1,95.494,-44.4,6.057,4891.0
51,services,married,high.school,unknown,no,no,cellular,nov,mon,381,6,999,0,success,3.4,95.965,-49.8,6.065,4928.1
61,admin.,married,professional.course,no,no,no,cellular,nov,fri,507,5,999,1,success,-0.8999999999999999,94.463,-48.8,2.468,4776.2
49,admin.,single,high.school,no,yes,no,telephone,jul,fri,311,6,999,0,nonexistent,3.4,95.418,-50.7,6.159,4928.1
56,admin.,married,basic.6y,no,yes,no,cellular,nov,wed,327,5,999,0,success,3.1,95.494,-44.4,6.057,4891.0
49,admin.,married,university.degree,no,no,no,cellular,nov,fri,151,9,999,0,success,0.19999999999999996,94.393,-54.2,2.513,4799.1
59,services,divorced,high.school,no,no,no,cellular,nov,fri,548,7,999,0,nonexistent,3.4,95.418,-50.7,6.157,4928.1
59,admin.,single,university.degree,unknown,yes,no,cellular,nov,fri,152,10,999,0,success,3.4,95.965,-49.8,6.159,4928.1
68,admin.,married,high.school,no,no,no,cellular,nov,fri,440,5,999,0,success,3.1,95.494,-44.4,6.059,4891.0
46,admin.,married,university.degree,no,no,yes,cellular,nov,tue,1603,5,999,0,success,3.4,94.944,-44.1,6.163,4928.1
53,admin.,single,basic.4y,unknown,no,no,cellular,nov,mon,943,9,999,0,success,3.4,95.418,-50.7,6.16,4928.1
69,admin.,married,basic.4y,no,yes,no,cellular,nov,tue,395,5,999,0,success,3.4,94.944,-44.1,6.163,4928.1
44,admin.,single,university.degree,no,no,no,cellular,nov,fri,426,6,999,0,success,3.1,95.494,-44.4,6.064,4891.0
48,admin.,married,university.degree,no,yes,yes,cellular,nov,wed,199,5,999,1,failure,0.19999999999999996,94.393,-54.2,2.481,4799.1
72,admin.,unknown,basic.4y,no,no,no,telephone,nov,tue,1331,5,999,0,success,3.1,95.494,-44.4,6.057,4891.0
47,admin.,married,high.school,no,no,no,cellular,nov,mon,1108,6,999,0,success,3.4,95.418,-50.7,6.16,4928.1
51,self-employed,married,high.school,unknown,no,no,cellular,aug,mon,1033,9,999,0,success,3.4,94.944,-44.1,6.163,4928.1
68,blue-collar,divorced,basic.4y,no,no,no,cellular,nov,wed,1391,5,999,0,success,3.4,95.965,-49.8,6.159,4928.1
48,admin.,single,university.degree,no,yes,yes,telephone,nov,tue,408,7,999,0,success,3.1,95.494,-44.4,6.056,4891.0
48,admin.,married,high.school,no,no,no,cellular,nov,mon,493,5,999,0,success,0.19999999999999996,94.575,-55.1,2.605,4799.1
62,admin.,married,basic.9y,no,yes,no,cellular,aug,fri,316,5,999,0,success,3.4,94.944,-44.1,6.166,4928.1
54,admin.,married,unknown,unknown,unknown,unknown,cellular,nov,wed,372,6,999,0,nonexistent,3.4,95.418,-50.7,6.163,4928.1
53,admin.,married,professional.course,no,no,no,cellular,nov,thu,271,5,999,0,success,0.19999999999999996,94.343,-58.0,2.957,4799.1
46,admin.,single,professional.course,no,yes,no,cellular,aug,tue,390,5,999,0,nonexistent,3.4,94.944,-44.1,6.163,4928.1
46,blue-collar,married,basic.9y,no,no,yes,cellular,nov,mon,503,5,999,0,success,1.9,94.7,-50.0,5.391,4895.8
44,admin.,divorced,high.school,no,no,no,cellular,nov,tue,586,5,999,0,success,0.19999999999999996,94.393,-54.2,2.544,4799.1
49,admin.,single,high.school,no,no,no,cellular,nov,wed,646,7,999,0,success,1.9,94.7,-50.0,5.32,4895.8
54,technician,divorced,professional.course,no,yes,no,cellular,nov,tue,2161,5,999,0,success,3.4,94.944,-44.1,6.168,4928.1
66,admin.,divorced,high.school,unknown,yes,no,cellular,may,tue,1142,5,999,0,success,3.1,95.494,-44.4,6.057,4891.0
46,services,married,professional.course,unknown,no,yes,cellular,nov,wed,264,6,999,0,success,3.4,94.944,-44.1,6.167,4928.1
44,admin.,married,high.school,no,yes,no,cellular,nov,mon,593,5,999,0,success,-0.8999999999999999,94.463,-48.8,2.466,4776.2
66,admin.,married,basic.4y,no,yes,yes,cellular,dec,mon,426,5,999,0,success,1.8,94.256,-53.9,4.688,4876.3
48,admin.,married,high.school,no,yes,yes,cellular,nov,wed,235,5,999,0,success,3.4,95.965,-49.8,6.159,4928.1
47,admin.,single,high.school,no,no,no,cellular,nov,mon,1420,7,999,0,success,3.4,95.418,-50.7,6.16,4928.1
51,admin.,married,university.degree,no,yes,no,cellular,nov,tue,359,5,999,0,success,3.1,95.494,-44.4,6.057,4891.0
57,admin.,married,university.degree,no,no,no,cellular,nov,mon,557,34,999,0,success,3.4,95.418,-50.7,6.162,4928.1
48,admin.,single,high.school,no,yes,no,cellular,apr,fri,251,6,999,0,success,0.19999999999999996,94.575,-55.1,2.605,4799.1
37,admin.,single,high.school,no,yes,no,cellular,jul,tue,563,7,999,0,nonexistent,3.4,95.418,-50.7,6.1610000000000005,4928.1
58,admin.,single,high.school,no,yes,no,cellular,nov,fri,248,6,999,0,nonexistent,3.4,95.418,-50.7,6.162,4928.1
57,blue-collar,married,basic.9y,no,yes,no,cellular,nov,wed,595,6,999,0,nonexistent,3.4,95.965,-49.8,6.064,4928.1
45,admin.,single,university.degree,no,no,no,cellular,nov,tue,777,5,999,0,success,3.4,94.944,-44.1,6.166,4928.1
72,admin.,divorced,basic.9y,no,yes,no,cellular,nov,mon,518,5,999,0,success,1.9,94.7,-50.0,5.391,4895.8
43,admin.,single,university.degree,no,yes,no,cellular,nov,mon,689,8,999,0,success,-0.8999999999999999,93.969,-41.6,2.248,4776.2
42,admin.,married,high.school,no,no,no,cellular,nov,fri,248,7,999,0,success,0.19999999999999996,94.393,-54.2,2.45,4799.1
66,admin.,married,basic.4y,no,no,no,cellular,nov,tue,185,23,999,0,success,3.4,94.944,-44.1,6.165,4928.1
56,technician,single,university.degree,no,no,no,cellular,nov,thu,1087,6,999,0,success,3.4,95.418,-50.7,6.162,4928.1
46,admin.,single,university.degree,no,no,no,cellular,nov,thu,694,5,999,1,success,1.9,94.7,-50.0,5.276,4895.8
61,admin.,single,high.school,no,no,no,telephone,jun,mon,872,5,999,0,success,3.4,95.965,-49.8,6.16,4928.1
65,technician,married,basic.6y,no,yes,no,cellular,nov,fri,230,6,999,0,nonexistent,3.4,95.965,-49.8,6.159,4928.1
61,admin.,married,basic.9y,unknown,no,no,cellular,nov,mon,206,5,999,1,success,1.9,94.7,-50.0,5.391,4895.8
62,admin.,married,basic.9y,no,yes,no,cellular,nov,mon,392,6,999,1,failure,0.19999999999999996,94.575,-55.1,2.605,4799.1
46,services,single,high.school,no,no,yes,cellular,may,thu,210,6,999,1,success,0.19999999999999996,94.393,-54.2,2.527,4799.1
59,admin.,married,professional.course,no,yes,no,cellular,nov,wed,329,9,999,0,success,3.4,94.944,-44.1,6.167,4928.1
56,admin.,married,basic.4y,unknown,no,no,cellular,nov,wed,359,5,999,0,nonexistent,3.4,95.418,-50.7,6.162,4928.1
57,admin.,married,basic.4y,no,no,no,cellular,nov,wed,217,14,999,0,nonexistent,3.4,95.418,-50.7,6.163,4928.1
67,admin.,single,unknown,unknown,yes,no,cellular,nov,wed,385,5,999,0,success,0.19999999999999996,94.393,-54.2,2.534,4799.1
50,blue-collar,married,basic.9y,no,no,no,cellular,nov,thu,156,6,999,0,success,0.19999999999999996,94.393,-54.2,2.466,4799.1
40,admin.,single,high.school,no,yes,no,cellular,oct,thu,637,5,999,0,success,-1.4,93.931,-34.9,1.9329999999999998,4717.5
57,admin.,divorced,high.school,unknown,yes,no,cellular,nov,mon,201,5,999,0,success,3.4,95.965,-49.8,6.065,4928.1
45,admin.,single,basic.9y,unknown,no,yes,cellular,nov,mon,185,6,999,0,success,3.1,95.494,-44.4,6.058,4891.0
70,admin.,married,university.degree,no,no,no,cellular,nov,mon,251,8,999,0,success,3.4,95.418,-50.7,6.162,4928.1
74,management,married,university.degree,no,no,no,cellular,aug,wed,865,5,999,0,success,3.4,94.944,-44.1,6.164000000000001,4928.1
61,admin.,single,university.degree,no,yes,yes,cellular,nov,mon,376,16,999,1,success,0.19999999999999996,94.575,-55.1,2.605,4799.1
47,admin.,married,university.degree,no,yes,no,cellular,nov,fri,237,6,999,0,success,3.4,95.965,-49.8,6.159,4928.1
64,admin.,married,basic.6y,no,no,no,cellular,nov,thu,370,6,999,0,success,3.4,94.944,-44.1,6.163,4928.1
41,admin.,single,university.degree,no,no,no,cellular,mar,fri,266,5,7,4,success,0.19999999999999996,94.869,-42.8,1.8359999999999999,4708.7
44,admin.,single,basic.9y,no,unknown,unknown,cellular,apr,thu,750,5,999,1,success,0.19999999999999996,94.575,-55.1,2.61,4799.1
50,admin.,married,high.school,no,no,yes,cellular,nov,mon,329,5,999,0,success,3.1,95.494,-44.4,6.057,4891.0
46,admin.,married,basic.4y,unknown,no,no,cellular,nov,tue,410,5,999,0,success,3.4,95.418,-50.7,6.155,4928.1
49,admin.,married,basic.9y,no,no,no,cellular,nov,tue,424,5,999,0,success,0.19999999999999996,94.393,-54.2,2.544,4799.1
50,services,married,unknown,unknown,yes,yes,cellular,jul,tue,433,13,999,0,success,3.4,95.418,-50.7,6.1610000000000005,4928.1
47,admin.,married,high.school,no,yes,yes,telephone,nov,tue,232,8,999,0,success,3.1,95.494,-44.4,6.057,4891.0
54,admin.,married,university.degree,no,yes,no,cellular,nov,wed,226,5,999,0,success,1.9,94.7,-50.0,5.32,4895.8
50,admin.,married,professional.course,no,yes,no,cellular,nov,wed,512,6,999,0,success,3.4,95.418,-50.7,6.163,4928.1
53,admin.,married,professional.course,no,no,no,cellular,nov,mon,653,6,999,0,success,3.4,94.944,-44.1,6.163,4928.1
42,admin.,married,university.degree,no,no,yes,cellular,nov,fri,507,8,999,0,success,3.1,95.494,-44.4,6.057,4891.0
73,admin.,married,university.degree,no,yes,no,telephone,aug,thu,228,5,999,0,success,3.4,94.944,-44.1,6.164000000000001,4928.1
44,admin.,single,university.degree,no,yes,no,cellular,nov,mon,316,7,999,0,success,3.4,94.944,-44.1,6.165,4928.1
48,admin.,married,basic.6y,no,yes,no,telephone,nov,thu,386,5,999,0,success,3.1,95.494,-44.4,6.0600000000000005,4891.0
56,admin.,married,unknown,no,no,no,cellular,nov,mon,527,5,999,0,success,3.4,95.418,-50.7,6.16,4928.1
63,admin.,married,professional.course,unknown,yes,no,cellular,nov,thu,219,9,999,0,success,3.4,95.418,-50.7,6.168,4928.1
42,admin.,single,basic.9y,no,yes,no,cellular,may,thu,534,8,999,1,success,0.19999999999999996,94.393,-54.2,2.466,4799.1
73,admin.,married,unknown,unknown,yes,no,cellular,nov,mon,433,5,999,0,success,3.4,95.418,-50.7,6.162,4928.1
59,services,divorced,basic.6y,no,yes,no,cellular,nov,wed,395,7,0,1,success,0.30000000000000004,95.527,-46.3,2.1,4691.6
90,admin.,married,basic.9y,no,no,no,cellular,nov,mon,336,5,999,0,success,-1.4,93.931,-34.9,1.943,4717.5
45,admin.,divorced,high.school,no,yes,no,cellular,nov,thu,484,5,999,0,nonexistent,0.19999999999999996,94.393,-54.2,2.466,4799.1
63,admin.,single,high.school,no,yes,no,cellular,nov,fri,601,6,999,1,success,0.19999999999999996,94.575,-55.1,2.605,4799.1
62,admin.,married,basic.6y,no,yes,yes,cellular,nov,fri,390,6,999,0,success,3.4,95.965,-49.8,6.159,4928.1
46,admin.,single,university.degree,no,yes,no,cellular,nov,fri,1587,6,13,2,success,0.30000000000000004,95.715,-48.3,2.061,4691.6
72,admin.,married,high.school,no,yes,no,cellular,nov,mon,424,5,3,3,success,-1.4,94.149,-38.1,1.915,4717.5
54,admin.,married,professional.course,no,no,no,cellular,nov,thu,550,5,999,1,success,0.19999999999999996,94.393,-54.2,2.466,4799.1
73,admin.,married,basic.4y,no,yes,no,telephone,may,thu,451,5,999,0,success,3.1,95.494,-44.4,6.0600000000000005,4891.0
48,admin.,single,university.degree,no,no,no,cellular,nov,fri,412,5,999,0,success,3.4,94.944,-44.1,6.163,4928.1
50,blue-collar,married,basic.4y,unknown,yes,no,cellular,nov,thu,714,5,999,1,success,0.19999999999999996,94.393,-54.2,2.527,4799.1
66,admin.,single,university.degree,no,no,no,cellular,nov,fri,413,9,999,0,nonexistent,3.4,95.418,-50.7,6.162,4928.1
62,admin.,single,unknown,no,unknown,unknown,cellular,nov,thu,829,6,999,0,success,0.19999999999999996,94.869,-42.8,1.843,4708.7
53,admin.,married,university.degree,no,no,no,cellular,nov,fri,178,6,999,0,nonexistent,3.1,95.494,-44.4,6.055000000000001,4891.0
72,self-employed,single,high.school,unknown,no,no,telephone,nov,thu,1177,8,999,0,success,3.1,95.494,-44.4,6.0600000000000005,4891.0
42,admin.,married,university.degree,no,yes,no,cellular,nov,mon,374,5,999,0,success,0.19999999999999996,94.393,-54.2,2.4989999999999997,4799.1
64,management,married,university.degree,unknown,yes,no,cellular,nov,mon,448,16,999,0,success,3.4,95.418,-50.7,6.162,4928.1
52,admin.,divorced,university.degree,no,no,no,cellular,nov,thu,712,7,9,1,success,-0.8999999999999999,93.701,-39.4,2.051,4776.2
65,blue-collar,married,basic.9y,no,no,no,cellular,nov,mon,2728,5,999,0,success,1.9,94.7,-50.0,5.391,4895.8
58,admin.,married,basic.9y,unknown,yes,no,cellular,nov,fri,763,5,999,0,success,0.19999999999999996,94.575,-55.1,2.605,4799.1
56,admin.,single,university.degree,no,no,no,cellular,nov,fri,1745,7,999,1,failure,1.9,94.7,-50.0,5.221,4895.8
43,self-employed,married,basic.9y,no,yes,no,cellular,nov,fri,2120,9,999,0,success,0.19999999999999996,94.393,-54.2,2.45,4799.1
45,admin.,married,high.school,no,no,no,cellular,nov,fri,2210,30,999,0,success,3.4,95.418,-50.7,6.162,4928.1
46,admin.,single,high.school,no,no,yes,cellular,nov,tue,930,6,999,0,success,0.19999999999999996,94.393,-54.2,2.4909999999999997,4799.1
57,admin.,married,high.school,unknown,no,no,telephone,nov,tue,403,5,999,0,success,3.4,95.965,-49.8,6.064,4928.1
49,admin.,single,university.degree,no,no,no,cellular,nov,tue,363,5,999,0,success,1.9,95.298,-48.4,6.0600000000000005,4895.8
54,admin.,married,university.degree,no,no,no,cellular,nov,tue,1882,13,999,0,success,3.4,95.965,-49.8,6.1610000000000005,4928.1
50,admin.,married,professional.course,no,yes,no,cellular,may,mon,1618,7,999,0,success,3.1,95.494,-44.4,6.057,4891.0
44,admin.,single,basic.9y,unknown,no,yes,cellular,jun,tue,1144,6,999,0,nonexistent,3.4,95.965,-49.8,6.064,4928.1
73,admin.,married,high.school,no,no,no,cellular,aug,tue,1173,8,999,0,success,-0.8999999999999999,93.701,-39.4,2.038,4776.2
48,admin.,married,high.school,no,yes,no,cellular,nov,wed,206,6,999,1,failure,0.19999999999999996,94.393,-54.2,2.534,4799.1
63,admin.,married,basic.9y,no,yes,yes,cellular,nov,tue,298,5,999,1,success,0.19999999999999996,94.393,-54.2,2.4909999999999997,4799.1
74,admin.,divorced,university.degree,unknown,yes,no,cellular,jul,tue,417,5,999,0,success,3.4,95.418,-50.7,6.1610000000000005,4928.1
65,admin.,divorced,university.degree,no,yes,no,cellular,nov,fri,449,5,999,1,success,1.9,94.7,-50.0,5.221,4895.8
54,admin.,married,basic.9y,no,yes,no,cellular,nov,wed,284,7,999,0,nonexistent,0.19999999999999996,94.575,-55.1,2.645,4799.1
42,admin.,married,basic.9y,unknown,yes,yes,cellular,may,mon,327,6,999,0,success,3.1,95.494,-44.4,6.057,4891.0
40,admin.,single,university.degree,no,no,yes,cellular,nov,mon,417,5,3,2,success,-1.4,94.149,-38.1,1.915,4717.5
69,admin.,married,basic.9y,no,no,no,cellular,nov,mon,289,6,999,0,success,1.9,94.7,-50.0,5.391,4895.8
73,admin.,married,high.school,no,no,no,cellular,nov,wed,606,7,999,0,nonexistent,3.4,95.965,-49.8,6.162,4928.1
42,admin.,single,high.school,no,unknown,unknown,cellular,nov,wed,399,6,999,0,success,3.4,95.965,-49.8,6.162,4928.1
51,admin.,married,high.school,no,no,no,cellular,nov,mon,181,7,999,0,success,3.1,95.494,-44.4,6.057,4891.0
53,admin.,married,basic.9y,unknown,yes,no,cellular,nov,mon,1034,5,999,1,success,1.9,94.7,-50.0,5.391,4895.8
65,housemaid,divorced,basic.4y,unknown,yes,yes,cellular,nov,tue,646,5,999,0,success,3.1,95.494,-44.4,6.056,4891.0
49,admin.,married,university.degree,no,yes,no,cellular,nov,mon,455,5,999,1,success,0.19999999999999996,94.393,-54.2,2.464,4799.1
34,admin.,single,unknown,no,yes,yes,cellular,apr,tue,620,7,999,0,success,0.19999999999999996,94.575,-55.1,2.605,4799.1
47,admin.,single,university.degree,unknown,no,no,cellular,aug,tue,552,9,999,0,nonexistent,3.4,94.944,-44.1,6.166,4928.1
41,admin.,single,university.degree,no,yes,no,cellular,nov,thu,719,5,999,0,success,0.8999999999999999,95.699,-45.5,2.078,4663.6
59,admin.,divorced,university.degree,no,yes,no,cellular,nov,thu,424,5,999,0,nonexistent,3.4,94.944,-44.1,6.168,4928.1
52,admin.,divorced,unknown,no,no,yes,cellular,nov,mon,253,5,999,1,success,1.9,94.7,-50.0,5.391,4895.8
50,admin.,married,high.school,no,yes,no,cellular,nov,thu,498,6,3,1,success,0.19999999999999996,94.393,-54.2,2.4699999999999998,4799.1
44,admin.,married,basic.9y,no,yes,no,cellular,nov,fri,2620,6,999,0,success,3.4,95.418,-50.7,6.163,4928.1
62,admin.,married,university.degree,no,yes,no,cellular,nov,thu,628,6,999,0,success,0.19999999999999996,94.575,-55.1,2.61,4799.1
46,admin.,married,university.degree,no,yes,no,cellular,aug,tue,305,5,999,0,success,3.4,94.944,-44.1,6.163,4928.1
72,retired,married,basic.4y,no,yes,no,cellular,nov,thu,1013,5,999,0,nonexistent,3.4,95.418,-50.7,6.163,4928.1
71,admin.,married,basic.4y,no,no,no,cellular,nov,wed,520,5,999,0,success,3.1,95.494,-44.4,6.058,4891.0
67,entrepreneur,married,high.school,no,yes,no,cellular,nov,fri,439,7,999,0,success,-0.8999999999999999,94.463,-48.8,2.468,4776.2
46,admin.,married,basic.4y,no,no,yes,cellular,aug,tue,352,10,999,0,success,3.4,94.944,-44.1,6.166,4928.1
53,admin.,married,high.school,no,no,no,cellular,nov,tue,417,5,999,0,success,3.4,95.418,-50.7,6.162,4928.1
73,admin.,divorced,university.degree,no,no,no,cellular,nov,thu,302,5,999,1,failure,0.19999999999999996,94.393,-54.2,2.527,4799.1
58,admin.,married,university.degree,unknown,no,no,cellular,nov,tue,421,6,999,1,success,0.19999999999999996,94.393,-54.2,2.544,4799.1
51,admin.,married,high.school,no,no,no,cellular,nov,wed,237,8,999,0,nonexistent,3.4,95.418,-50.7,6.163,4928.1
46,admin.,divorced,professional.course,no,yes,no,cellular,nov,thu,437,5,999,0,success,3.1,95.494,-44.4,6.055000000000001,4891.0
56,admin.,married,professional.course,no,no,no,cellular,nov,mon,1067,6,6,1,success,0.8999999999999999,96.267,-58.8,2.239,4663.6
75,admin.,married,university.degree,unknown,no,no,telephone,nov,wed,1058,15,999,0,success,3.4,95.965,-49.8,6.162,4928.1
54,admin.,married,professional.course,unknown,yes,no,cellular,nov,fri,1214,6,999,0,success,0.19999999999999996,94.393,-54.2,2.513,4799.1
75,retired,divorced,high.school,unknown,no,no,cellular,nov,fri,1526,8,999,2,success,0.19999999999999996,94.393,-54.2,2.45,4799.1
46,admin.,married,high.school,no,unknown,unknown,cellular,nov,tue,363,5,999,0,success,3.4,95.418,-50.7,6.162,4928.1
47,admin.,single,university.degree,no,no,no,cellular,nov,thu,350,7,999,2,success,0.8999999999999999,95.699,-45.5,2.084,4663.6
51,services,married,high.school,unknown,no,no,cellular,nov,wed,262,7,999,0,success,3.4,95.418,-50.7,6.163,4928.1
66,admin.,divorced,university.degree,no,yes,no,cellular,nov,mon,640,8,999,0,success,3.4,95.418,-50.7,6.162,4928.1
66,admin.,married,basic.9y,unknown,no,no,cellular,jul,mon,194,9,999,0,success,3.4,95.418,-50.7,6.162,4928.1
57,admin.,married,basic.4y,no,yes,no,cellular,aug,mon,431,5,999,0,success,3.4,94.944,-44.1,6.165,4928.1
62,admin.,single,basic.6y,unknown,yes,no,cellular,nov,mon,687,7,999,0,success,3.4,95.418,-50.7,6.162,4928.1
50,admin.,married,basic.9y,no,yes,no,cellular,nov,wed,392,6,999,0,nonexistent,3.1,95.494,-44.4,6.058,4891.0
67,housemaid,married,basic.9y,no,yes,no,cellular,nov,mon,269,16,999,0,success,3.4,95.418,-50.7,6.162,4928.1
58,admin.,married,basic.4y,no,no,no,cellular,may,tue,1216,5,999,0,success,0.19999999999999996,94.393,-54.2,2.4909999999999997,4799.1
72,admin.,married,basic.9y,unknown,yes,no,cellular,nov,wed,381,5,999,0,success,3.4,94.944,-44.1,6.165,4928.1
51,admin.,married,university.degree,no,yes,no,cellular,nov,fri,813,5,999,0,success,3.4,94.944,-44.1,6.166,4928.1
66,admin.,married,university.degree,unknown,yes,yes,cellular,nov,wed,350,5,999,0,success,3.4,95.418,-50.7,6.162,4928.1
58,admin.,married,professional.course,no,yes,no,cellular,may,thu,307,6,999,0,success,0.19999999999999996,94.393,-54.2,2.527,4799.1
69,admin.,married,unknown,unknown,yes,no,cellular,nov,fri,583,5,999,0,success,3.4,94.944,-44.1,6.164000000000001,4928.1
46,admin.,single,university.degree,no,no,no,cellular,nov,thu,327,20,999,0,success,0.19999999999999996,94.575,-55.1,2.606,4799.1
55,admin.,married,professional.course,no,no,no,cellular,nov,fri,435,5,999,0,success,3.4,95.418,-50.7,6.162,4928.1
47,admin.,married,professional.course,no,yes,no,cellular,nov,thu,466,10,999,0,success,3.4,94.944,-44.1,6.162,4928.1
47,technician,married,professional.course,no,yes,no,cellular,nov,wed,615,6,999,0,success,0.8999999999999999,96.101,-57.5,2.159,4663.6
63,admin.,married,university.degree,no,yes,no,cellular,nov,tue,433,5,999,0,nonexistent,3.4,94.944,-44.1,6.165,4928.1
63,admin.,married,university.degree,no,no,yes,telephone,may,mon,709,6,999,0,success,3.1,95.494,-44.4,6.057,4891.0
56,admin.,married,high.school,no,yes,no,cellular,nov,tue,259,5,999,0,success,1.9,94.7,-50.0,5.353,4895.8
61,admin.,married,high.school,no,no,no,cellular,nov,mon,1027,5,999,1,success,1.9,94.7,-50.0,5.391,4895.8
44,admin.,married,university.degree,no,no,yes,cellular,aug,wed,446,6,999,0,success,3.4,94.944,-44.1,6.167,4928.1
45,admin.,divorced,high.school,no,yes,no,telephone,nov,fri,136,8,999,0,success,3.4,95.965,-49.8,6.159,4928.1
76,admin.,married,high.school,no,yes,no,cellular,nov,mon,383,8,999,0,success,0.8999999999999999,96.101,-57.5,2.177,4663.6
49,admin.,married,high.school,unknown,yes,no,cellular,nov,thu,833,5,999,0,nonexistent,3.4,95.965,-49.8,6.066,4928.1
54,admin.,married,high.school,unknown,no,no,cellular,jul,wed,1526,5,999,0,success,3.4,95.418,-50.7,6.157,4928.1
49,admin.,single,professional.course,unknown,no,no,cellular,nov,fri,811,6,999,0,success,3.1,95.494,-44.4,6.055000000000001,4891.0
38,admin.,single,high.school,no,no,no,cellular,nov,thu,716,5,999,0,success,0.30000000000000004,95.715,-48.3,2.099,4691.6
48,admin.,married,basic.9y,no,unknown,unknown,cellular,nov,mon,444,7,999,0,success,0.19999999999999996,94.393,-54.2,2.4989999999999997,4799.1
57,admin.,single,university.degree,unknown,no,no,cellular,nov,wed,401,5,999,0,success,3.4,94.944,-44.1,6.164000000000001,4928.1
46,admin.,single,university.degree,no,no,no,cellular,nov,fri,221,5,999,1,success,0.19999999999999996,94.393,-54.2,2.45,4799.1
59,admin.,married,basic.9y,no,no,no,cellular,nov,mon,469,7,999,0,success,0.19999999999999996,94.393,-54.2,2.444,4799.1
61,admin.,married,basic.4y,no,no,no,cellular,nov,tue,757,6,999,1,success,1.9,94.7,-50.0,5.353,4895.8
73,admin.,married,basic.4y,no,yes,no,cellular,nov,wed,1268,7,999,0,nonexistent,3.4,95.418,-50.7,6.163,4928.1
58,blue-collar,single,basic.4y,no,yes,no,cellular,may,tue,480,6,999,1,success,0.19999999999999996,94.393,-54.2,2.4909999999999997,4799.1
58,admin.,married,high.school,no,yes,no,cellular,nov,wed,649,5,999,0,nonexistent,3.1,95.494,-44.4,6.056,4891.0
58,admin.,married,high.school,no,no,no,cellular,may,thu,354,7,999,0,success,3.1,95.494,-44.4,6.055000000000001,4891.0
51,admin.,married,university.degree,no,no,no,cellular,jun,mon,478,5,999,0,success,3.4,95.965,-49.8,6.1610000000000005,4928.1
45,admin.,married,basic.4y,no,no,yes,cellular,nov,mon,579,5,999,0,success,0.19999999999999996,94.393,-54.2,2.4989999999999997,4799.1
41,admin.,married,professional.course,no,no,no,cellular,nov,tue,370,6,999,0,success,3.1,95.494,-44.4,6.057,4891.0
66,admin.,married,high.school,unknown,no,no,telephone,nov,wed,790,5,999,0,success,3.4,95.418,-50.7,6.156000000000001,4928.1
68,admin.,divorced,unknown,no,yes,no,cellular,jul,tue,734,10,999,0,nonexistent,3.4,95.418,-50.7,6.1610000000000005,4928.1
44,admin.,divorced,unknown,no,no,no,cellular,nov,wed,520,5,999,0,nonexistent,3.4,95.418,-50.7,6.163,4928.1
51,admin.,married,professional.course,unknown,no,no,telephone,nov,fri,282,5,999,0,success,3.1,95.494,-44.4,6.057,4891.0
44,admin.,single,university.degree,no,yes,no,telephone,nov,thu,334,7,999,0,success,3.4,94.944,-44.1,6.164000000000001,4928.1
43,admin.,single,university.degree,no,no,no,cellular,nov,fri,417,6,999,0,success,0.19999999999999996,94.393,-54.2,2.45,4799.1
50,admin.,married,professional.course,unknown,yes,no,cellular,jun,thu,172,5,999,0,nonexistent,3.4,95.965,-49.8,6.155,4928.1
49,admin.,married,high.school,no,yes,no,cellular,nov,mon,210,6,999,0,success,3.4,95.418,-50.7,6.16,4928.1
45,admin.,single,high.school,no,yes,no,cellular,nov,tue,917,5,999,0,success,3.4,95.418,-50.7,6.162,4928.1
66,admin.,divorced,high.school,no,yes,no,cellular,nov,fri,154,5,999,0,success,0.8999999999999999,95.699,-45.5,2.0789999999999997,4663.6
64,admin.,married,high.school,no,no,no,telephone,nov,fri,460,5,999,0,success,3.1,95.494,-44.4,6.055000000000001,4891.0
70,admin.,married,high.school,no,yes,no,cellular,nov,tue,1414,5,999,0,success,3.1,95.494,-44.4,6.056,4891.0
49,admin.,married,high.school,unknown,no,no,cellular,nov,wed,905,5,999,0,success,3.1,95.494,-44.4,6.059,4891.0
44,technician,single,university.degree,no,no,no,cellular,nov,wed,1733,10,999,0,success,3.4,94.944,-44.1,6.164000000000001,4928.1
47,admin.,married,professional.course,no,yes,no,cellular,aug,thu,397,5,999,0,success,3.4,94.944,-44.1,6.164000000000001,4928.1
43,admin.,married,high.school,no,no,no,cellular,nov,wed,491,8,999,0,success,-0.8999999999999999,94.463,-48.8,2.46,4776.2
50,admin.,married,basic.4y,no,no,no,cellular,nov,fri,284,6,999,0,success,3.1,95.494,-44.4,6.064,4891.0
51,admin.,single,university.degree,no,yes,no,cellular,nov,wed,291,5,999,0,success,1.9,94.7,-50.0,5.32,4895.8
47,admin.,married,basic.9y,no,no,no,cellular,nov,mon,260,5,999,0,success,3.4,95.965,-49.8,6.1610000000000005,4928.1
65,admin.,married,high.school,no,yes,no,cellular,nov,thu,210,7,999,0,success,3.4,94.944,-44.1,6.164000000000001,4928.1
46,admin.,single,basic.6y,no,yes,no,cellular,nov,fri,815,6,999,0,nonexistent,3.1,95.494,-44.4,6.057,4891.0
43,services,single,high.school,no,no,no,cellular,nov,fri,381,6,999,0,success,3.1,95.494,-44.4,6.064,4891.0
59,admin.,married,high.school,no,yes,no,telephone,may,thu,446,6,999,0,success,3.1,95.494,-44.4,6.055000000000001,4891.0
60,admin.,divorced,university.degree,no,no,no,cellular,aug,mon,307,6,999,0,success,3.4,94.944,-44.1,6.163,4928.1
53,admin.,married,professional.course,no,yes,no,cellular,nov,tue,698,5,999,0,nonexistent,3.1,95.494,-44.4,6.057,4891.0
75,admin.,married,basic.4y,unknown,yes,no,cellular,nov,mon,280,5,999,0,success,0.19999999999999996,94.575,-55.1,2.605,4799.1
49,admin.,divorced,professional.course,no,yes,no,cellular,nov,fri,2262,6,999,0,success,0.19999999999999996,94.393,-54.2,2.45,4799.1
50,admin.,single,high.school,unknown,yes,no,cellular,nov,thu,619,7,999,0,success,3.4,95.418,-50.7,6.158,4928.1
54,admin.,married,professional.course,no,yes,no,cellular,jun,thu,539,6,999,0,success,3.4,95.965,-49.8,6.1610000000000005,4928.1
43,admin.,single,basic.9y,no,yes,no,cellular,may,tue,257,6,999,1,failure,0.19999999999999996,94.393,-54.2,2.4909999999999997,4799.1
52,services,married,high.school,unknown,yes,no,cellular,nov,mon,224,7,999,0,success,0.19999999999999996,94.393,-54.2,2.4989999999999997,4799.1
64,admin.,married,high.school,unknown,yes,yes,cellular,aug,mon,419,10,999,0,success,3.4,94.944,-44.1,6.163,4928.1
52,admin.,married,university.degree,no,yes,no,cellular,nov,mon,338,6,999,0,success,3.4,94.944,-44.1,6.165,4928.1
75,admin.,divorced,professional.course,unknown,yes,no,cellular,nov,wed,484,10,999,0,nonexistent,3.1,95.494,-44.4,6.058,4891.0
49,admin.,married,high.school,no,no,yes,cellular,nov,thu,397,5,999,0,nonexistent,0.19999999999999996,94.393,-54.2,2.527,4799.1
71,admin.,divorced,basic.4y,no,no,no,cellular,nov,tue,563,7,999,0,success,3.1,95.494,-44.4,6.056,4891.0
47,admin.,divorced,university.degree,no,no,no,cellular,aug,fri,475,9,999,0,success,3.4,94.944,-44.1,6.164000000000001,4928.1
58,admin.,married,university.degree,no,yes,no,cellular,aug,thu,163,17,999,0,success,3.4,94.944,-44.1,6.162,4928.1
53,admin.,married,professional.course,no,yes,no,cellular,nov,tue,808,5,999,0,success,0.19999999999999996,94.393,-54.2,2.544,4799.1
45,admin.,single,high.school,no,yes,no,cellular,nov,tue,449,17,999,0,success,3.4,94.944,-44.1,6.163,4928.1
48,admin.,married,professional.course,no,no,no,cellular,nov,wed,341,6,999,0,success,3.1,95.494,-44.4,6.056,4891.0
63,admin.,married,professional.course,unknown,no,no,cellular,nov,thu,376,11,999,0,success,3.1,95.494,-44.4,6.0600000000000005,4891.0
47,admin.,married,professional.course,no,no,no,cellular,nov,mon,422,6,999,0,success,0.19999999999999996,94.393,-54.2,2.4989999999999997,4799.1
45,admin.,married,high.school,no,no,no,cellular,nov,mon,237,6,999,0,success,3.4,94.944,-44.1,6.165,4928.1
42,admin.,married,basic.9y,no,yes,no,cellular,nov,fri,536,6,999,0,success,3.1,95.494,-44.4,6.064,4891.0
62,admin.,married,high.school,unknown,no,no,cellular,nov,thu,379,12,999,0,nonexistent,3.4,94.944,-44.1,6.162,4928.1
69,admin.,married,basic.9y,unknown,unknown,unknown,cellular,nov,fri,460,5,999,0,success,3.4,95.965,-49.8,6.167,4928.1
59,admin.,single,high.school,no,yes,no,cellular,may,wed,1430,5,999,0,success,0.19999999999999996,94.393,-54.2,2.534,4799.1
55,admin.,married,high.school,no,yes,no,cellular,nov,thu,408,5,999,0,success,0.19999999999999996,94.575,-55.1,2.565,4799.1
45,admin.,married,basic.9y,no,no,no,cellular,nov,wed,1898,5,999,0,success,3.4,95.418,-50.7,6.163,4928.1
82,retired,married,professional.course,no,no,no,cellular,nov,wed,205,6,999,0,success,0.19999999999999996,94.575,-55.1,2.615,4799.1
54,admin.,single,university.degree,no,no,no,cellular,nov,wed,210,5,999,0,success,3.4,94.944,-44.1,6.167,4928.1
58,admin.,married,basic.6y,no,yes,no,cellular,nov,mon,2059,5,999,0,success,3.1,95.494,-44.4,6.057,4891.0
52,admin.,divorced,university.degree,no,no,no,cellular,nov,tue,759,6,999,0,success,3.4,94.944,-44.1,6.166,4928.1
67,admin.,married,university.degree,unknown,yes,no,cellular,nov,wed,266,5,999,0,success,3.4,94.944,-44.1,6.165,4928.1
45,admin.,single,basic.9y,no,no,no,cellular,nov,thu,392,6,999,1,success,0.19999999999999996,94.393,-54.2,2.466,4799.1
51,admin.,single,professional.course,no,no,no,cellular,nov,mon,343,5,999,0,success,3.1,95.494,-44.4,6.057,4891.0
74,admin.,married,university.degree,no,yes,no,telephone,nov,mon,370,5,999,0,success,-0.8999999999999999,93.701,-39.4,2.021,4776.2
59,admin.,married,professional.course,unknown,yes,yes,cellular,may,wed,451,6,999,0,success,3.1,95.494,-44.4,6.057,4891.0
49,admin.,married,university.degree,no,no,no,cellular,nov,fri,626,5,999,2,success,-1.4,93.931,-34.9,1.93,4717.5
54,admin.,single,professional.course,no,yes,no,cellular,nov,mon,295,5,999,1,success,0.19999999999999996,94.393,-54.2,2.444,4799.1
51,admin.,single,university.degree,no,no,no,cellular,nov,thu,543,8,999,0,nonexistent,0.19999999999999996,94.393,-54.2,2.527,4799.1
45,admin.,married,unknown,no,yes,no,cellular,nov,thu,669,5,999,0,success,1.9,94.7,-50.0,5.276,4895.8
68,admin.,married,professional.course,no,yes,yes,cellular,nov,thu,872,5,999,0,nonexistent,3.1,95.494,-44.4,6.055000000000001,4891.0
42,admin.,married,basic.4y,unknown,no,no,cellular,nov,thu,908,6,999,0,success,3.1,95.494,-44.4,6.0600000000000005,4891.0
60,admin.,married,university.degree,unknown,yes,yes,cellular,nov,thu,232,5,999,0,success,3.4,95.418,-50.7,6.162,4928.1
81,admin.,married,basic.4y,no,yes,no,cellular,nov,fri,784,6,999,1,success,0.8999999999999999,96.101,-57.5,2.1719999999999997,4663.6
53,admin.,divorced,high.school,no,yes,yes,cellular,nov,thu,622,7,999,1,success,0.19999999999999996,94.575,-55.1,2.61,4799.1
50,admin.,married,professional.course,no,no,no,cellular,nov,wed,671,9,999,0,nonexistent,3.1,95.494,-44.4,6.056,4891.0
48,admin.,married,university.degree,no,no,yes,cellular,nov,fri,246,5,999,0,success,3.1,95.494,-44.4,6.055000000000001,4891.0
69,admin.,divorced,professional.course,no,yes,no,cellular,nov,tue,338,5,999,0,success,0.19999999999999996,94.393,-54.2,2.4909999999999997,4799.1
41,admin.,single,high.school,unknown,yes,no,cellular,nov,mon,563,5,999,0,nonexistent,3.4,95.418,-50.7,6.162,4928.1
51,admin.,married,basic.4y,no,no,no,cellular,nov,mon,251,6,999,0,nonexistent,3.4,94.944,-44.1,6.165,4928.1
48,admin.,married,unknown,no,yes,no,cellular,nov,fri,361,5,999,0,nonexistent,3.1,95.494,-44.4,6.057,4891.0
44,admin.,married,university.degree,no,unknown,unknown,cellular,nov,fri,952,5,999,1,success,0.19999999999999996,94.575,-55.1,2.605,4799.1
53,services,married,high.school,unknown,no,yes,telephone,nov,tue,363,5,999,0,success,3.4,95.965,-49.8,6.064,4928.1
47,admin.,single,high.school,no,yes,no,cellular,nov,thu,336,5,999,0,success,1.9,94.7,-50.0,5.276,4895.8
68,admin.,divorced,university.degree,no,yes,no,cellular,nov,mon,313,5,999,1,success,1.9,94.7,-50.0,5.391,4895.8
39,admin.,single,high.school,unknown,no,no,cellular,nov,tue,631,5,999,0,success,3.4,95.418,-50.7,6.162,4928.1
62,blue-collar,married,high.school,no,yes,yes,cellular,nov,mon,223,5,999,0,success,0.19999999999999996,94.393,-54.2,2.4989999999999997,4799.1
62,admin.,married,basic.4y,unknown,yes,no,cellular,nov,wed,205,5,999,0,success,3.1,95.494,-44.4,6.056,4891.0
58,admin.,divorced,basic.9y,no,no,no,cellular,jul,mon,190,13,999,0,success,3.4,95.418,-50.7,6.162,4928.1
49,admin.,married,university.degree,no,no,no,cellular,nov,thu,842,5,999,0,success,-1.4,93.931,-34.9,1.922,4717.5
68,admin.,married,basic.4y,unknown,no,yes,cellular,jul,thu,565,6,999,0,success,3.4,95.418,-50.7,6.168,4928.1
58,admin.,married,university.degree,unknown,no,no,cellular,nov,mon,287,6,999,0,nonexistent,3.4,95.418,-50.7,6.162,4928.1
53,admin.,married,basic.9y,unknown,no,no,cellular,nov,thu,466,6,999,0,success,3.1,95.494,-44.4,6.055000000000001,4891.0
81,retired,married,basic.4y,unknown,unknown,unknown,cellular,nov,wed,509,5,6,3,success,0.8999999999999999,96.101,-57.5,2.185,4663.6
61,admin.,married,basic.9y,no,no,no,telephone,nov,fri,700,9,999,0,success,3.1,95.494,-44.4,6.055000000000001,4891.0
45,admin.,single,university.degree,no,yes,no,cellular,nov,mon,1400,5,999,0,success,1.9,94.7,-50.0,5.391,4895.8
42,admin.,married,high.school,no,yes,no,cellular,nov,mon,140,8,999,0,success,0.19999999999999996,94.393,-54.2,2.444,4799.1
42,admin.,single,university.degree,no,yes,no,cellular,nov,thu,563,6,999,0,nonexistent,0.19999999999999996,94.575,-55.1,2.565,4799.1
75,admin.,married,university.degree,no,no,no,cellular,nov,thu,343,5,999,0,success,3.4,94.944,-44.1,6.163,4928.1
61,admin.,single,university.degree,no,yes,yes,cellular,jun,fri,703,5,3,1,success,-0.8999999999999999,94.463,-48.8,2.468,4776.2
68,admin.,married,basic.4y,unknown,yes,no,cellular,nov,mon,232,5,999,0,success,0.19999999999999996,94.393,-54.2,2.4989999999999997,4799.1
66,admin.,divorced,university.degree,no,yes,yes,cellular,nov,thu,568,6,999,0,success,1.9,94.7,-50.0,5.276,4895.8
71,management,divorced,university.degree,no,no,no,cellular,nov,wed,282,6,999,0,success,1.9,94.7,-50.0,5.32,4895.8
51,services,divorced,university.degree,no,no,no,telephone,nov,fri,494,5,999,0,success,3.1,95.494,-44.4,6.055000000000001,4891.0
71,admin.,married,basic.9y,unknown,yes,no,cellular,nov,fri,323,7,999,0,success,3.4,95.418,-50.7,6.162,4928.1
47,admin.,married,university.degree,no,no,yes,cellular,nov,thu,356,5,999,0,success,3.4,94.944,-44.1,6.168,4928.1
58,admin.,married,high.school,unknown,no,no,cellular,nov,thu,347,23,999,0,success,3.4,95.418,-50.7,6.168,4928.1
45,admin.,married,basic.9y,unknown,yes,no,cellular,nov,thu,152,15,999,0,success,3.4,95.418,-50.7,6.158,4928.1
51,admin.,married,basic.9y,no,yes,no,cellular,nov,thu,158,10,999,0,success,3.1,95.494,-44.4,6.0600000000000005,4891.0
61,admin.,divorced,professional.course,no,yes,yes,cellular,nov,wed,160,9,999,0,success,3.4,94.944,-44.1,6.164000000000001,4928.1
57,admin.,married,high.school,no,yes,no,cellular,nov,wed,233,5,999,0,success,3.1,95.494,-44.4,6.058,4891.0
75,admin.,married,university.degree,no,no,no,cellular,nov,wed,718,6,999,0,success,3.4,94.944,-44.1,6.164000000000001,4928.1
45,technician,married,basic.9y,no,yes,no,cellular,nov,wed,410,5,999,0,success,3.4,95.418,-50.7,6.163,4928.1
73,management,married,university.degree,no,yes,yes,cellular,nov,fri,581,5,999,0,success,0.19999999999999996,94.393,-54.2,2.45,4799.1
48,admin.,married,high.school,no,no,no,cellular,jul,wed,577,5,999,0,success,3.4,95.418,-50.7,6.162,4928.1
54,technician,married,university.degree,no,yes,no,cellular,nov,fri,1006,5,999,0,nonexistent,0.19999999999999996,94.575,-55.1,2.605,4799.1
63,admin.,married,basic.4y,no,no,yes,cellular,nov,fri,885,6,999,0,success,3.4,95.418,-50.7,6.159,4928.1
66,management,married,basic.9y,no,yes,no,cellular,jul,wed,397,8,999,0,success,3.4,95.418,-50.7,6.163,4928.1
51,blue-collar,married,high.school,no,no,no,cellular,nov,mon,635,5,999,0,success,3.1,95.494,-44.4,6.057,4891.0
47,admin.,single,university.degree,no,yes,no,cellular,aug,wed,404,9,999,0,success,3.4,94.944,-44.1,6.165,4928.1
52,admin.,married,basic.6y,unknown,yes,no,cellular,nov,wed,478,5,999,0,success,3.4,95.965,-49.8,6.159,4928.1
48,admin.,married,high.school,no,no,no,cellular,nov,tue,273,12,999,0,success,3.4,95.418,-50.7,6.1610000000000005,4928.1
48,admin.,married,basic.6y,unknown,yes,yes,cellular,nov,thu,784,6,999,0,success,3.1,95.494,-44.4,6.055000000000001,4891.0
68,admin.,married,high.school,no,yes,no,cellular,nov,tue,309,5,999,0,success,3.4,94.944,-44.1,6.168,4928.1
65,admin.,married,basic.4y,unknown,no,yes,cellular,nov,tue,259,8,999,1,success,0.19999999999999996,94.393,-54.2,2.4909999999999997,4799.1
39,admin.,single,university.degree,no,yes,no,cellular,nov,thu,979,5,999,0,success,0.19999999999999996,94.575,-55.1,2.565,4799.1
48,admin.,single,professional.course,no,yes,no,telephone,nov,fri,552,6,999,0,success,1.9,94.7,-50.0,5.221,4895.8
57,admin.,married,basic.6y,no,no,no,cellular,nov,fri,359,5,999,0,success,1.9,94.7,-50.0,5.221,4895.8
50,admin.,married,professional.course,no,no,no,telephone,may,tue,305,7,999,0,success,3.1,95.494,-44.4,6.056,4891.0
40,admin.,single,university.degree,no,yes,no,cellular,jun,fri,608,6,3,1,success,-0.8999999999999999,94.463,-48.8,2.468,4776.2
46,admin.,divorced,high.school,no,yes,no,cellular,nov,wed,1612,5,999,1,success,0.19999999999999996,94.393,-54.2,2.481,4799.1
51,admin.,single,university.degree,no,yes,no,cellular,nov,thu,311,31,999,0,success,3.4,95.418,-50.7,6.168,4928.1
40,technician,married,university.degree,no,no,no,cellular,may,mon,311,5,999,2,failure,0.19999999999999996,94.393,-54.2,2.5540000000000003,4799.1
73,admin.,married,basic.4y,unknown,yes,no,cellular,nov,tue,932,6,999,1,success,0.19999999999999996,94.393,-54.2,2.4909999999999997,4799.1
41,admin.,single,basic.9y,no,yes,no,cellular,nov,tue,255,6,999,1,success,-1.4,93.931,-34.9,1.942,4717.5
61,housemaid,divorced,basic.4y,unknown,no,yes,cellular,nov,tue,1052,5,999,0,success,3.4,95.418,-50.7,6.1610000000000005,4928.1
63,blue-collar,married,basic.9y,no,no,no,cellular,nov,fri,210,5,999,0,success,0.19999999999999996,94.575,-55.1,2.605,4799.1
49,admin.,married,professional.course,unknown,no,no,cellular,jun,thu,138,5,999,0,success,3.4,95.965,-49.8,6.158,4928.1
41,technician,single,professional.course,no,yes,yes,cellular,nov,thu,404,9,999,0,nonexistent,0.19999999999999996,94.393,-54.2,2.466,4799.1
48,admin.,divorced,high.school,no,yes,no,cellular,nov,tue,255,9,999,0,success,0.19999999999999996,94.393,-54.2,2.4909999999999997,4799.1
68,admin.,married,professional.course,no,yes,yes,cellular,nov,tue,372,6,999,0,success,1.9,94.7,-50.0,5.353,4895.8
45,admin.,single,university.degree,no,no,yes,cellular,nov,mon,358,5,999,0,success,3.4,94.944,-44.1,6.165,4928.1
53,admin.,single,basic.6y,no,no,no,cellular,nov,thu,548,6,999,0,success,3.1,95.494,-44.4,6.0600000000000005,4891.0
49,admin.,single,high.school,no,no,no,telephone,nov,wed,311,8,999,0,nonexistent,3.1,95.494,-44.4,6.059,4891.0
48,admin.,married,basic.9y,no,yes,no,cellular,nov,wed,1954,15,999,0,nonexistent,3.4,95.418,-50.7,6.157,4928.1
39,admin.,single,high.school,no,no,no,cellular,nov,thu,1555,6,999,0,success,0.19999999999999996,94.393,-54.2,2.466,4799.1
59,admin.,married,university.degree,no,yes,no,cellular,nov,fri,543,6,999,0,success,1.9,94.7,-50.0,5.221,4895.8
39,services,single,high.school,no,yes,yes,cellular,nov,mon,1182,5,999,1,success,0.19999999999999996,94.393,-54.2,2.4989999999999997,4799.1
51,admin.,single,basic.6y,no,yes,no,cellular,nov,wed,881,5,999,0,nonexistent,3.4,95.418,-50.7,6.163,4928.1
43,admin.,married,basic.6y,no,no,no,telephone,nov,thu,494,5,999,0,success,3.1,95.494,-44.4,6.055000000000001,4891.0
49,admin.,married,university.degree,no,yes,yes,cellular,nov,thu,439,6,999,0,success,0.19999999999999996,94.575,-55.1,2.565,4799.1
54,admin.,married,high.school,no,yes,yes,cellular,nov,wed,358,6,999,0,success,3.4,94.944,-44.1,6.167,4928.1
39,technician,single,basic.6y,no,yes,no,cellular,nov,thu,800,11,999,0,nonexistent,3.4,95.418,-50.7,6.158,4928.1
46,entrepreneur,married,university.degree,no,yes,no,cellular,jun,thu,354,6,999,0,success,3.4,95.965,-49.8,6.066,4928.1
48,admin.,single,basic.4y,unknown,no,no,cellular,may,tue,167,5,999,0,nonexistent,3.1,95.494,-44.4,6.057,4891.0
58,management,married,university.degree,no,no,no,cellular,nov,wed,289,5,999,0,success,3.4,94.944,-44.1,6.164000000000001,4928.1
51,admin.,divorced,basic.4y,unknown,no,no,cellular,nov,fri,660,5,999,0,success,3.4,95.418,-50.7,6.157,4928.1
41,admin.,single,high.school,no,no,no,cellular,nov,tue,221,7,999,0,success,3.4,95.965,-49.8,6.158,4928.1
62,admin.,married,professional.course,no,yes,no,cellular,nov,wed,1175,6,999,0,nonexistent,3.4,95.418,-50.7,6.163,4928.1
61,admin.,single,high.school,no,no,yes,cellular,may,mon,269,9,999,0,success,0.19999999999999996,94.393,-54.2,2.5540000000000003,4799.1
61,admin.,divorced,high.school,no,no,no,cellular,apr,tue,741,6,999,0,success,0.19999999999999996,94.575,-55.1,2.653,4799.1
64,admin.,divorced,basic.6y,unknown,yes,no,cellular,nov,mon,1535,8,999,0,nonexistent,3.4,95.418,-50.7,6.162,4928.1
44,technician,single,high.school,no,no,no,cellular,nov,wed,242,8,12,1,success,0.19999999999999996,94.393,-54.2,2.481,4799.1
50,admin.,divorced,high.school,no,yes,no,cellular,may,tue,457,5,999,0,success,0.19999999999999996,94.393,-54.2,2.544,4799.1
47,admin.,married,professional.course,unknown,no,no,cellular,nov,mon,1137,8,999,0,success,3.4,95.418,-50.7,6.162,4928.1
70,services,married,high.school,no,yes,no,cellular,nov,fri,559,5,999,0,success,3.1,95.494,-44.4,6.055000000000001,4891.0
58,admin.,married,high.school,no,no,no,cellular,nov,thu,772,5,999,0,success,3.4,95.418,-50.7,6.162,4928.1
56,admin.,married,university.degree,no,yes,no,cellular,nov,tue,291,6,999,0,success,3.4,94.944,-44.1,6.163,4928.1
45,admin.,single,high.school,no,yes,no,cellular,nov,wed,1434,5,999,0,success,3.4,95.418,-50.7,6.163,4928.1
70,admin.,single,basic.4y,no,yes,no,cellular,nov,wed,280,8,999,0,success,3.4,95.965,-49.8,6.162,4928.1
50,admin.,divorced,professional.course,no,no,no,cellular,nov,tue,662,5,999,1,success,0.19999999999999996,94.393,-54.2,2.544,4799.1
47,admin.,married,basic.6y,no,no,no,cellular,nov,mon,437,10,999,0,success,3.4,95.418,-50.7,6.16,4928.1
44,admin.,married,university.degree,no,yes,no,cellular,jul,thu,212,5,999,0,success,3.4,95.418,-50.7,6.158,4928.1
49,admin.,divorced,unknown,no,yes,yes,cellular,jul,thu,966,8,999,0,nonexistent,3.4,95.418,-50.7,6.168,4928.1
58,admin.,married,university.degree,unknown,no,no,cellular,nov,thu,941,5,999,0,success,3.1,95.494,-44.4,6.0600000000000005,4891.0
44,admin.,married,university.degree,no,no,no,cellular,nov,mon,376,5,999,1,failure,1.9,94.7,-50.0,5.391,4895.8
52,admin.,married,high.school,no,no,no,cellular,nov,mon,145,7,999,0,success,0.19999999999999996,94.393,-54.2,2.444,4799.1
67,admin.,married,university.degree,no,no,no,cellular,nov,wed,892,7,999,1,success,0.19999999999999996,94.393,-54.2,2.481,4799.1
65,blue-collar,married,basic.4y,unknown,yes,no,cellular,nov,tue,334,12,999,0,success,3.4,95.418,-50.7,6.1610000000000005,4928.1
53,admin.,married,basic.6y,unknown,yes,no,telephone,nov,thu,345,5,999,0,success,3.1,95.494,-44.4,6.0600000000000005,4891.0
62,admin.,married,professional.course,unknown,yes,no,cellular,nov,tue,228,5,999,0,success,0.19999999999999996,94.393,-54.2,2.544,4799.1
53,blue-collar,married,basic.4y,no,yes,no,cellular,nov,tue,311,6,999,0,nonexistent,3.1,95.494,-44.4,6.057,4891.0
61,admin.,married,basic.4y,unknown,no,no,telephone,nov,thu,694,11,999,0,success,3.1,95.494,-44.4,6.0600000000000005,4891.0
66,housemaid,divorced,high.school,no,yes,yes,cellular,nov,thu,367,5,999,0,success,3.4,95.418,-50.7,6.162,4928.1
60,unknown,married,unknown,no,no,no,cellular,may,fri,1259,5,999,0,success,3.1,95.494,-44.4,6.064,4891.0
46,admin.,single,university.degree,no,no,no,cellular,nov,tue,523,5,9,2,success,0.30000000000000004,95.527,-46.3,2.099,4691.6
60,admin.,married,basic.9y,unknown,yes,no,cellular,may,mon,669,5,999,0,success,0.19999999999999996,94.393,-54.2,2.4989999999999997,4799.1
80,admin.,divorced,university.degree,no,no,no,cellular,nov,fri,376,6,999,0,success,-1.4,94.149,-38.1,1.918,4717.5
44,admin.,single,basic.6y,no,yes,no,cellular,nov,fri,363,7,999,1,success,0.19999999999999996,94.393,-54.2,2.45,4799.1
45,admin.,single,university.degree,no,no,no,cellular,nov,mon,311,5,999,0,success,-1.4,94.149,-38.1,1.922,4717.5
45,admin.,single,university.degree,no,no,no,cellular,mar,fri,419,5,999,0,success,0.19999999999999996,94.343,-58.0,2.731,4799.1
52,admin.,married,university.degree,no,yes,no,cellular,nov,fri,201,6,999,0,nonexistent,1.9,94.7,-50.0,5.221,4895.8
53,technician,married,professional.course,no,yes,no,cellular,jun,tue,1907,8,3,1,success,-0.8999999999999999,94.463,-48.8,2.4859999999999998,4776.2
49,admin.,married,university.degree,no,yes,yes,cellular,nov,fri,237,5,999,0,nonexistent,3.4,94.944,-44.1,6.163,4928.1
68,admin.,divorced,professional.course,no,no,yes,cellular,nov,thu,253,12,999,0,success,3.4,94.944,-44.1,6.162,4928.1
55,admin.,divorced,basic.6y,unknown,yes,no,cellular,nov,wed,979,9,999,0,success,3.1,95.494,-44.4,6.059,4891.0
52,admin.,married,high.school,no,yes,no,cellular,dec,fri,142,5,999,0,success,1.8,94.256,-53.9,4.763,4876.3
49,admin.,married,university.degree,no,no,no,cellular,nov,fri,1510,5,999,0,nonexistent,0.19999999999999996,94.575,-55.1,2.605,4799.1
39,admin.,single,high.school,no,no,no,cellular,nov,thu,365,5,999,2,success,-0.8999999999999999,93.701,-39.4,2.073,4776.2
71,admin.,divorced,high.school,no,yes,no,cellular,may,wed,601,5,999,0,success,3.1,95.494,-44.4,6.059,4891.0
49,admin.,divorced,high.school,no,no,no,cellular,may,fri,239,5,999,0,nonexistent,0.19999999999999996,94.393,-54.2,2.45,4799.1
42,admin.,married,university.degree,no,yes,no,cellular,may,fri,356,7,999,0,nonexistent,0.19999999999999996,94.393,-54.2,2.45,4799.1
53,admin.,married,university.degree,no,no,no,cellular,nov,tue,440,5,999,0,success,3.4,94.944,-44.1,6.165,4928.1
74,admin.,divorced,basic.4y,unknown,yes,no,cellular,nov,mon,577,7,999,0,success,3.4,95.418,-50.7,6.162,4928.1
67,admin.,married,basic.4y,unknown,yes,no,cellular,jul,wed,649,5,999,0,success,3.4,95.418,-50.7,6.157,4928.1
65,admin.,married,university.degree,no,no,no,cellular,nov,mon,246,7,999,0,success,3.4,94.944,-44.1,6.163,4928.1
47,admin.,single,university.degree,no,no,no,cellular,nov,thu,394,10,999,0,success,3.4,95.418,-50.7,6.163,4928.1
70,admin.,married,basic.6y,unknown,unknown,unknown,cellular,jul,thu,260,5,999,0,success,3.4,95.418,-50.7,6.162,4928.1
53,admin.,married,professional.course,no,yes,no,cellular,nov,thu,275,5,999,0,success,1.9,94.7,-50.0,5.276,4895.8
65,admin.,married,basic.9y,unknown,yes,no,cellular,nov,fri,296,21,999,0,success,3.1,95.494,-44.4,6.057,4891.0
60,admin.,married,high.school,no,yes,yes,cellular,nov,mon,928,6,5,3,success,0.8999999999999999,96.267,-58.8,2.25,4663.6
64,admin.,married,professional.course,unknown,yes,yes,cellular,nov,mon,386,5,999,0,success,3.4,94.944,-44.1,6.17,4928.1
46,technician,married,university.degree,unknown,yes,no,cellular,aug,wed,320,7,999,0,success,3.4,94.944,-44.1,6.164000000000001,4928.1
68,admin.,married,high.school,no,no,no,cellular,nov,wed,748,5,999,0,success,0.19999999999999996,94.575,-55.1,2.615,4799.1
61,blue-collar,married,basic.9y,unknown,yes,no,cellular,nov,wed,584,5,999,0,nonexistent,3.1,95.494,-44.4,6.057,4891.0
69,admin.,married,university.degree,unknown,no,no,cellular,nov,wed,221,5,999,0,success,3.4,94.944,-44.1,6.164000000000001,4928.1
49,admin.,single,university.degree,no,yes,no,cellular,aug,wed,1988,5,999,0,nonexistent,3.4,94.944,-44.1,6.165,4928.1
55,admin.,married,high.school,no,no,no,cellular,jul,tue,849,6,999,0,success,3.4,95.418,-50.7,6.1610000000000005,4928.1
52,admin.,married,basic.6y,no,yes,yes,cellular,nov,mon,377,5,999,0,success,3.1,95.494,-44.4,6.057,4891.0
78,admin.,married,university.degree,no,no,no,cellular,nov,tue,439,5,999,0,nonexistent,-0.8999999999999999,93.701,-39.4,2.059,4776.2
47,admin.,single,university.degree,no,no,no,cellular,nov,tue,1661,5,12,2,success,0.30000000000000004,95.555,-47.8,1.9369999999999998,4691.6
40,admin.,single,high.school,unknown,yes,yes,cellular,nov,wed,1891,11,999,0,success,3.4,95.418,-50.7,6.163,4928.1
53,admin.,married,university.degree,no,no,no,cellular,nov,tue,595,5,999,0,nonexistent,3.4,94.944,-44.1,6.165,4928.1
51,admin.,married,high.school,no,no,no,cellular,nov,thu,1097,5,999,0,nonexistent,-1.4,93.879,-37.8,1.966,4717.5
52,self-employed,single,basic.4y,no,no,yes,cellular,nov,mon,655,6,999,0,success,0.19999999999999996,94.393,-54.2,2.444,4799.1
53,admin.,single,high.school,no,no,no,cellular,nov,fri,581,6,999,0,nonexistent,0.8999999999999999,95.699,-45.5,2.078,4663.6
43,technician,single,university.degree,no,yes,no,cellular,nov,thu,352,5,999,0,success,3.1,95.494,-44.4,6.0600000000000005,4891.0
50,admin.,married,high.school,no,yes,yes,cellular,nov,tue,347,5,999,1,success,-0.8999999999999999,94.463,-48.8,2.4619999999999997,4776.2
40,admin.,single,high.school,no,yes,no,cellular,nov,wed,232,15,999,0,success,3.4,95.418,-50.7,6.163,4928.1
55,admin.,married,professional.course,no,no,no,cellular,nov,fri,689,6,999,0,success,0.19999999999999996,94.575,-55.1,2.605,4799.1
55,admin.,married,basic.9y,no,yes,yes,cellular,nov,wed,1832,6,999,0,success,3.1,95.494,-44.4,6.058,4891.0
43,admin.,single,high.school,no,yes,no,cellular,nov,tue,404,9,999,0,success,3.4,95.418,-50.7,6.1610000000000005,4928.1
50,admin.,married,professional.course,no,no,no,cellular,nov,thu,779,10,999,0,success,1.9,94.7,-50.0,5.276,4895.8
52,admin.,single,university.degree,no,yes,yes,cellular,nov,tue,496,7,999,0,success,0.30000000000000004,95.555,-47.8,1.902,4691.6
42,admin.,single,university.degree,no,yes,yes,cellular,jul,tue,646,5,999,0,success,3.4,95.418,-50.7,6.1610000000000005,4928.1
62,admin.,married,university.degree,no,yes,no,telephone,nov,tue,271,5,999,0,success,1.9,94.7,-50.0,5.353,4895.8
75,admin.,married,professional.course,no,yes,no,cellular,nov,thu,926,7,999,0,success,3.4,94.944,-44.1,6.168,4928.1
54,admin.,single,professional.course,no,no,no,cellular,nov,mon,1362,7,999,0,success,3.4,95.418,-50.7,6.16,4928.1
49,admin.,married,university.degree,no,yes,no,cellular,nov,thu,354,10,999,0,success,1.9,94.7,-50.0,5.276,4895.8
40,admin.,married,university.degree,no,yes,no,cellular,may,tue,349,5,12,1,success,0.19999999999999996,94.393,-54.2,2.4909999999999997,4799.1
63,admin.,divorced,high.school,no,yes,yes,cellular,jul,tue,464,5,999,0,nonexistent,3.4,95.418,-50.7,6.162,4928.1
49,admin.,married,university.degree,no,yes,no,cellular,nov,thu,451,6,999,0,nonexistent,3.1,95.494,-44.4,6.0600000000000005,4891.0
46,admin.,single,university.degree,no,yes,no,cellular,nov,wed,334,5,999,0,success,0.30000000000000004,95.555,-47.8,1.967,4691.6
46,admin.,married,basic.9y,no,no,no,cellular,nov,fri,287,5,999,0,success,3.1,95.494,-44.4,6.055000000000001,4891.0
60,admin.,married,basic.4y,no,yes,yes,cellular,nov,wed,354,5,999,0,success,1.9,94.7,-50.0,5.32,4895.8
67,admin.,divorced,high.school,unknown,no,no,cellular,nov,mon,462,5,999,0,success,1.9,94.7,-50.0,5.391,4895.8
49,admin.,single,university.degree,no,yes,yes,cellular,nov,tue,323,5,999,0,success,3.4,95.418,-50.7,6.162,4928.1
71,admin.,divorced,university.degree,unknown,no,no,cellular,aug,wed,422,6,999,0,success,3.4,94.944,-44.1,6.164000000000001,4928.1
47,admin.,married,university.degree,no,no,no,telephone,may,thu,298,6,999,0,nonexistent,3.1,95.494,-44.4,6.0600000000000005,4891.0
45,services,divorced,basic.9y,no,no,no,cellular,nov,thu,439,5,999,0,success,3.1,95.494,-44.4,6.0600000000000005,4891.0
58,admin.,married,professional.course,no,yes,no,cellular,nov,wed,613,8,999,0,success,3.1,95.494,-44.4,6.056,4891.0
51,admin.,single,university.degree,no,no,no,telephone,may,thu,1448,11,999,0,success,3.1,95.494,-44.4,6.0600000000000005,4891.0
54,admin.,married,professional.course,no,no,no,cellular,nov,thu,460,6,999,0,success,0.19999999999999996,94.393,-54.2,2.527,4799.1
54,admin.,married,professional.course,no,no,no,cellular,nov,mon,386,5,999,0,success,1.9,94.7,-50.0,5.391,4895.8
65,blue-collar,married,university.degree,unknown,no,no,cellular,nov,fri,314,5,999,0,success,1.9,94.7,-50.0,5.221,4895.8
45,admin.,married,university.degree,no,no,yes,telephone,nov,fri,248,6,999,0,success,3.4,95.965,-49.8,6.167,4928.1
58,admin.,married,basic.6y,unknown,yes,no,cellular,may,thu,430,6,999,0,success,0.19999999999999996,94.393,-54.2,2.527,4799.1
55,admin.,married,university.degree,unknown,no,yes,cellular,nov,mon,230,5,999,0,success,3.1,95.494,-44.4,6.057,4891.0
51,management,married,university.degree,no,yes,no,cellular,nov,thu,664,7,999,0,success,1.9,94.7,-50.0,5.276,4895.8
42,blue-collar,single,basic.4y,no,yes,no,cellular,jul,wed,500,15,999,0,success,3.4,95.418,-50.7,6.162,4928.1
42,admin.,single,basic.9y,no,yes,yes,cellular,nov,tue,266,6,999,0,success,3.4,95.418,-50.7,6.1610000000000005,4928.1
59,admin.,married,university.degree,unknown,no,no,cellular,nov,fri,680,5,999,0,success,1.9,94.7,-50.0,5.221,4895.8
48,admin.,married,university.degree,no,no,yes,cellular,nov,thu,514,6,999,0,success,3.4,95.965,-49.8,6.1610000000000005,4928.1
60,admin.,single,high.school,unknown,no,no,cellular,nov,mon,242,5,999,0,success,3.4,95.965,-49.8,6.065,4928.1
48,admin.,married,basic.9y,no,no,no,cellular,nov,mon,496,6,999,0,success,3.4,95.965,-49.8,6.065,4928.1
69,admin.,married,high.school,no,yes,no,cellular,nov,wed,743,5,999,0,nonexistent,-1.0,94.213,-41.0,1.9209999999999998,4723.5
48,admin.,married,high.school,no,no,no,cellular,apr,mon,500,6,999,1,success,0.19999999999999996,94.575,-55.1,2.605,4799.1
48,admin.,divorced,basic.9y,no,yes,yes,cellular,may,fri,494,7,999,0,success,0.19999999999999996,94.393,-54.2,2.45,4799.1
46,admin.,single,basic.9y,unknown,no,no,cellular,nov,fri,682,11,999,0,success,3.1,95.494,-44.4,6.064,4891.0
47,admin.,single,professional.course,no,yes,no,cellular,nov,fri,394,9,999,0,success,0.19999999999999996,94.393,-54.2,2.45,4799.1
50,admin.,married,basic.9y,no,yes,no,cellular,nov,fri,233,5,999,1,success,0.19999999999999996,94.393,-54.2,2.513,4799.1
47,admin.,married,professional.course,no,yes,no,telephone,nov,tue,995,5,999,0,success,1.9,94.7,-50.0,5.543,4895.8
35,student,single,basic.4y,no,yes,no,cellular,apr,thu,496,5,999,0,nonexistent,0.19999999999999996,94.575,-55.1,2.565,4799.1
37,admin.,single,basic.9y,no,yes,no,cellular,nov,mon,271,6,999,0,nonexistent,-0.8999999999999999,94.463,-48.8,2.481,4776.2
49,admin.,single,university.degree,unknown,no,no,cellular,jun,thu,151,20,999,0,success,3.4,95.965,-49.8,6.066,4928.1
56,admin.,married,university.degree,unknown,no,no,cellular,nov,mon,323,6,999,1,success,0.19999999999999996,94.393,-54.2,2.444,4799.1
46,admin.,married,high.school,no,no,yes,cellular,nov,mon,512,7,999,0,success,3.4,95.418,-50.7,6.162,4928.1
51,admin.,married,university.degree,unknown,yes,no,cellular,jul,tue,1693,5,999,0,success,3.4,95.418,-50.7,6.1610000000000005,4928.1
58,admin.,married,high.school,no,no,no,cellular,nov,tue,507,9,999,0,success,3.4,95.418,-50.7,6.1610000000000005,4928.1
43,self-employed,single,university.degree,no,yes,yes,cellular,mar,wed,511,5,999,1,success,0.19999999999999996,94.869,-42.8,1.851,4708.7
60,admin.,divorced,high.school,unknown,yes,no,cellular,may,mon,165,5,999,0,success,3.1,95.494,-44.4,6.058,4891.0
46,technician,single,professional.course,no,yes,no,cellular,nov,thu,347,14,999,0,success,3.4,94.944,-44.1,6.163,4928.1
69,admin.,divorced,unknown,no,yes,no,cellular,nov,thu,214,7,999,0,success,3.4,95.965,-49.8,6.158,4928.1
49,admin.,married,high.school,no,yes,no,cellular,nov,mon,269,7,999,0,success,3.4,94.944,-44.1,6.165,4928.1
60,admin.,married,university.degree,no,no,no,cellular,nov,tue,250,6,999,0,success,1.9,94.7,-50.0,5.353,4895.8
50,admin.,married,university.degree,no,yes,yes,cellular,aug,thu,345,11,999,0,success,3.4,94.944,-44.1,6.162,4928.1
51,admin.,married,professional.course,no,yes,no,cellular,nov,wed,448,7,999,0,success,-0.8999999999999999,93.969,-41.6,2.229,4776.2
54,admin.,married,basic.6y,unknown,no,no,cellular,nov,wed,228,10,999,0,success,3.1,95.494,-44.4,6.057,4891.0
45,unknown,divorced,university.degree,no,no,yes,cellular,nov,thu,311,5,999,0,success,3.4,94.944,-44.1,6.164000000000001,4928.1
55,admin.,married,basic.4y,unknown,no,no,cellular,nov,fri,507,5,999,0,success,3.1,95.494,-44.4,6.059,4891.0
69,admin.,married,basic.9y,no,no,no,cellular,jun,fri,233,13,999,0,success,3.4,95.965,-49.8,6.167,4928.1
91,admin.,married,basic.4y,no,no,no,cellular,jun,tue,653,9,999,0,success,0.30000000000000004,95.555,-47.8,1.902,4691.6
57,admin.,married,basic.9y,no,no,no,cellular,nov,mon,914,8,999,0,nonexistent,0.19999999999999996,94.575,-55.1,2.666,4799.1
73,admin.,divorced,university.degree,no,yes,no,cellular,nov,wed,559,5,999,0,success,3.1,95.494,-44.4,6.058,4891.0
73,admin.,married,university.degree,unknown,no,no,cellular,nov,mon,1213,6,999,0,success,3.4,95.418,-50.7,6.162,4928.1
60,admin.,married,high.school,unknown,no,no,cellular,nov,wed,401,5,999,0,success,3.1,95.494,-44.4,6.059,4891.0
51,admin.,married,university.degree,no,yes,no,cellular,nov,wed,374,7,999,0,success,3.4,94.944,-44.1,6.164000000000001,4928.1
53,admin.,married,basic.9y,unknown,no,no,cellular,may,thu,431,6,999,0,success,3.1,95.494,-44.4,6.055000000000001,4891.0
46,admin.,single,university.degree,no,no,no,cellular,nov,tue,1119,6,999,0,nonexistent,3.4,95.418,-50.7,6.1610000000000005,4928.1
40,admin.,single,high.school,no,no,no,cellular,nov,fri,1115,5,999,0,success,-0.8999999999999999,93.701,-39.4,2.069,4776.2
62,admin.,married,basic.9y,no,yes,no,cellular,nov,thu,467,5,999,0,success,0.19999999999999996,94.575,-55.1,2.61,4799.1
47,admin.,married,university.degree,no,yes,yes,cellular,nov,mon,379,5,999,0,success,-1.4,94.149,-38.1,1.922,4717.5
50,admin.,married,basic.9y,no,yes,no,cellular,nov,tue,1659,5,999,0,success,0.19999999999999996,94.575,-55.1,2.623,4799.1
45,admin.,married,professional.course,no,yes,no,cellular,may,mon,766,5,999,0,success,0.19999999999999996,94.393,-54.2,2.5540000000000003,4799.1
40,admin.,single,high.school,no,no,no,cellular,nov,thu,354,6,999,0,success,3.1,95.494,-44.4,6.0600000000000005,4891.0
52,admin.,divorced,university.degree,unknown,yes,no,cellular,nov,mon,534,5,999,0,success,0.19999999999999996,94.393,-54.2,2.444,4799.1
56,admin.,married,professional.course,no,no,no,telephone,nov,fri,509,6,999,0,nonexistent,3.1,95.494,-44.4,6.057,4891.0
54,admin.,married,university.degree,no,no,no,cellular,nov,mon,304,5,999,0,success,1.9,94.7,-50.0,5.391,4895.8
52,admin.,married,basic.6y,unknown,no,no,cellular,nov,wed,298,6,999,0,nonexistent,3.4,95.418,-50.7,6.163,4928.1
60,management,married,university.degree,no,yes,no,cellular,nov,tue,361,11,999,0,nonexistent,3.4,95.965,-49.8,6.1610000000000005,4928.1
57,admin.,married,professional.course,no,no,no,cellular,nov,thu,651,5,6,2,success,0.30000000000000004,95.527,-46.3,2.099,4691.6
54,admin.,married,high.school,no,yes,no,cellular,apr,thu,557,5,999,0,nonexistent,0.19999999999999996,94.575,-55.1,2.565,4799.1
56,admin.,married,basic.9y,no,yes,no,cellular,nov,mon,548,5,999,0,success,1.9,94.7,-50.0,5.391,4895.8
49,admin.,divorced,basic.9y,no,yes,no,cellular,nov,fri,257,5,999,0,success,0.19999999999999996,94.575,-55.1,2.605,4799.1
73,retired,married,professional.course,unknown,no,no,cellular,nov,fri,336,6,999,0,success,1.9,94.7,-50.0,5.221,4895.8
73,admin.,married,high.school,unknown,yes,no,cellular,jul,tue,305,5,999,0,success,3.4,95.418,-50.7,6.1610000000000005,4928.1
52,admin.,married,professional.course,no,yes,no,cellular,nov,fri,251,8,999,0,success,3.4,94.944,-44.1,6.166,4928.1
51,admin.,divorced,basic.9y,no,no,no,cellular,may,tue,635,9,999,0,success,0.19999999999999996,94.393,-54.2,2.4909999999999997,4799.1
51,admin.,single,university.degree,no,no,no,cellular,nov,wed,383,5,999,1,failure,-1.4,93.931,-34.9,1.942,4717.5
61,admin.,married,university.degree,unknown,yes,no,cellular,may,thu,680,7,999,0,success,3.1,95.494,-44.4,6.0600000000000005,4891.0
46,admin.,single,university.degree,no,unknown,unknown,cellular,nov,tue,466,5,3,1,success,0.8999999999999999,96.101,-57.5,2.208,4663.6
52,admin.,single,professional.course,unknown,no,no,cellular,nov,wed,988,5,999,0,success,3.4,95.418,-50.7,6.162,4928.1
56,admin.,married,basic.9y,no,yes,no,cellular,nov,mon,610,5,999,0,success,0.19999999999999996,94.575,-55.1,2.666,4799.1
42,admin.,married,basic.9y,no,yes,no,cellular,nov,wed,554,6,999,0,success,3.1,95.494,-44.4,6.059,4891.0
54,admin.,married,professional.course,no,no,no,cellular,nov,tue,611,6,999,0,success,3.1,95.494,-44.4,6.056,4891.0
65,admin.,married,high.school,no,yes,no,cellular,nov,thu,1481,5,999,0,success,3.1,95.494,-44.4,6.055000000000001,4891.0
45,admin.,married,high.school,unknown,yes,no,cellular,nov,mon,379,5,999,0,success,3.1,95.494,-44.4,6.057,4891.0
60,admin.,married,high.school,no,yes,no,cellular,nov,tue,440,6,999,0,success,3.1,95.494,-44.4,6.057,4891.0
58,admin.,married,high.school,no,yes,no,cellular,nov,wed,269,6,999,0,success,3.4,95.965,-49.8,6.159,4928.1
42,admin.,married,professional.course,no,no,yes,cellular,nov,fri,523,6,999,1,success,0.19999999999999996,94.393,-54.2,2.513,4799.1
54,admin.,married,high.school,no,no,no,cellular,jul,thu,170,5,999,0,success,3.4,95.418,-50.7,6.168,4928.1
52,admin.,single,university.degree,no,yes,no,cellular,nov,tue,619,5,999,0,nonexistent,0.19999999999999996,94.393,-54.2,2.544,4799.1
49,admin.,married,high.school,no,yes,no,cellular,nov,wed,359,5,999,1,success,0.19999999999999996,94.393,-54.2,2.481,4799.1
44,admin.,single,high.school,no,no,no,cellular,aug,mon,167,13,999,0,nonexistent,3.4,94.944,-44.1,6.163,4928.1
78,admin.,married,basic.6y,no,yes,no,cellular,nov,fri,284,6,999,0,success,-1.4,93.931,-34.9,1.952,4717.5
45,admin.,single,university.degree,no,no,no,cellular,nov,thu,185,6,999,0,success,3.4,95.418,-50.7,6.158,4928.1
74,admin.,married,unknown,unknown,no,no,cellular,nov,mon,354,7,999,0,nonexistent,3.1,95.494,-44.4,6.057,4891.0
52,admin.,married,high.school,no,no,no,cellular,nov,tue,887,6,999,0,success,0.19999999999999996,95.249,-42.6,1.846,4708.7
67,admin.,married,basic.4y,no,no,no,cellular,nov,wed,1430,5,999,0,success,3.4,95.418,-50.7,6.162,4928.1
46,technician,single,university.degree,no,no,no,cellular,nov,fri,165,8,999,0,success,3.4,94.944,-44.1,6.163,4928.1
68,admin.,married,basic.4y,no,no,no,cellular,nov,tue,1029,6,999,0,success,1.9,94.7,-50.0,5.353,4895.8
47,admin.,married,high.school,no,yes,yes,cellular,nov,wed,451,13,999,0,success,3.1,95.494,-44.4,6.058,4891.0
59,admin.,married,professional.course,no,no,no,cellular,nov,wed,484,7,999,0,success,3.4,94.944,-44.1,6.164000000000001,4928.1
46,admin.,married,basic.9y,no,no,no,cellular,nov,mon,563,6,999,0,success,3.4,95.418,-50.7,6.162,4928.1
51,admin.,married,high.school,no,no,no,cellular,nov,thu,226,6,999,0,nonexistent,1.9,94.7,-50.0,5.276,4895.8
43,admin.,married,basic.9y,unknown,yes,no,cellular,jul,tue,374,8,999,0,nonexistent,3.4,95.418,-50.7,6.1610000000000005,4928.1
45,admin.,single,university.degree,no,no,no,cellular,nov,thu,244,5,999,0,success,0.19999999999999996,94.575,-55.1,2.565,4799.1
43,admin.,married,basic.9y,no,no,yes,cellular,nov,fri,980,6,999,0,success,3.1,95.494,-44.4,6.057,4891.0
41,admin.,married,high.school,no,no,no,cellular,nov,wed,1196,8,12,3,success,0.30000000000000004,95.555,-47.8,1.967,4691.6
43,services,single,high.school,no,yes,no,cellular,may,mon,284,10,999,0,success,0.19999999999999996,94.393,-54.2,2.444,4799.1
59,admin.,married,professional.course,no,no,no,cellular,nov,wed,190,13,999,0,nonexistent,3.4,94.944,-44.1,6.164000000000001,4928.1
52,admin.,divorced,basic.9y,no,yes,no,cellular,nov,wed,908,6,999,0,success,0.19999999999999996,94.393,-54.2,2.534,4799.1
51,admin.,single,university.degree,no,no,no,cellular,nov,mon,471,5,999,0,success,3.4,95.418,-50.7,6.16,4928.1
61,housemaid,divorced,professional.course,unknown,no,no,cellular,nov,tue,421,6,999,0,success,3.4,95.418,-50.7,6.1610000000000005,4928.1
48,admin.,married,basic.9y,unknown,yes,no,cellular,nov,wed,577,5,999,0,success,3.1,95.494,-44.4,6.057,4891.0
92,admin.,married,university.degree,no,yes,no,cellular,nov,wed,790,5,3,4,success,0.19999999999999996,95.376,-48.0,1.8820000000000001,4708.7
65,admin.,married,high.school,no,no,no,cellular,nov,thu,462,5,999,0,nonexistent,3.4,95.418,-50.7,6.168,4928.1
47,admin.,single,university.degree,no,no,no,cellular,nov,fri,280,6,999,0,success,3.4,95.418,-50.7,6.157,4928.1
45,admin.,single,university.degree,unknown,no,no,cellular,nov,tue,230,9,999,0,success,3.4,94.944,-44.1,6.163,4928.1
54,admin.,married,basic.6y,no,yes,no,cellular,nov,mon,421,5,999,0,success,3.4,95.418,-50.7,6.16,4928.1
63,admin.,single,university.degree,no,yes,no,cellular,nov,wed,498,6,999,0,success,1.9,94.7,-50.0,5.32,4895.8
55,admin.,married,basic.9y,no,no,no,cellular,nov,tue,523,5,999,0,nonexistent,3.1,95.494,-44.4,6.056,4891.0
59,blue-collar,married,basic.4y,unknown,yes,no,cellular,nov,thu,498,5,999,0,success,3.4,94.944,-44.1,6.163,4928.1
48,admin.,single,high.school,no,no,no,cellular,nov,tue,838,5,999,0,success,0.19999999999999996,94.393,-54.2,2.544,4799.1
49,admin.,married,university.degree,no,yes,no,cellular,nov,tue,386,6,999,0,success,3.4,95.965,-49.8,6.064,4928.1
56,admin.,married,basic.4y,no,no,no,cellular,nov,thu,259,7,999,1,success,1.9,94.7,-50.0,5.276,4895.8
55,blue-collar,single,basic.9y,unknown,yes,no,cellular,nov,mon,1603,9,999,0,success,3.4,95.418,-50.7,6.16,4928.1
42,admin.,single,basic.9y,no,yes,no,cellular,nov,wed,356,5,999,0,nonexistent,0.19999999999999996,94.575,-55.1,2.645,4799.1
44,entrepreneur,married,professional.course,no,yes,no,cellular,nov,thu,345,5,999,0,nonexistent,3.4,95.418,-50.7,6.163,4928.1
71,admin.,married,university.degree,no,no,no,cellular,may,tue,296,5,999,0,success,3.1,95.494,-44.4,6.056,4891.0
45,admin.,married,basic.9y,no,yes,no,cellular,nov,mon,320,7,999,0,success,3.4,95.418,-50.7,6.162,4928.1
53,admin.,divorced,basic.4y,no,yes,no,cellular,nov,tue,273,7,999,0,success,3.4,95.418,-50.7,6.1610000000000005,4928.1
51,admin.,married,unknown,unknown,no,no,cellular,nov,wed,739,5,999,1,failure,-1.4,93.879,-37.8,1.9809999999999999,4717.5
43,admin.,married,basic.6y,unknown,yes,no,cellular,nov,thu,745,6,999,0,success,3.1,95.494,-44.4,6.055000000000001,4891.0
46,admin.,married,university.degree,no,yes,no,cellular,nov,mon,917,5,999,1,failure,0.19999999999999996,94.393,-54.2,2.4989999999999997,4799.1
67,admin.,married,university.degree,no,no,no,cellular,nov,fri,392,7,999,0,nonexistent,3.1,95.494,-44.4,6.064,4891.0
48,admin.,married,basic.9y,unknown,no,yes,cellular,nov,mon,557,6,999,1,success,0.19999999999999996,94.575,-55.1,2.605,4799.1
73,admin.,married,basic.4y,unknown,no,no,cellular,nov,tue,246,5,999,0,success,3.4,95.418,-50.7,6.1610000000000005,4928.1
53,admin.,married,professional.course,no,no,yes,cellular,aug,wed,336,5,999,0,nonexistent,3.4,94.944,-44.1,6.167,4928.1
72,admin.,married,basic.4y,unknown,no,no,cellular,nov,thu,363,5,999,0,success,3.4,95.418,-50.7,6.162,4928.1
53,admin.,divorced,basic.9y,no,yes,yes,cellular,jul,thu,334,7,999,0,success,3.4,95.418,-50.7,6.168,4928.1
54,admin.,married,basic.6y,no,no,no,cellular,sep,tue,311,8,16,2,success,-1.4,93.879,-37.8,2.019,4717.5
38,admin.,single,high.school,no,no,no,cellular,jul,thu,2095,7,999,0,success,3.4,95.418,-50.7,6.163,4928.1
45,blue-collar,single,basic.9y,no,no,no,cellular,nov,mon,394,6,999,0,success,3.4,95.418,-50.7,6.16,4928.1
56,admin.,married,basic.6y,no,yes,yes,cellular,nov,tue,1214,6,999,0,nonexistent,0.19999999999999996,94.575,-55.1,2.623,4799.1
46,admin.,married,high.school,no,yes,yes,cellular,nov,thu,392,6,999,0,success,3.1,95.494,-44.4,6.055000000000001,4891.0
44,admin.,married,university.degree,no,no,no,telephone,nov,mon,390,9,999,0,success,0.19999999999999996,94.393,-54.2,2.5540000000000003,4799.1
46,admin.,single,high.school,no,no,no,cellular,nov,wed,1979,7,999,0,success,3.4,94.944,-44.1,6.164000000000001,4928.1
39,admin.,single,basic.9y,no,yes,no,cellular,nov,wed,413,8,999,0,nonexistent,3.4,95.418,-50.7,6.163,4928.1
51,admin.,married,high.school,no,yes,no,cellular,nov,wed,192,5,999,0,success,1.9,94.7,-50.0,5.32,4895.8
38,admin.,single,basic.9y,no,no,no,cellular,nov,thu,570,8,999,1,success,0.30000000000000004,95.715,-48.3,2.046,4691.6
50,admin.,single,high.school,no,no,no,telephone,nov,mon,138,9,999,0,success,3.4,95.965,-49.8,6.16,4928.1
52,admin.,married,high.school,no,no,no,cellular,nov,tue,669,9,999,0,nonexistent,0.19999999999999996,94.393,-54.2,2.544,4799.1
49,admin.,single,high.school,no,yes,no,cellular,nov,fri,264,5,999,1,success,0.19999999999999996,94.393,-54.2,2.513,4799.1
55,blue-collar,married,basic.4y,unknown,no,yes,cellular,nov,fri,446,6,999,0,success,3.4,95.965,-49.8,6.167,4928.1
65,admin.,married,basic.9y,unknown,yes,no,cellular,nov,fri,628,13,999,0,success,3.4,95.418,-50.7,6.162,4928.1
43,admin.,divorced,university.degree,no,yes,no,cellular,nov,thu,2186,5,999,0,success,0.19999999999999996,94.393,-54.2,2.527,4799.1
73,admin.,married,professional.course,unknown,yes,no,cellular,nov,thu,464,6,999,0,success,3.4,94.944,-44.1,6.168,4928.1
58,admin.,married,university.degree,no,yes,yes,cellular,nov,thu,919,5,999,0,success,3.4,94.944,-44.1,6.163,4928.1
54,admin.,married,high.school,no,no,yes,cellular,nov,fri,307,5,999,0,success,1.9,94.7,-50.0,5.221,4895.8
47,admin.,married,university.degree,no,no,no,telephone,nov,thu,187,5,999,0,success,3.4,95.965,-49.8,6.1610000000000005,4928.1
66,admin.,married,professional.course,no,yes,no,cellular,may,mon,134,8,999,0,success,0.19999999999999996,94.393,-54.2,2.5540000000000003,4799.1
46,blue-collar,married,basic.6y,no,no,no,cellular,may,wed,910,6,999,0,success,3.1,95.494,-44.4,6.057,4891.0
44,admin.,single,high.school,no,no,no,cellular,nov,fri,1115,6,999,0,success,0.19999999999999996,94.393,-54.2,2.513,4799.1
50,blue-collar,divorced,high.school,unknown,yes,no,cellular,nov,tue,230,6,999,0,success,3.1,95.494,-44.4,6.056,4891.0
57,admin.,married,basic.9y,no,no,no,cellular,nov,wed,212,5,999,1,failure,0.19999999999999996,94.393,-54.2,2.534,4799.1
51,admin.,married,high.school,unknown,yes,no,cellular,nov,wed,230,6,999,0,success,3.1,95.494,-44.4,6.057,4891.0
61,admin.,married,university.degree,no,yes,no,cellular,nov,thu,723,5,999,0,success,0.19999999999999996,94.869,-42.8,1.85,4708.7
49,technician,married,professional.course,unknown,yes,no,cellular,aug,thu,372,8,999,0,nonexistent,3.4,94.944,-44.1,6.163,4928.1
57,admin.,married,university.degree,no,yes,no,cellular,aug,fri,514,6,999,0,success,3.4,94.944,-44.1,6.166,4928.1
44,admin.,single,high.school,no,no,no,cellular,nov,mon,815,6,999,1,success,0.19999999999999996,94.575,-55.1,2.605,4799.1
53,admin.,married,basic.9y,no,yes,no,cellular,nov,mon,143,8,999,1,success,0.19999999999999996,94.575,-55.1,2.605,4799.1
47,self-employed,single,professional.course,unknown,no,no,cellular,may,thu,1130,7,999,0,nonexistent,0.19999999999999996,94.393,-54.2,2.466,4799.1
48,blue-collar,married,basic.9y,no,no,no,cellular,nov,fri,635,6,999,0,nonexistent,3.4,95.418,-50.7,6.162,4928.1
43,admin.,single,high.school,no,yes,no,cellular,nov,thu,943,6,999,1,success,0.19999999999999996,95.376,-48.0,1.883,4708.7
45,admin.,single,university.degree,no,no,no,cellular,nov,thu,273,5,999,1,success,1.9,94.7,-50.0,5.276,4895.8
48,admin.,married,unknown,no,yes,yes,cellular,nov,thu,865,5,9,3,failure,0.8999999999999999,95.699,-45.5,2.0789999999999997,4663.6
59,technician,divorced,professional.course,no,no,no,cellular,jun,thu,322,5,999,0,nonexistent,3.4,95.965,-49.8,6.158,4928.1
56,admin.,single,university.degree,no,yes,yes,cellular,dec,thu,611,5,999,1,success,-1.0,94.213,-41.0,1.907,4723.5
51,admin.,married,basic.9y,no,yes,no,cellular,nov,mon,529,6,999,0,success,0.19999999999999996,94.393,-54.2,2.444,4799.1
48,unemployed,single,university.degree,no,no,no,cellular,nov,mon,280,5,999,1,success,-0.8999999999999999,94.463,-48.8,2.466,4776.2
53,admin.,married,basic.6y,unknown,yes,no,cellular,nov,thu,557,5,999,0,success,3.1,95.494,-44.4,6.0600000000000005,4891.0
50,admin.,single,basic.4y,unknown,no,no,cellular,nov,wed,716,5,999,0,success,3.1,95.494,-44.4,6.056,4891.0
47,admin.,married,basic.4y,no,yes,no,cellular,aug,mon,140,13,999,0,success,3.4,94.944,-44.1,6.165,4928.1
47,admin.,single,professional.course,no,no,yes,cellular,nov,thu,881,6,999,0,success,0.19999999999999996,94.393,-54.2,2.527,4799.1
64,admin.,married,university.degree,no,no,yes,cellular,nov,tue,655,6,999,0,success,3.4,94.944,-44.1,6.166,4928.1
63,admin.,married,basic.6y,no,no,no,cellular,nov,wed,334,5,999,0,nonexistent,0.19999999999999996,94.393,-54.2,2.534,4799.1
46,admin.,single,university.degree,no,yes,no,cellular,nov,wed,199,5,999,0,nonexistent,0.19999999999999996,94.393,-54.2,2.481,4799.1
62,admin.,married,basic.4y,unknown,no,no,cellular,may,fri,313,5,999,0,nonexistent,3.1,95.494,-44.4,6.057,4891.0
73,housemaid,married,basic.4y,no,yes,no,cellular,nov,mon,379,5,999,0,nonexistent,0.19999999999999996,94.393,-54.2,2.464,4799.1
48,admin.,married,professional.course,no,no,no,cellular,nov,fri,266,7,999,0,nonexistent,3.4,95.965,-49.8,6.159,4928.1
60,blue-collar,single,basic.6y,no,no,no,telephone,jun,thu,368,6,999,0,success,3.4,95.965,-49.8,6.158,4928.1
60,admin.,single,university.degree,no,no,no,cellular,nov,fri,1130,5,999,0,success,0.19999999999999996,94.393,-54.2,2.513,4799.1
40,admin.,single,university.degree,no,yes,yes,cellular,nov,tue,896,7,4,1,success,-0.8999999999999999,94.463,-48.8,2.4859999999999998,4776.2
53,admin.,divorced,high.school,no,no,yes,cellular,nov,mon,345,6,999,0,success,3.4,95.418,-50.7,6.16,4928.1
59,admin.,single,professional.course,no,no,no,cellular,nov,mon,550,5,999,0,success,0.19999999999999996,94.343,-58.0,3.011,4799.1
57,housemaid,single,basic.4y,unknown,yes,no,telephone,nov,tue,476,5,999,0,nonexistent,3.1,95.494,-44.4,6.057,4891.0
71,admin.,married,basic.4y,unknown,yes,no,cellular,nov,tue,340,5,999,0,success,3.4,95.418,-50.7,6.1610000000000005,4928.1
56,admin.,married,university.degree,no,yes,no,cellular,nov,thu,629,5,999,0,nonexistent,1.9,94.7,-50.0,5.276,4895.8
94,admin.,married,basic.4y,no,no,yes,cellular,nov,tue,388,5,999,0,success,-1.4,94.149,-38.1,1.92,4717.5
44,admin.,married,high.school,no,no,no,cellular,nov,mon,280,5,999,0,success,3.4,95.418,-50.7,6.16,4928.1
53,admin.,single,basic.9y,no,no,no,cellular,nov,wed,417,6,999,0,nonexistent,3.4,95.965,-49.8,6.159,4928.1
55,admin.,married,high.school,no,no,no,telephone,nov,fri,136,7,999,0,success,3.4,95.965,-49.8,6.159,4928.1
43,admin.,single,university.degree,no,yes,no,cellular,nov,mon,170,6,999,0,success,0.19999999999999996,94.393,-54.2,2.444,4799.1
57,admin.,married,basic.4y,unknown,yes,no,cellular,nov,tue,1175,6,999,0,success,1.9,94.7,-50.0,5.353,4895.8
37,blue-collar,single,unknown,unknown,no,no,cellular,nov,mon,210,8,999,0,success,3.4,95.418,-50.7,6.16,4928.1
53,blue-collar,single,university.degree,unknown,yes,no,cellular,nov,wed,226,6,999,0,success,3.4,95.965,-49.8,6.162,4928.1
51,admin.,single,basic.9y,unknown,yes,yes,cellular,nov,thu,898,7,999,0,success,0.19999999999999996,94.393,-54.2,2.527,4799.1
54,admin.,married,high.school,no,yes,no,cellular,nov,thu,160,12,999,1,success,0.19999999999999996,94.393,-54.2,2.466,4799.1
56,admin.,married,high.school,no,no,no,cellular,nov,thu,536,6,999,0,success,3.4,95.965,-49.8,6.066,4928.1
49,admin.,single,university.degree,no,no,no,cellular,nov,mon,566,6,999,0,success,3.1,95.494,-44.4,6.057,4891.0
51,blue-collar,married,unknown,no,no,no,cellular,nov,thu,568,8,999,1,success,0.19999999999999996,94.393,-54.2,2.527,4799.1
75,admin.,married,university.degree,no,yes,no,cellular,nov,mon,527,6,11,1,success,0.19999999999999996,94.393,-54.2,2.5540000000000003,4799.1
40,admin.,single,basic.4y,no,no,no,cellular,may,wed,388,7,999,0,success,3.1,95.494,-44.4,6.058,4891.0
52,admin.,married,professional.course,no,no,no,cellular,nov,mon,725,6,999,0,success,0.19999999999999996,94.393,-54.2,2.444,4799.1
55,admin.,single,high.school,no,yes,yes,cellular,nov,tue,331,5,999,0,nonexistent,3.1,95.494,-44.4,6.056,4891.0
64,admin.,divorced,university.degree,unknown,no,yes,telephone,nov,wed,640,6,999,0,nonexistent,3.1,95.494,-44.4,6.057,4891.0
44,blue-collar,married,basic.9y,no,yes,no,cellular,nov,mon,302,5,999,0,nonexistent,3.4,95.418,-50.7,6.16,4928.1
54,admin.,divorced,professional.course,no,no,yes,cellular,nov,wed,269,6,999,0,success,0.19999999999999996,94.393,-54.2,2.481,4799.1
45,admin.,married,university.degree,no,yes,no,cellular,nov,thu,1663,7,999,0,success,1.9,94.7,-50.0,5.276,4895.8
66,services,married,high.school,no,yes,no,cellular,nov,fri,554,8,999,0,success,3.4,94.944,-44.1,6.166,4928.1
70,admin.,married,high.school,no,no,yes,cellular,apr,wed,673,5,999,1,success,0.19999999999999996,94.575,-55.1,2.605,4799.1
68,technician,married,university.degree,no,yes,no,cellular,nov,mon,754,5,999,0,nonexistent,1.9,94.7,-50.0,5.391,4895.8
64,admin.,married,university.degree,no,no,no,cellular,nov,mon,583,5,999,0,success,0.19999999999999996,94.575,-55.1,2.605,4799.1
52,technician,married,basic.9y,no,no,no,cellular,nov,fri,2118,7,999,0,nonexistent,3.1,95.494,-44.4,6.059,4891.0
60,admin.,married,unknown,unknown,yes,no,cellular,nov,thu,1292,5,999,0,success,3.4,95.418,-50.7,6.162,4928.1
58,admin.,single,professional.course,no,no,no,cellular,nov,fri,296,7,999,0,success,3.1,95.494,-44.4,6.055000000000001,4891.0
60,services,divorced,basic.4y,no,no,no,cellular,nov,thu,653,5,999,0,success,0.19999999999999996,94.575,-55.1,2.61,4799.1
40,blue-collar,married,basic.9y,no,yes,no,cellular,nov,wed,590,7,999,0,nonexistent,3.4,95.418,-50.7,6.162,4928.1
65,technician,married,university.degree,no,no,yes,cellular,nov,fri,727,6,999,0,success,3.4,95.418,-50.7,6.162,4928.1
60,admin.,married,unknown,unknown,no,no,cellular,nov,mon,698,7,999,0,success,3.4,95.418,-50.7,6.16,4928.1
72,admin.,married,unknown,unknown,no,no,cellular,nov,tue,401,8,999,0,success,3.4,95.418,-50.7,6.1610000000000005,4928.1
44,admin.,single,university.degree,no,no,no,cellular,nov,fri,640,6,999,0,nonexistent,-0.8999999999999999,93.701,-39.4,2.081,4776.2
53,admin.,single,high.school,no,no,no,cellular,nov,wed,332,5,999,0,success,0.30000000000000004,95.555,-47.8,1.915,4691.6
57,admin.,married,university.degree,no,yes,yes,telephone,nov,wed,606,5,999,0,nonexistent,3.4,95.418,-50.7,6.163,4928.1
54,admin.,married,university.degree,unknown,no,no,cellular,nov,wed,1605,6,999,0,success,0.19999999999999996,94.393,-54.2,2.534,4799.1
56,admin.,single,unknown,unknown,no,no,cellular,jun,mon,1524,7,999,0,success,3.4,95.965,-49.8,6.147,4928.1
66,admin.,divorced,university.degree,unknown,yes,yes,cellular,nov,wed,318,6,999,0,success,3.4,95.965,-49.8,6.162,4928.1
54,admin.,married,high.school,no,no,no,cellular,may,wed,500,8,999,0,success,3.1,95.494,-44.4,6.057,4891.0
68,housemaid,married,basic.4y,no,no,yes,cellular,nov,tue,593,6,999,0,success,-0.8999999999999999,94.463,-48.8,2.452,4776.2
58,admin.,married,unknown,no,yes,no,cellular,nov,thu,212,5,999,0,success,3.4,95.418,-50.7,6.168,4928.1
61,management,married,basic.6y,unknown,no,no,telephone,nov,wed,718,6,999,0,success,3.1,95.494,-44.4,6.059,4891.0
54,blue-collar,married,basic.9y,no,yes,no,cellular,nov,tue,388,5,999,0,nonexistent,0.19999999999999996,94.393,-54.2,2.466,4799.1
57,admin.,single,high.school,no,no,no,telephone,nov,mon,772,7,999,0,success,3.4,95.965,-49.8,6.16,4928.1
58,admin.,married,basic.9y,no,yes,no,cellular,nov,tue,707,5,999,0,success,1.9,94.7,-50.0,5.353,4895.8
58,management,married,university.degree,no,yes,no,cellular,nov,mon,325,6,999,0,success,3.1,95.494,-44.4,6.057,4891.0
61,admin.,married,university.degree,no,yes,no,cellular,nov,mon,1166,7,999,0,success,1.9,94.7,-50.0,5.391,4895.8
71,admin.,married,basic.9y,no,no,no,cellular,nov,wed,262,6,999,0,success,-1.4,93.931,-34.9,1.942,4717.5
49,admin.,married,university.degree,no,yes,no,cellular,nov,tue,449,5,999,0,success,3.4,95.418,-50.7,6.162,4928.1
66,admin.,married,professional.course,no,yes,yes,cellular,may,mon,563,5,999,0,nonexistent,3.1,95.494,-44.4,6.057,4891.0
44,admin.,single,basic.9y,no,no,no,cellular,nov,mon,439,8,999,1,failure,0.19999999999999996,94.393,-54.2,2.4989999999999997,4799.1
74,admin.,married,basic.4y,unknown,yes,no,cellular,nov,tue,278,9,999,0,success,3.1,95.494,-44.4,6.057,4891.0
59,admin.,married,unknown,no,yes,no,cellular,nov,wed,392,5,999,0,nonexistent,3.4,95.965,-49.8,6.158,4928.1
50,admin.,married,university.degree,no,yes,no,cellular,nov,tue,383,7,999,0,success,3.4,94.944,-44.1,6.168,4928.1
46,admin.,divorced,professional.course,no,yes,no,telephone,nov,tue,464,11,999,0,success,3.1,95.494,-44.4,6.056,4891.0
56,blue-collar,married,basic.9y,unknown,no,no,cellular,nov,thu,727,26,999,0,success,3.4,95.965,-49.8,6.158,4928.1
44,admin.,divorced,basic.9y,no,no,no,cellular,nov,mon,266,7,999,1,failure,0.19999999999999996,94.393,-54.2,2.4989999999999997,4799.1
78,admin.,married,university.degree,no,yes,no,cellular,nov,thu,433,6,6,1,success,0.8999999999999999,96.101,-57.5,2.187,4663.6
50,admin.,married,professional.course,no,yes,no,cellular,nov,thu,458,6,999,0,nonexistent,0.19999999999999996,94.393,-54.2,2.527,4799.1
56,admin.,married,unknown,no,no,no,cellular,nov,thu,619,5,999,0,success,3.4,95.418,-50.7,6.163,4928.1
45,blue-collar,single,basic.6y,no,yes,no,cellular,nov,tue,363,9,999,0,success,3.4,95.418,-50.7,6.1610000000000005,4928.1
60,admin.,married,professional.course,unknown,yes,yes,cellular,nov,tue,1027,6,999,0,nonexistent,3.4,94.944,-44.1,6.168,4928.1
37,admin.,single,basic.9y,no,no,no,cellular,nov,tue,167,5,999,0,success,0.30000000000000004,95.527,-46.3,2.089,4691.6
80,management,married,unknown,no,no,no,cellular,nov,wed,941,6,9,1,success,-1.0,94.213,-41.0,1.915,4723.5
61,admin.,married,basic.4y,unknown,no,no,cellular,nov,wed,241,5,999,0,nonexistent,3.4,95.965,-49.8,6.162,4928.1
68,admin.,married,university.degree,no,no,yes,cellular,nov,thu,347,5,999,0,success,0.19999999999999996,94.575,-55.1,2.565,4799.1
49,admin.,divorced,basic.9y,no,yes,no,cellular,may,fri,750,12,999,1,failure,0.19999999999999996,94.393,-54.2,2.45,4799.1
52,blue-collar,single,professional.course,no,no,no,cellular,nov,wed,1429,7,999,0,nonexistent,-1.4,93.931,-34.9,1.942,4717.5
57,admin.,married,basic.4y,no,yes,no,cellular,nov,mon,442,6,999,0,success,0.19999999999999996,94.575,-55.1,2.605,4799.1
47,admin.,single,professional.course,no,no,no,cellular,nov,thu,2181,5,999,1,success,0.19999999999999996,94.393,-54.2,2.527,4799.1
73,admin.,divorced,unknown,no,yes,no,telephone,nov,wed,507,5,999,0,nonexistent,3.4,95.965,-49.8,6.064,4928.1
47,admin.,divorced,high.school,no,yes,yes,cellular,nov,mon,221,6,999,0,nonexistent,3.4,94.944,-44.1,6.165,4928.1
55,blue-collar,married,unknown,no,no,no,cellular,nov,mon,325,6,999,0,success,3.1,95.494,-44.4,6.057,4891.0
68,blue-collar,married,basic.4y,no,yes,no,cellular,nov,mon,448,5,999,0,success,3.4,94.944,-44.1,6.165,4928.1
45,admin.,single,high.school,no,yes,no,cellular,nov,fri,2957,7,999,0,success,3.4,95.418,-50.7,6.159,4928.1
45,admin.,married,basic.6y,unknown,yes,no,cellular,nov,mon,284,5,999,0,success,0.19999999999999996,94.393,-54.2,2.4989999999999997,4799.1
49,admin.,married,basic.4y,unknown,yes,no,cellular,nov,fri,2089,7,999,0,success,0.19999999999999996,94.393,-54.2,2.513,4799.1
57,admin.,married,high.school,unknown,yes,yes,telephone,jun,thu,458,9,999,0,success,3.4,95.965,-49.8,6.1610000000000005,4928.1
56,unemployed,divorced,high.school,no,no,no,cellular,nov,tue,435,5,999,0,success,3.4,95.965,-49.8,6.064,4928.1
55,admin.,married,university.degree,unknown,yes,no,cellular,nov,wed,883,5,999,0,success,3.4,95.418,-50.7,6.163,4928.1
57,admin.,single,basic.4y,no,yes,no,cellular,nov,fri,322,6,999,0,nonexistent,3.4,95.418,-50.7,6.162,4928.1
48,admin.,married,university.degree,no,yes,no,cellular,nov,tue,332,7,999,0,success,3.4,94.944,-44.1,6.163,4928.1
54,admin.,married,basic.6y,unknown,no,no,cellular,nov,thu,565,5,999,0,success,3.4,95.965,-49.8,6.066,4928.1
47,admin.,single,professional.course,no,yes,no,cellular,nov,wed,250,5,999,0,success,-0.8999999999999999,93.969,-41.6,2.229,4776.2
41,admin.,divorced,basic.6y,no,yes,no,telephone,nov,wed,489,6,999,0,success,3.1,95.494,-44.4,6.058,4891.0
51,admin.,married,professional.course,no,yes,yes,cellular,nov,fri,280,5,999,0,nonexistent,0.19999999999999996,94.393,-54.2,2.4589999999999996,4799.1
46,technician,single,basic.9y,no,yes,no,cellular,nov,thu,143,9,999,0,success,0.19999999999999996,94.393,-54.2,2.466,4799.1
57,admin.,married,unknown,no,yes,no,cellular,nov,mon,435,5,999,0,success,3.1,95.494,-44.4,6.057,4891.0
46,technician,divorced,high.school,no,yes,no,cellular,nov,fri,644,7,999,0,nonexistent,3.4,94.944,-44.1,6.164000000000001,4928.1
71,admin.,married,unknown,no,yes,no,cellular,may,mon,246,5,999,0,success,3.1,95.494,-44.4,6.057,4891.0
41,admin.,single,basic.9y,unknown,yes,no,cellular,nov,mon,268,8,999,0,success,3.4,95.418,-50.7,6.16,4928.1
49,entrepreneur,single,professional.course,no,no,yes,telephone,jun,fri,273,8,999,0,nonexistent,3.4,95.965,-49.8,6.167,4928.1
46,admin.,married,university.degree,no,yes,no,cellular,may,thu,766,6,999,0,success,3.1,95.494,-44.4,6.0600000000000005,4891.0
64,admin.,married,university.degree,no,yes,no,cellular,nov,wed,280,5,999,1,success,0.19999999999999996,94.393,-54.2,2.534,4799.1
60,admin.,married,unknown,unknown,yes,no,cellular,nov,tue,503,9,999,0,success,3.1,95.494,-44.4,6.056,4891.0
74,admin.,married,basic.4y,no,yes,no,cellular,aug,thu,338,10,999,0,success,-0.8999999999999999,93.701,-39.4,2.083,4776.2
47,admin.,married,basic.4y,no,no,no,cellular,nov,fri,534,6,999,0,success,3.1,95.494,-44.4,6.059,4891.0
63,admin.,single,unknown,no,unknown,unknown,cellular,nov,tue,244,23,999,0,success,3.1,95.494,-44.4,6.056,4891.0
67,admin.,married,professional.course,no,yes,no,cellular,nov,wed,941,13,999,0,nonexistent,3.1,95.494,-44.4,6.059,4891.0
45,admin.,married,high.school,no,no,no,cellular,nov,mon,392,7,999,0,success,3.4,95.965,-49.8,6.065,4928.1
50,admin.,married,university.degree,no,no,yes,cellular,aug,fri,138,13,999,0,success,3.4,94.944,-44.1,6.164000000000001,4928.1
39,admin.,single,high.school,no,no,no,cellular,nov,thu,1195,5,999,0,nonexistent,3.1,95.494,-44.4,6.0600000000000005,4891.0
59,admin.,married,high.school,no,no,no,cellular,may,fri,703,7,999,0,nonexistent,3.1,95.494,-44.4,6.064,4891.0
56,admin.,married,professional.course,no,yes,no,cellular,nov,tue,410,6,999,0,success,3.4,94.944,-44.1,6.166,4928.1
51,technician,married,basic.9y,no,no,no,cellular,nov,mon,730,8,999,0,success,3.4,95.965,-49.8,6.158,4928.1
52,management,married,high.school,no,yes,no,cellular,nov,thu,1259,5,999,0,success,0.30000000000000004,95.527,-46.3,2.104,4691.6
60,admin.,married,basic.6y,unknown,yes,no,telephone,may,wed,480,8,999,0,success,3.1,95.494,-44.4,6.057,4891.0
68,admin.,married,basic.4y,unknown,yes,no,cellular,jun,fri,158,22,999,0,success,3.4,95.965,-49.8,6.159,4928.1
50,admin.,married,university.degree,no,no,no,cellular,jun,thu,338,8,999,0,success,-0.8999999999999999,94.463,-48.8,2.46,4776.2
46,admin.,single,university.degree,no,yes,no,cellular,nov,wed,692,7,999,1,success,0.19999999999999996,94.393,-54.2,2.481,4799.1
49,admin.,married,university.degree,no,no,no,cellular,nov,wed,523,5,999,0,success,3.4,94.944,-44.1,6.167,4928.1
58,admin.,married,professional.course,no,yes,no,cellular,nov,mon,1232,5,999,1,success,0.19999999999999996,94.393,-54.2,2.444,4799.1
50,admin.,married,basic.4y,unknown,yes,no,cellular,may,thu,615,5,999,0,nonexistent,0.19999999999999996,94.393,-54.2,2.527,4799.1
45,admin.,single,high.school,no,yes,no,cellular,nov,wed,462,6,999,0,success,3.1,95.494,-44.4,6.058,4891.0
48,admin.,married,basic.9y,no,yes,no,telephone,nov,wed,147,5,999,2,success,0.30000000000000004,95.555,-47.8,1.927,4691.6
63,admin.,divorced,university.degree,no,yes,no,cellular,nov,fri,305,5,4,1,success,-0.8999999999999999,93.701,-39.4,2.081,4776.2
49,admin.,married,high.school,no,yes,no,cellular,nov,wed,617,6,999,0,success,0.19999999999999996,94.393,-54.2,2.534,4799.1
63,admin.,married,university.degree,no,yes,no,cellular,nov,fri,799,9,999,1,success,-1.0,94.213,-41.0,1.918,4723.5
49,admin.,single,university.degree,no,no,no,telephone,nov,tue,642,5,999,0,success,3.1,95.494,-44.4,6.057,4891.0
54,services,single,university.degree,unknown,yes,no,cellular,nov,thu,197,7,999,0,success,1.9,94.7,-50.0,5.276,4895.8
47,admin.,married,university.degree,no,yes,no,cellular,nov,thu,154,10,999,0,success,3.4,95.418,-50.7,6.168,4928.1
44,admin.,single,professional.course,no,yes,no,cellular,nov,tue,480,5,999,1,success,0.19999999999999996,94.393,-54.2,2.4909999999999997,4799.1
47,admin.,married,high.school,unknown,yes,yes,cellular,nov,thu,451,7,999,0,success,3.1,95.494,-44.4,6.0600000000000005,4891.0
58,admin.,married,high.school,no,yes,no,cellular,nov,fri,228,5,999,0,success,3.4,94.944,-44.1,6.163,4928.1
54,admin.,married,university.degree,no,yes,no,cellular,nov,tue,669,5,999,0,nonexistent,1.9,94.7,-50.0,5.353,4895.8
71,management,divorced,unknown,no,yes,no,cellular,nov,thu,1727,11,999,0,nonexistent,-1.4,94.149,-38.1,1.914,4717.5
60,admin.,married,high.school,no,no,no,cellular,nov,wed,734,8,999,0,success,3.4,95.965,-49.8,6.064,4928.1
52,admin.,married,basic.9y,no,yes,yes,cellular,nov,fri,163,5,999,0,success,3.1,95.494,-44.4,6.055000000000001,4891.0
40,admin.,married,basic.4y,no,yes,yes,cellular,jul,thu,676,6,999,0,success,3.4,95.418,-50.7,6.158,4928.1
73,admin.,single,university.degree,no,no,no,cellular,nov,mon,2341,7,999,0,success,3.1,95.494,-44.4,6.057,4891.0
68,admin.,married,high.school,no,yes,no,cellular,nov,fri,298,11,999,0,success,3.4,95.418,-50.7,6.162,4928.1
70,admin.,married,basic.9y,unknown,unknown,unknown,cellular,nov,thu,406,6,999,0,success,3.4,94.944,-44.1,6.163,4928.1
47,admin.,married,university.degree,no,yes,no,telephone,nov,fri,2444,7,999,0,success,3.4,95.965,-49.8,6.167,4928.1
44,admin.,married,professional.course,unknown,no,no,cellular,jul,wed,901,5,999,0,nonexistent,3.4,95.418,-50.7,6.163,4928.1
56,admin.,divorced,basic.9y,no,yes,no,telephone,may,wed,460,7,999,0,success,3.1,95.494,-44.4,6.057,4891.0
66,admin.,married,high.school,unknown,no,no,telephone,nov,wed,358,5,999,0,nonexistent,3.1,95.494,-44.4,6.058,4891.0
72,admin.,married,basic.4y,unknown,no,no,telephone,jun,wed,232,6,999,0,nonexistent,3.4,95.965,-49.8,6.159,4928.1
56,admin.,single,high.school,no,yes,yes,cellular,nov,wed,595,6,999,0,nonexistent,0.19999999999999996,94.575,-55.1,2.615,4799.1
47,admin.,married,professional.course,no,yes,yes,cellular,nov,fri,138,11,999,0,success,0.19999999999999996,94.393,-54.2,2.45,4799.1
58,admin.,married,basic.9y,no,no,no,cellular,nov,thu,143,7,999,0,nonexistent,3.1,95.494,-44.4,6.0600000000000005,4891.0
55,admin.,married,high.school,no,no,no,cellular,nov,tue,246,6,999,0,success,3.1,95.494,-44.4,6.056,4891.0
72,admin.,divorced,high.school,no,yes,yes,cellular,nov,fri,2267,9,999,0,nonexistent,3.1,95.494,-44.4,6.059,4891.0
50,admin.,divorced,basic.9y,no,yes,yes,cellular,nov,mon,840,6,999,0,success,3.1,95.494,-44.4,6.058,4891.0
47,admin.,single,university.degree,no,yes,no,cellular,nov,thu,451,5,999,0,success,3.4,95.418,-50.7,6.163,4928.1
61,admin.,married,high.school,no,no,yes,cellular,nov,mon,671,5,999,0,success,3.4,95.418,-50.7,6.16,4928.1
70,admin.,married,basic.4y,unknown,no,no,telephone,nov,fri,169,11,999,0,success,3.4,95.965,-49.8,6.159,4928.1
54,admin.,single,professional.course,no,yes,no,cellular,nov,wed,264,7,999,0,success,0.19999999999999996,94.575,-55.1,2.615,4799.1
49,admin.,single,basic.9y,unknown,no,no,cellular,nov,mon,640,5,999,0,success,3.1,95.494,-44.4,6.057,4891.0
53,admin.,married,basic.6y,unknown,yes,no,cellular,nov,thu,352,5,999,0,success,3.4,95.418,-50.7,6.163,4928.1
61,admin.,divorced,university.degree,no,no,no,cellular,nov,thu,755,6,999,0,success,3.4,95.965,-49.8,6.066,4928.1
69,admin.,married,unknown,unknown,no,no,cellular,nov,fri,181,20,999,0,success,3.4,95.965,-49.8,6.167,4928.1
73,retired,married,basic.9y,no,no,yes,cellular,nov,fri,543,6,999,0,success,0.19999999999999996,94.393,-54.2,2.4589999999999996,4799.1
74,services,married,high.school,no,no,no,telephone,nov,mon,1162,6,999,0,success,3.1,95.494,-44.4,6.057,4891.0
50,self-employed,married,basic.9y,no,yes,no,cellular,nov,tue,773,6,999,0,success,3.4,95.965,-49.8,6.1610000000000005,4928.1
51,admin.,married,high.school,no,unknown,unknown,cellular,may,wed,214,5,999,0,success,3.1,95.494,-44.4,6.058,4891.0
54,admin.,married,basic.9y,no,yes,no,cellular,nov,fri,1459,5,999,0,success,0.19999999999999996,94.393,-54.2,2.45,4799.1
48,admin.,divorced,professional.course,no,yes,no,cellular,nov,mon,385,7,999,0,success,3.1,95.494,-44.4,6.057,4891.0
63,admin.,married,professional.course,no,yes,no,cellular,nov,thu,516,6,999,0,success,3.1,95.494,-44.4,6.055000000000001,4891.0
79,retired,married,basic.6y,no,yes,no,cellular,nov,thu,241,8,999,0,nonexistent,0.19999999999999996,94.575,-55.1,2.61,4799.1
74,technician,divorced,professional.course,no,no,no,cellular,nov,mon,453,5,999,0,success,0.19999999999999996,94.575,-55.1,2.605,4799.1
89,admin.,married,high.school,no,no,no,cellular,nov,thu,970,5,999,0,success,-0.8999999999999999,93.701,-39.4,2.083,4776.2
57,unemployed,married,high.school,no,no,no,cellular,nov,wed,372,7,999,0,success,3.4,95.418,-50.7,6.162,4928.1
47,admin.,married,basic.6y,no,yes,no,cellular,jul,wed,417,6,999,0,nonexistent,3.4,95.418,-50.7,6.163,4928.1
51,admin.,married,university.degree,no,yes,yes,cellular,nov,fri,426,6,999,0,success,3.4,95.965,-49.8,6.159,4928.1
44,admin.,single,basic.9y,no,no,no,cellular,nov,fri,395,5,999,0,success,3.4,95.965,-49.8,6.159,4928.1
66,technician,married,professional.course,unknown,yes,yes,cellular,aug,mon,611,5,999,0,success,3.4,94.944,-44.1,6.165,4928.1
64,admin.,divorced,high.school,no,yes,no,cellular,nov,wed,487,6,999,0,success,0.19999999999999996,94.393,-54.2,2.481,4799.1
55,admin.,married,university.degree,no,yes,no,cellular,jun,tue,466,5,999,0,success,-0.8999999999999999,94.463,-48.8,2.4619999999999997,4776.2
51,admin.,married,high.school,no,no,no,cellular,nov,tue,887,5,999,0,nonexistent,3.4,95.418,-50.7,6.155,4928.1
65,admin.,divorced,university.degree,no,no,no,cellular,nov,tue,701,8,999,0,nonexistent,3.4,94.944,-44.1,6.163,4928.1
65,management,married,university.degree,no,no,no,cellular,jul,thu,1290,5,999,0,success,3.4,95.418,-50.7,6.162,4928.1
47,admin.,married,university.degree,no,yes,no,cellular,nov,thu,404,6,999,1,success,1.9,94.7,-50.0,5.276,4895.8
42,technician,single,university.degree,no,no,no,cellular,may,thu,242,5,999,0,success,0.19999999999999996,94.393,-54.2,2.4699999999999998,4799.1
46,admin.,married,university.degree,no,yes,no,cellular,nov,wed,1837,6,10,1,success,0.19999999999999996,94.393,-54.2,2.481,4799.1
44,entrepreneur,divorced,basic.9y,no,yes,no,telephone,jun,thu,215,5,999,0,nonexistent,3.4,95.965,-49.8,6.066,4928.1
40,admin.,single,university.degree,no,no,no,cellular,nov,tue,610,11,999,0,success,3.4,95.418,-50.7,6.1610000000000005,4928.1
47,admin.,married,professional.course,no,no,no,cellular,nov,wed,1000,6,999,0,success,3.1,95.494,-44.4,6.058,4891.0
73,unknown,married,unknown,unknown,no,no,cellular,nov,wed,332,7,999,0,success,3.1,95.494,-44.4,6.056,4891.0
48,blue-collar,married,basic.9y,no,no,no,cellular,nov,tue,505,5,999,0,nonexistent,1.9,94.7,-50.0,5.353,4895.8
66,admin.,divorced,university.degree,no,no,no,cellular,nov,thu,622,7,999,0,success,1.9,94.7,-50.0,5.276,4895.8
66,admin.,divorced,university.degree,no,no,no,cellular,nov,thu,372,5,999,0,success,1.9,94.7,-50.0,5.276,4895.8
61,admin.,divorced,basic.6y,no,no,no,cellular,may,mon,133,11,999,1,success,0.19999999999999996,94.393,-54.2,2.444,4799.1
48,admin.,married,professional.course,no,no,no,cellular,nov,fri,300,5,999,0,success,3.4,95.965,-49.8,6.167,4928.1
41,admin.,single,university.degree,no,no,no,cellular,nov,tue,282,6,999,0,nonexistent,3.1,95.494,-44.4,6.057,4891.0
52,admin.,married,university.degree,unknown,unknown,unknown,cellular,nov,wed,664,6,999,0,success,3.1,95.494,-44.4,6.057,4891.0
55,admin.,single,professional.course,no,yes,no,telephone,nov,mon,341,8,999,0,success,3.4,95.965,-49.8,6.065,4928.1
43,admin.,single,university.degree,no,no,no,cellular,nov,thu,244,7,999,0,success,3.4,95.418,-50.7,6.168,4928.1
68,admin.,married,professional.course,no,yes,no,cellular,nov,fri,140,11,999,0,success,1.9,94.7,-50.0,5.221,4895.8
71,admin.,married,university.degree,no,yes,yes,cellular,nov,fri,1085,6,999,0,success,0.19999999999999996,94.393,-54.2,2.45,4799.1
53,admin.,single,university.degree,unknown,yes,yes,cellular,nov,thu,422,5,999,0,nonexistent,3.4,95.418,-50.7,6.166,4928.1
60,admin.,divorced,basic.4y,no,no,no,cellular,nov,wed,277,5,999,0,success,3.4,95.418,-50.7,6.162,4928.1
62,admin.,married,basic.4y,unknown,unknown,unknown,telephone,nov,wed,914,6,999,0,success,3.1,95.494,-44.4,6.056,4891.0
55,admin.,divorced,professional.course,no,no,no,cellular,nov,mon,392,5,999,0,success,3.1,95.494,-44.4,6.057,4891.0
40,admin.,single,basic.4y,no,no,no,cellular,nov,tue,154,5,999,0,success,3.1,95.494,-44.4,6.057,4891.0
52,admin.,married,university.degree,no,no,no,cellular,nov,tue,325,9,999,0,nonexistent,1.9,94.7,-50.0,5.353,4895.8
54,admin.,married,high.school,no,yes,no,cellular,nov,thu,467,5,999,0,success,1.9,94.7,-50.0,5.276,4895.8
56,self-employed,married,university.degree,no,no,no,cellular,nov,mon,363,7,999,0,success,3.4,94.944,-44.1,6.163,4928.1
68,admin.,married,high.school,no,no,no,cellular,nov,fri,302,6,999,0,success,0.19999999999999996,94.393,-54.2,2.45,4799.1
73,admin.,married,basic.4y,no,yes,no,cellular,nov,fri,518,7,999,0,nonexistent,3.4,95.965,-49.8,6.159,4928.1
51,admin.,married,unknown,no,yes,no,cellular,may,thu,748,5,999,1,success,0.19999999999999996,94.393,-54.2,2.527,4799.1
40,admin.,single,high.school,no,yes,no,cellular,nov,thu,872,8,999,0,success,3.4,95.418,-50.7,6.163,4928.1
60,admin.,married,basic.4y,unknown,yes,yes,telephone,jun,fri,154,7,999,0,success,3.4,95.965,-49.8,6.159,4928.1
59,admin.,divorced,basic.9y,unknown,yes,yes,cellular,nov,tue,818,6,999,0,nonexistent,3.1,95.494,-44.4,6.057,4891.0
46,admin.,married,basic.4y,unknown,yes,no,telephone,nov,wed,539,5,999,0,success,3.4,95.965,-49.8,6.064,4928.1
46,admin.,married,professional.course,no,no,no,telephone,may,wed,583,6,999,0,nonexistent,3.1,95.494,-44.4,6.058,4891.0
50,admin.,single,professional.course,no,yes,no,cellular,nov,mon,397,7,999,0,success,3.4,95.418,-50.7,6.162,4928.1
51,admin.,single,university.degree,no,yes,no,cellular,nov,thu,336,5,999,0,success,1.9,94.7,-50.0,5.276,4895.8
49,admin.,married,basic.9y,no,yes,no,cellular,nov,fri,557,5,999,0,success,3.1,95.494,-44.4,6.057,4891.0
47,admin.,single,university.degree,no,unknown,unknown,cellular,nov,mon,219,6,999,0,success,3.4,95.418,-50.7,6.162,4928.1
62,admin.,married,professional.course,no,yes,no,cellular,nov,wed,365,6,999,0,success,3.4,94.944,-44.1,6.165,4928.1
48,admin.,married,university.degree,no,no,no,cellular,nov,fri,224,5,999,0,success,3.4,94.944,-44.1,6.166,4928.1
41,admin.,married,basic.9y,no,no,no,cellular,nov,mon,534,7,999,0,success,3.4,95.965,-49.8,6.065,4928.1
100,admin.,married,basic.4y,no,no,no,cellular,nov,mon,349,6,999,0,success,0.8999999999999999,95.699,-45.5,2.082,4663.6
46,admin.,married,university.degree,no,no,no,telephone,nov,thu,581,6,999,0,nonexistent,3.4,95.965,-49.8,6.066,4928.1
46,admin.,divorced,basic.9y,no,yes,yes,cellular,nov,wed,338,6,999,0,success,3.4,95.965,-49.8,6.064,4928.1
61,admin.,divorced,high.school,unknown,yes,no,cellular,nov,tue,757,6,999,0,success,3.1,95.494,-44.4,6.056,4891.0
72,admin.,married,basic.4y,no,yes,yes,cellular,nov,tue,412,7,999,0,success,-0.8999999999999999,94.463,-48.8,2.452,4776.2
47,admin.,single,professional.course,no,no,no,cellular,may,thu,2028,6,999,0,success,0.19999999999999996,94.393,-54.2,2.466,4799.1
41,admin.,single,high.school,no,yes,no,cellular,nov,mon,527,6,999,0,success,0.19999999999999996,94.393,-54.2,2.444,4799.1
61,admin.,married,basic.9y,no,yes,no,telephone,may,fri,2163,6,999,0,success,3.1,95.494,-44.4,6.059,4891.0
53,admin.,single,unknown,no,yes,yes,cellular,nov,tue,219,7,999,0,nonexistent,3.4,95.418,-50.7,6.1610000000000005,4928.1
38,admin.,single,basic.9y,no,no,no,cellular,nov,thu,422,5,999,0,success,3.4,95.418,-50.7,6.163,4928.1
50,admin.,divorced,basic.4y,no,yes,no,cellular,nov,tue,813,7,4,2,success,0.8999999999999999,96.267,-58.8,2.235,4663.6
61,admin.,divorced,basic.9y,no,yes,no,telephone,jun,tue,536,6,999,0,success,3.4,95.965,-49.8,6.064,4928.1
55,admin.,divorced,professional.course,no,unknown,unknown,cellular,aug,tue,244,7,999,0,success,3.4,94.944,-44.1,6.165,4928.1
46,admin.,single,university.degree,no,yes,no,cellular,nov,tue,957,10,999,0,success,3.4,94.944,-44.1,6.166,4928.1
58,admin.,married,professional.course,no,yes,yes,cellular,nov,thu,3216,5,999,0,success,0.30000000000000004,95.555,-47.8,1.9289999999999998,4691.6
66,admin.,divorced,basic.6y,unknown,no,yes,cellular,nov,wed,325,7,999,0,success,3.1,95.494,-44.4,6.056,4891.0
71,admin.,married,basic.9y,no,yes,no,cellular,nov,tue,1814,7,999,0,nonexistent,3.4,95.965,-49.8,6.064,4928.1
44,admin.,unknown,high.school,no,yes,no,cellular,nov,wed,1085,5,999,0,success,3.4,94.944,-44.1,6.165,4928.1
72,admin.,married,university.degree,no,yes,no,cellular,nov,thu,259,6,999,0,success,3.4,94.944,-44.1,6.162,4928.1
62,admin.,married,basic.6y,no,no,yes,cellular,jul,mon,1794,5,999,0,success,3.4,95.418,-50.7,6.16,4928.1
65,management,married,professional.course,unknown,no,no,cellular,nov,wed,417,8,999,0,success,3.4,94.944,-44.1,6.164000000000001,4928.1
51,admin.,married,basic.9y,unknown,yes,no,cellular,nov,thu,496,5,999,0,nonexistent,3.4,95.418,-50.7,6.163,4928.1
48,admin.,married,university.degree,no,no,no,cellular,apr,thu,399,5,999,0,success,0.19999999999999996,94.575,-55.1,2.606,4799.1
54,management,married,basic.4y,unknown,yes,no,cellular,nov,thu,889,6,999,1,success,0.19999999999999996,94.393,-54.2,2.466,4799.1
48,admin.,married,basic.9y,no,no,no,cellular,nov,tue,273,5,999,0,success,3.1,95.494,-44.4,6.056,4891.0
39,admin.,single,professional.course,no,yes,no,cellular,nov,mon,480,7,999,1,success,0.19999999999999996,94.575,-55.1,2.605,4799.1
54,admin.,single,high.school,no,no,no,cellular,aug,thu,583,5,999,0,success,3.4,94.944,-44.1,6.168,4928.1
54,admin.,single,professional.course,unknown,no,no,cellular,nov,mon,476,5,999,0,nonexistent,3.4,94.944,-44.1,6.17,4928.1
62,admin.,married,high.school,no,yes,yes,cellular,nov,thu,6100,5,999,0,success,3.4,94.944,-44.1,6.164000000000001,4928.1
36,student,single,university.degree,no,no,no,cellular,nov,fri,1007,6,999,0,success,-0.8999999999999999,94.463,-48.8,2.468,4776.2
66,admin.,single,university.degree,no,yes,no,cellular,nov,tue,442,15,999,0,success,3.4,94.944,-44.1,6.165,4928.1
45,admin.,married,professional.course,unknown,yes,no,cellular,nov,wed,593,5,999,0,success,3.1,95.494,-44.4,6.056,4891.0
54,admin.,married,university.degree,no,yes,no,cellular,sep,thu,644,7,999,0,success,0.8999999999999999,95.699,-45.5,2.084,4663.6
49,admin.,single,unknown,no,yes,no,cellular,nov,thu,430,5,999,1,success,0.19999999999999996,94.393,-54.2,2.527,4799.1
62,admin.,single,basic.6y,unknown,yes,yes,cellular,nov,mon,896,7,999,0,success,3.4,95.418,-50.7,6.162,4928.1
59,admin.,divorced,university.degree,no,no,no,cellular,nov,fri,2084,5,999,1,success,0.19999999999999996,94.575,-55.1,2.6790000000000003,4799.1
46,admin.,married,basic.9y,no,yes,no,cellular,nov,thu,430,5,999,0,nonexistent,0.19999999999999996,94.575,-55.1,2.61,4799.1
52,admin.,single,basic.9y,unknown,yes,no,cellular,nov,wed,1184,5,999,0,success,3.1,95.494,-44.4,6.056,4891.0
65,admin.,married,university.degree,no,yes,no,cellular,nov,fri,300,6,999,0,success,1.9,94.7,-50.0,5.221,4895.8
50,admin.,married,basic.9y,unknown,yes,no,cellular,nov,thu,628,5,999,1,success,0.19999999999999996,94.393,-54.2,2.527,4799.1
43,blue-collar,married,basic.6y,no,no,no,cellular,nov,mon,480,6,999,0,success,0.19999999999999996,94.393,-54.2,2.4989999999999997,4799.1
59,admin.,married,basic.9y,no,yes,no,cellular,nov,thu,455,5,999,0,success,3.4,95.418,-50.7,6.163,4928.1
45,admin.,married,basic.9y,no,no,no,cellular,nov,mon,473,8,999,0,success,3.4,95.418,-50.7,6.162,4928.1
56,admin.,divorced,university.degree,no,no,no,cellular,aug,thu,275,5,999,0,success,3.4,94.944,-44.1,6.168,4928.1
44,admin.,single,university.degree,no,yes,no,cellular,aug,fri,313,5,999,0,success,-0.8999999999999999,93.701,-39.4,2.081,4776.2
42,admin.,single,university.degree,no,no,no,cellular,nov,wed,1774,6,999,0,success,3.4,95.418,-50.7,6.162,4928.1
44,admin.,single,professional.course,no,yes,no,cellular,nov,wed,313,7,999,0,nonexistent,1.9,94.7,-50.0,5.32,4895.8
56,admin.,divorced,professional.course,no,no,no,cellular,nov,thu,268,9,999,0,success,3.4,95.418,-50.7,6.163,4928.1
49,admin.,single,university.degree,no,no,yes,cellular,nov,tue,273,5,999,0,success,-1.4,94.149,-38.1,1.915,4717.5
59,admin.,divorced,basic.9y,no,no,no,cellular,nov,wed,586,7,999,0,success,0.19999999999999996,94.393,-54.2,2.481,4799.1
58,admin.,married,basic.9y,no,no,no,cellular,nov,thu,701,5,999,0,success,3.1,95.494,-44.4,6.055000000000001,4891.0
65,admin.,married,basic.9y,unknown,no,no,cellular,may,thu,259,6,999,0,success,3.1,95.494,-44.4,6.055000000000001,4891.0
52,admin.,married,professional.course,no,yes,no,telephone,nov,mon,986,5,999,0,success,0.19999999999999996,95.249,-42.6,1.842,4708.7
51,admin.,single,high.school,no,yes,no,cellular,nov,wed,509,8,999,0,success,0.19999999999999996,94.393,-54.2,2.481,4799.1
48,admin.,married,basic.9y,unknown,yes,no,cellular,nov,fri,905,8,999,0,success,3.4,95.418,-50.7,6.159,4928.1
35,admin.,single,unknown,no,yes,no,cellular,nov,wed,503,5,999,0,success,-0.8999999999999999,94.463,-48.8,2.46,4776.2
46,admin.,single,university.degree,no,no,no,telephone,nov,fri,277,6,999,0,success,3.4,95.418,-50.7,6.163,4928.1
74,technician,single,basic.6y,no,no,no,cellular,aug,tue,446,5,999,0,success,-0.8999999999999999,93.701,-39.4,2.083,4776.2
52,admin.,single,professional.course,unknown,no,yes,cellular,nov,mon,255,7,999,0,success,3.4,95.965,-49.8,6.16,4928.1
50,admin.,single,university.degree,no,yes,no,cellular,nov,wed,638,6,999,0,success,3.4,95.418,-50.7,6.163,4928.1
40,admin.,single,basic.6y,unknown,no,no,cellular,nov,thu,278,5,999,0,success,3.4,95.418,-50.7,6.158,4928.1
39,admin.,single,professional.course,no,yes,no,cellular,jun,wed,187,6,999,0,success,3.4,95.965,-49.8,6.162,4928.1
58,technician,divorced,professional.course,unknown,unknown,unknown,cellular,nov,wed,448,6,999,0,nonexistent,3.1,95.494,-44.4,6.059,4891.0
57,admin.,single,high.school,no,no,no,cellular,nov,tue,766,10,999,0,success,3.1,95.494,-44.4,6.057,4891.0
48,admin.,single,professional.course,no,no,yes,cellular,nov,tue,2654,6,999,0,nonexistent,3.4,95.418,-50.7,6.1610000000000005,4928.1
72,admin.,married,basic.9y,no,no,no,cellular,nov,fri,289,6,999,0,success,0.19999999999999996,94.869,-42.8,1.8359999999999999,4708.7
49,admin.,married,basic.4y,no,yes,yes,cellular,nov,thu,284,8,999,0,success,0.19999999999999996,94.575,-55.1,2.606,4799.1
59,admin.,married,university.degree,unknown,no,no,cellular,nov,fri,206,8,999,0,success,1.9,94.7,-50.0,5.221,4895.8
54,admin.,married,high.school,no,yes,no,cellular,nov,thu,1097,33,999,0,success,3.4,95.418,-50.7,6.168,4928.1
71,admin.,married,basic.9y,no,no,no,cellular,nov,tue,284,10,999,0,success,3.1,95.494,-44.4,6.056,4891.0
83,admin.,divorced,high.school,no,yes,yes,cellular,jul,wed,732,5,3,1,success,0.30000000000000004,95.715,-48.3,2.096,4691.6
48,admin.,married,university.degree,no,yes,no,cellular,nov,tue,692,6,3,3,success,-1.4,94.149,-38.1,1.915,4717.5
54,admin.,single,high.school,no,yes,no,cellular,mar,tue,300,6,999,0,nonexistent,0.19999999999999996,94.343,-58.0,2.887,4799.1
53,admin.,single,professional.course,unknown,yes,no,telephone,nov,mon,349,5,999,0,nonexistent,3.4,95.965,-49.8,6.065,4928.1
58,admin.,married,basic.4y,no,yes,no,cellular,nov,tue,1429,8,999,0,success,1.9,94.7,-50.0,5.353,4895.8
71,admin.,married,basic.4y,no,yes,no,cellular,nov,tue,332,9,999,0,success,3.4,95.418,-50.7,6.1610000000000005,4928.1
67,admin.,married,basic.9y,no,no,no,cellular,nov,mon,329,10,999,0,nonexistent,3.4,95.418,-50.7,6.16,4928.1
58,admin.,married,basic.9y,unknown,no,no,cellular,nov,wed,293,5,999,0,success,3.4,95.418,-50.7,6.157,4928.1
56,admin.,married,university.degree,no,yes,no,cellular,nov,fri,574,8,999,0,success,0.8999999999999999,96.267,-58.8,2.24,4663.6
52,admin.,divorced,basic.9y,unknown,no,no,telephone,nov,tue,325,5,999,1,success,1.9,94.7,-50.0,5.353,4895.8
60,admin.,single,basic.9y,no,yes,no,cellular,jun,fri,649,6,999,0,success,3.4,95.965,-49.8,6.159,4928.1
43,admin.,single,university.degree,no,no,no,telephone,nov,thu,1292,9,999,0,success,3.4,95.965,-49.8,6.158,4928.1
62,admin.,married,university.degree,unknown,no,no,cellular,nov,tue,484,5,999,0,success,3.1,95.494,-44.4,6.056,4891.0
50,admin.,married,high.school,unknown,no,no,cellular,nov,mon,761,7,999,0,success,3.4,95.418,-50.7,6.162,4928.1
62,admin.,single,unknown,no,yes,no,cellular,nov,tue,284,6,999,0,success,3.4,95.418,-50.7,6.1610000000000005,4928.1
49,admin.,married,basic.6y,no,no,no,cellular,nov,thu,1420,5,999,0,success,3.4,95.965,-49.8,6.1610000000000005,4928.1
71,admin.,married,university.degree,no,yes,no,cellular,nov,thu,424,6,3,2,success,-1.4,93.879,-37.8,1.978,4717.5
46,admin.,single,university.degree,no,yes,yes,cellular,nov,thu,313,5,999,0,success,3.4,95.418,-50.7,6.163,4928.1
50,admin.,single,university.degree,no,yes,no,cellular,nov,thu,818,6,999,0,nonexistent,0.19999999999999996,95.249,-42.6,1.859,4708.7
44,technician,single,university.degree,no,yes,yes,cellular,nov,fri,2188,6,999,0,success,3.4,95.965,-49.8,6.159,4928.1
48,admin.,married,professional.course,no,no,no,cellular,may,fri,489,5,999,0,success,3.1,95.494,-44.4,6.055000000000001,4891.0
65,admin.,married,university.degree,unknown,no,no,cellular,nov,wed,556,6,999,0,success,3.4,95.965,-49.8,6.162,4928.1
48,admin.,single,high.school,no,yes,no,cellular,nov,tue,363,5,999,0,nonexistent,0.19999999999999996,94.393,-54.2,2.466,4799.1
56,admin.,single,basic.6y,unknown,no,no,cellular,nov,wed,286,5,999,0,success,3.4,95.418,-50.7,6.163,4928.1
72,admin.,divorced,university.degree,no,yes,no,cellular,nov,thu,430,6,999,0,success,1.9,94.7,-50.0,5.276,4895.8
50,admin.,single,basic.4y,unknown,yes,no,cellular,nov,mon,640,9,999,0,success,0.19999999999999996,94.393,-54.2,2.4989999999999997,4799.1
43,student,single,basic.9y,no,yes,no,cellular,nov,tue,293,6,999,0,nonexistent,0.19999999999999996,94.343,-58.0,2.9989999999999997,4799.1
55,admin.,married,university.degree,no,yes,no,cellular,jul,tue,350,5,999,0,success,3.4,95.418,-50.7,6.1610000000000005,4928.1
42,admin.,single,high.school,unknown,no,no,cellular,nov,fri,624,5,999,0,success,3.1,95.494,-44.4,6.055000000000001,4891.0
40,admin.,married,high.school,unknown,yes,yes,telephone,nov,mon,307,6,999,0,success,3.1,95.494,-44.4,6.058,4891.0
63,services,married,high.school,unknown,yes,no,cellular,nov,tue,460,5,999,0,success,3.1,95.494,-44.4,6.056,4891.0
44,admin.,single,professional.course,no,no,no,cellular,aug,thu,338,7,999,0,success,3.4,94.944,-44.1,6.162,4928.1
72,technician,married,basic.9y,no,yes,no,cellular,nov,tue,862,5,999,0,success,3.1,95.494,-44.4,6.056,4891.0
74,admin.,married,professional.course,no,yes,no,cellular,nov,fri,665,6,3,2,success,0.30000000000000004,95.527,-46.3,2.105,4691.6
62,admin.,married,university.degree,no,yes,no,cellular,aug,tue,991,5,999,0,success,3.4,94.944,-44.1,6.165,4928.1
67,blue-collar,single,basic.4y,no,unknown,unknown,cellular,nov,wed,1000,6,999,0,success,3.1,95.494,-44.4,6.057,4891.0
53,admin.,single,basic.9y,no,no,yes,telephone,nov,thu,318,7,999,0,success,3.1,95.494,-44.4,6.0600000000000005,4891.0
49,admin.,married,basic.9y,no,no,no,cellular,nov,wed,1211,5,999,0,success,3.1,95.494,-44.4,6.059,4891.0
39,admin.,single,basic.9y,no,yes,no,cellular,nov,wed,518,6,999,0,nonexistent,0.19999999999999996,94.393,-54.2,2.481,4799.1
62,admin.,married,university.degree,no,yes,no,cellular,aug,mon,377,6,999,0,success,-0.8999999999999999,93.701,-39.4,2.043,4776.2
83,retired,married,basic.4y,unknown,yes,no,cellular,nov,mon,809,7,999,0,success,0.30000000000000004,95.555,-47.8,1.954,4691.6
49,services,married,high.school,unknown,no,yes,cellular,nov,tue,160,9,999,0,success,0.19999999999999996,94.393,-54.2,2.4909999999999997,4799.1
47,admin.,married,high.school,no,no,yes,cellular,nov,fri,286,6,999,0,success,3.1,95.494,-44.4,6.055000000000001,4891.0
51,admin.,divorced,university.degree,no,yes,no,cellular,nov,thu,475,5,999,0,success,3.4,94.944,-44.1,6.168,4928.1
89,admin.,divorced,basic.4y,no,yes,no,cellular,nov,mon,376,6,999,0,success,0.19999999999999996,95.249,-42.6,1.843,4708.7
60,admin.,married,basic.9y,no,no,no,cellular,may,mon,781,6,999,0,success,3.1,95.494,-44.4,6.057,4891.0
56,admin.,married,basic.4y,no,yes,no,cellular,nov,wed,455,6,999,0,success,0.19999999999999996,94.393,-54.2,2.481,4799.1
54,admin.,married,basic.4y,no,no,no,cellular,may,thu,419,7,999,1,success,0.19999999999999996,94.393,-54.2,2.527,4799.1
58,admin.,single,high.school,no,no,no,cellular,nov,thu,496,6,999,0,nonexistent,0.19999999999999996,94.393,-54.2,2.527,4799.1
66,admin.,divorced,basic.4y,no,yes,no,cellular,nov,wed,431,5,999,0,success,3.4,95.418,-50.7,6.162,4928.1
44,admin.,single,university.degree,no,no,no,cellular,nov,mon,426,5,999,0,nonexistent,0.19999999999999996,94.393,-54.2,2.464,4799.1
51,admin.,single,university.degree,no,no,no,cellular,nov,tue,280,7,999,0,success,0.19999999999999996,94.393,-54.2,2.4909999999999997,4799.1
65,admin.,married,university.degree,no,yes,no,cellular,nov,fri,349,5,999,0,success,3.4,95.418,-50.7,6.162,4928.1
64,admin.,married,high.school,unknown,yes,no,cellular,nov,thu,419,5,999,0,success,3.1,95.494,-44.4,6.0600000000000005,4891.0
44,admin.,single,university.degree,no,yes,no,cellular,nov,mon,421,6,999,1,success,0.30000000000000004,95.555,-47.8,1.92,4691.6
70,admin.,married,basic.9y,no,yes,no,cellular,nov,tue,401,5,999,0,success,-1.4,93.931,-34.9,1.928,4717.5
45,admin.,single,university.degree,no,no,no,cellular,nov,mon,761,5,999,0,success,3.4,94.944,-44.1,6.165,4928.1
63,admin.,married,university.degree,no,yes,no,cellular,nov,thu,462,6,999,0,success,3.1,95.494,-44.4,6.0600000000000005,4891.0
73,admin.,married,high.school,no,yes,no,cellular,nov,mon,323,8,999,0,success,0.19999999999999996,94.869,-42.8,1.835,4708.7
49,admin.,single,university.degree,no,no,no,cellular,nov,wed,494,5,999,0,success,3.4,95.418,-50.7,6.163,4928.1
52,admin.,married,basic.4y,unknown,yes,no,cellular,nov,wed,385,7,999,0,success,3.1,95.494,-44.4,6.059,4891.0
43,admin.,single,university.degree,no,no,yes,cellular,nov,thu,287,5,999,0,success,3.4,95.418,-50.7,6.163,4928.1
69,admin.,married,university.degree,no,yes,no,cellular,nov,fri,939,6,999,0,success,-1.4,94.149,-38.1,1.916,4717.5
52,admin.,married,basic.9y,no,no,no,cellular,may,tue,259,5,999,0,success,3.1,95.494,-44.4,6.057,4891.0
44,admin.,single,professional.course,no,no,no,cellular,nov,fri,829,9,999,0,success,1.9,94.7,-50.0,5.221,4895.8
44,admin.,married,basic.9y,no,yes,no,cellular,nov,wed,305,5,999,0,nonexistent,1.9,94.7,-50.0,5.32,4895.8
51,admin.,married,basic.9y,no,yes,no,cellular,apr,mon,874,6,999,1,success,0.19999999999999996,94.575,-55.1,2.605,4799.1
47,technician,single,professional.course,unknown,unknown,unknown,cellular,nov,fri,251,8,999,0,success,3.4,94.944,-44.1,6.164000000000001,4928.1
61,admin.,married,high.school,no,no,yes,cellular,nov,fri,525,8,999,0,success,3.1,95.494,-44.4,6.057,4891.0
52,admin.,single,university.degree,no,no,yes,cellular,nov,wed,682,9,999,0,success,3.4,95.418,-50.7,6.163,4928.1
49,admin.,married,university.degree,no,no,no,cellular,nov,wed,271,8,999,0,success,-0.8999999999999999,94.463,-48.8,2.444,4776.2
71,admin.,divorced,professional.course,unknown,yes,no,telephone,nov,mon,341,6,999,0,success,3.4,95.965,-49.8,6.1610000000000005,4928.1
52,admin.,married,high.school,no,no,no,cellular,nov,wed,1049,6,999,1,failure,-1.4,94.149,-38.1,1.915,4717.5
53,admin.,married,professional.course,no,yes,no,cellular,nov,thu,217,5,999,0,success,0.19999999999999996,94.575,-55.1,2.61,4799.1
44,admin.,single,high.school,no,yes,no,cellular,nov,tue,349,5,999,0,success,1.9,94.7,-50.0,5.353,4895.8
52,admin.,married,basic.9y,no,no,no,cellular,nov,wed,485,6,999,0,success,3.4,95.965,-49.8,6.159,4928.1
44,admin.,single,high.school,no,yes,no,cellular,nov,mon,334,5,999,0,success,0.19999999999999996,94.393,-54.2,2.444,4799.1
63,admin.,married,basic.9y,no,yes,no,cellular,nov,wed,313,8,999,0,nonexistent,3.4,95.418,-50.7,6.163,4928.1
55,admin.,married,university.degree,no,no,no,cellular,nov,thu,597,7,999,0,success,3.4,95.965,-49.8,6.158,4928.1
54,admin.,married,university.degree,no,yes,no,cellular,nov,fri,275,5,999,0,nonexistent,3.1,95.494,-44.4,6.064,4891.0
71,blue-collar,married,basic.9y,unknown,yes,no,cellular,may,fri,1389,5,999,0,success,0.19999999999999996,94.393,-54.2,2.513,4799.1
43,admin.,single,high.school,no,yes,yes,cellular,nov,thu,602,5,999,0,success,0.19999999999999996,94.575,-55.1,2.683,4799.1
75,admin.,married,basic.6y,no,no,no,cellular,nov,mon,262,5,999,0,success,3.4,94.944,-44.1,6.17,4928.1
67,admin.,married,high.school,no,yes,no,cellular,jul,wed,874,6,999,0,success,3.4,95.418,-50.7,6.157,4928.1
67,admin.,married,basic.4y,unknown,yes,no,telephone,nov,thu,406,6,999,0,success,3.4,95.965,-49.8,6.158,4928.1
49,admin.,divorced,university.degree,no,no,no,cellular,nov,thu,1337,5,999,0,success,3.4,95.418,-50.7,6.166,4928.1
55,admin.,divorced,university.degree,no,yes,yes,cellular,nov,wed,237,5,999,0,success,3.4,94.944,-44.1,6.167,4928.1
45,admin.,married,high.school,no,yes,no,cellular,nov,thu,255,6,999,0,success,1.9,94.7,-50.0,5.276,4895.8
67,admin.,divorced,university.degree,no,yes,no,telephone,nov,fri,561,7,999,0,success,3.4,95.965,-49.8,6.159,4928.1
65,admin.,married,professional.course,no,yes,no,cellular,nov,fri,806,5,999,1,success,1.9,94.7,-50.0,5.221,4895.8
67,admin.,married,professional.course,unknown,no,no,cellular,nov,wed,514,5,999,0,success,3.4,94.944,-44.1,6.167,4928.1
58,admin.,divorced,university.degree,unknown,yes,no,telephone,nov,tue,773,8,999,0,success,3.4,95.965,-49.8,6.158,4928.1
49,admin.,married,basic.9y,unknown,yes,no,cellular,nov,thu,194,5,999,1,success,0.19999999999999996,94.393,-54.2,2.527,4799.1
50,management,married,university.degree,no,no,no,cellular,may,thu,1195,7,999,0,success,0.19999999999999996,94.393,-54.2,2.527,4799.1
55,admin.,single,university.degree,no,no,yes,cellular,may,mon,1090,5,999,0,success,3.1,95.494,-44.4,6.057,4891.0
54,admin.,single,high.school,no,yes,no,cellular,nov,fri,770,5,999,0,success,3.4,95.418,-50.7,6.162,4928.1
61,admin.,single,high.school,no,yes,no,cellular,nov,mon,478,6,999,2,failure,0.8999999999999999,96.267,-58.8,2.248,4663.6
47,admin.,single,university.degree,no,no,no,cellular,apr,wed,318,5,999,0,success,0.19999999999999996,94.575,-55.1,2.615,4799.1
51,admin.,single,professional.course,no,yes,no,cellular,nov,thu,230,7,999,0,success,1.9,94.7,-50.0,5.276,4895.8
57,admin.,married,university.degree,no,yes,no,cellular,nov,thu,410,6,999,0,success,3.4,94.944,-44.1,6.162,4928.1
46,admin.,married,professional.course,no,no,no,cellular,nov,mon,1112,7,999,1,success,0.19999999999999996,94.575,-55.1,2.666,4799.1
52,admin.,married,university.degree,no,no,no,cellular,nov,tue,476,10,999,0,success,3.4,95.965,-49.8,6.1610000000000005,4928.1
48,admin.,single,high.school,unknown,yes,no,telephone,nov,mon,224,9,999,0,success,0.19999999999999996,94.575,-55.1,2.605,4799.1
51,admin.,married,high.school,no,no,no,cellular,nov,tue,2543,5,999,0,success,0.19999999999999996,94.393,-54.2,2.466,4799.1
88,admin.,divorced,basic.4y,no,yes,no,cellular,nov,mon,349,6,999,3,failure,-1.4,93.931,-34.9,1.931,4717.5
62,admin.,married,basic.9y,no,yes,no,cellular,nov,thu,1839,8,999,0,nonexistent,3.4,95.965,-49.8,6.066,4928.1
65,admin.,married,basic.9y,no,yes,no,cellular,nov,thu,629,7,999,0,success,3.1,95.494,-44.4,6.055000000000001,4891.0
54,admin.,divorced,university.degree,no,no,no,cellular,may,fri,219,8,999,0,success,0.19999999999999996,94.393,-54.2,2.45,4799.1
61,admin.,married,professional.course,no,no,no,cellular,jun,tue,255,7,999,0,nonexistent,3.4,95.965,-49.8,6.1610000000000005,4928.1
49,admin.,married,university.degree,unknown,yes,no,cellular,nov,mon,737,6,999,0,success,3.4,94.944,-44.1,6.165,4928.1
55,admin.,married,high.school,unknown,yes,no,cellular,nov,fri,151,14,999,0,success,3.4,95.965,-49.8,6.159,4928.1
56,blue-collar,married,basic.4y,unknown,yes,no,cellular,nov,fri,451,8,999,0,nonexistent,0.19999999999999996,94.575,-55.1,2.605,4799.1
68,retired,married,basic.9y,no,no,no,cellular,nov,wed,359,8,999,0,success,0.19999999999999996,94.393,-54.2,2.481,4799.1
50,admin.,married,university.degree,no,yes,no,cellular,nov,wed,660,5,999,0,success,-1.4,93.931,-34.9,1.924,4717.5
53,blue-collar,married,basic.4y,no,unknown,unknown,cellular,nov,thu,374,5,999,0,nonexistent,0.19999999999999996,94.393,-54.2,2.466,4799.1
75,admin.,married,basic.4y,no,yes,no,cellular,jun,tue,1380,7,999,1,success,0.30000000000000004,95.555,-47.8,1.923,4691.6
71,self-employed,married,basic.9y,no,yes,no,cellular,nov,wed,194,11,999,0,nonexistent,3.4,94.944,-44.1,6.164000000000001,4928.1
48,blue-collar,single,basic.9y,no,yes,no,cellular,nov,fri,507,5,999,0,success,3.1,95.494,-44.4,6.055000000000001,4891.0
54,admin.,married,basic.9y,no,yes,no,cellular,nov,fri,406,5,999,0,success,3.1,95.494,-44.4,6.064,4891.0
43,admin.,single,basic.9y,no,yes,no,cellular,nov,wed,1065,5,999,0,nonexistent,3.4,95.965,-49.8,6.064,4928.1
62,admin.,married,unknown,no,yes,no,cellular,nov,mon,300,5,999,0,success,0.19999999999999996,94.393,-54.2,2.4989999999999997,4799.1
53,admin.,divorced,professional.course,no,yes,no,cellular,nov,fri,502,12,999,0,nonexistent,3.4,95.965,-49.8,6.159,4928.1
50,admin.,divorced,basic.4y,no,yes,yes,cellular,nov,wed,899,7,999,0,success,3.1,95.494,-44.4,6.057,4891.0
51,admin.,married,unknown,no,yes,no,cellular,may,thu,165,5,999,0,success,0.19999999999999996,94.393,-54.2,2.527,4799.1
51,admin.,married,university.degree,no,yes,no,cellular,nov,wed,298,6,999,0,success,3.4,95.418,-50.7,6.162,4928.1
70,blue-collar,married,basic.9y,no,yes,no,cellular,nov,wed,701,8,999,0,success,3.1,95.494,-44.4,6.059,4891.0
58,technician,married,professional.course,no,no,no,cellular,apr,thu,595,5,999,0,nonexistent,0.19999999999999996,94.575,-55.1,2.635,4799.1
67,admin.,married,university.degree,no,no,no,cellular,nov,thu,782,11,999,0,nonexistent,3.4,95.418,-50.7,6.168,4928.1
49,admin.,married,basic.6y,no,yes,no,cellular,nov,mon,133,9,999,0,success,0.19999999999999996,94.575,-55.1,2.605,4799.1
64,technician,divorced,basic.9y,no,no,no,cellular,nov,wed,525,9,999,0,nonexistent,1.9,94.7,-50.0,5.32,4895.8
48,admin.,married,university.degree,no,yes,no,cellular,nov,thu,221,7,999,0,success,3.1,95.494,-44.4,6.0600000000000005,4891.0
68,technician,married,high.school,no,yes,no,cellular,nov,tue,1090,6,999,0,nonexistent,0.19999999999999996,94.869,-42.8,1.855,4708.7
40,admin.,single,unknown,no,yes,no,cellular,nov,tue,1049,5,13,2,success,0.30000000000000004,95.555,-47.8,1.902,4691.6
66,admin.,divorced,high.school,no,no,no,cellular,nov,tue,419,8,999,0,success,3.4,95.418,-50.7,6.1610000000000005,4928.1
48,admin.,married,university.degree,no,yes,no,cellular,nov,tue,214,5,999,0,success,1.9,94.7,-50.0,5.353,4895.8
74,admin.,divorced,basic.4y,no,yes,no,cellular,nov,fri,363,6,999,0,success,3.4,95.965,-49.8,6.147,4928.1
57,admin.,divorced,professional.course,no,yes,no,cellular,nov,mon,854,5,999,0,nonexistent,3.4,94.944,-44.1,6.17,4928.1
55,admin.,married,high.school,unknown,yes,no,cellular,may,fri,269,5,999,0,success,3.1,95.494,-44.4,6.057,4891.0
56,admin.,married,university.degree,no,no,no,cellular,nov,tue,953,5,999,0,nonexistent,0.19999999999999996,94.575,-55.1,2.653,4799.1
51,admin.,married,professional.course,no,yes,no,cellular,nov,thu,565,5,999,0,success,3.1,95.494,-44.4,6.0600000000000005,4891.0
51,admin.,single,university.degree,no,no,no,telephone,nov,thu,1546,7,999,0,success,3.1,95.494,-44.4,6.0600000000000005,4891.0
62,admin.,divorced,university.degree,unknown,no,no,cellular,nov,wed,354,6,999,0,success,0.19999999999999996,94.393,-54.2,2.481,4799.1
71,admin.,married,unknown,unknown,yes,no,telephone,nov,tue,1389,5,999,0,success,3.1,95.494,-44.4,6.056,4891.0
46,admin.,married,basic.9y,unknown,no,no,telephone,nov,thu,431,5,999,0,nonexistent,3.1,95.494,-44.4,6.0600000000000005,4891.0
49,admin.,married,basic.6y,no,no,no,cellular,nov,fri,548,7,999,0,success,3.4,95.965,-49.8,6.159,4928.1
59,blue-collar,married,basic.6y,unknown,no,no,cellular,nov,thu,685,5,999,0,success,3.4,94.944,-44.1,6.164000000000001,4928.1
68,admin.,married,basic.9y,no,yes,no,cellular,nov,tue,404,5,999,0,success,3.4,94.944,-44.1,6.166,4928.1
54,admin.,married,professional.course,no,no,no,cellular,aug,mon,259,5,999,0,nonexistent,3.4,94.944,-44.1,6.165,4928.1
61,admin.,married,basic.4y,unknown,yes,no,cellular,nov,wed,784,6,999,0,nonexistent,0.19999999999999996,94.393,-54.2,2.481,4799.1
46,admin.,married,university.degree,no,no,no,cellular,nov,fri,649,7,999,0,nonexistent,3.1,95.494,-44.4,6.064,4891.0
44,admin.,married,basic.9y,no,no,no,cellular,may,thu,284,5,999,0,success,0.19999999999999996,94.393,-54.2,2.466,4799.1
56,admin.,married,basic.6y,unknown,yes,no,cellular,nov,mon,142,12,999,1,failure,0.19999999999999996,94.393,-54.2,2.4989999999999997,4799.1
42,admin.,single,basic.9y,no,no,yes,cellular,nov,wed,723,6,999,0,success,0.19999999999999996,94.575,-55.1,2.645,4799.1
62,admin.,married,professional.course,no,no,no,telephone,nov,thu,574,5,999,0,nonexistent,3.4,95.965,-49.8,6.1610000000000005,4928.1
52,admin.,single,university.degree,no,no,no,cellular,nov,fri,232,5,999,0,success,3.4,94.944,-44.1,6.166,4928.1
63,admin.,divorced,professional.course,no,yes,no,cellular,nov,tue,768,8,999,0,success,3.4,95.418,-50.7,6.162,4928.1
51,admin.,married,university.degree,no,no,no,cellular,nov,tue,212,6,999,0,success,1.9,94.7,-50.0,5.353,4895.8
40,admin.,married,basic.9y,no,no,no,cellular,nov,thu,707,9,999,0,success,3.4,95.418,-50.7,6.163,4928.1
62,admin.,married,basic.9y,no,yes,no,cellular,nov,fri,136,11,999,0,success,3.4,95.965,-49.8,6.159,4928.1
53,admin.,single,high.school,no,yes,no,cellular,nov,wed,1123,5,999,0,success,0.19999999999999996,94.869,-42.8,1.855,4708.7
78,admin.,married,basic.4y,no,yes,no,cellular,nov,wed,658,5,3,1,success,-1.4,93.879,-37.8,1.9489999999999998,4717.5
56,admin.,married,unknown,no,yes,no,cellular,aug,mon,534,5,999,0,nonexistent,3.4,94.944,-44.1,6.17,4928.1
51,admin.,single,university.degree,no,yes,no,cellular,sep,fri,730,5,999,1,success,-1.4,93.879,-37.8,1.9729999999999999,4717.5
46,admin.,married,university.degree,no,no,no,cellular,nov,tue,284,5,999,0,success,3.4,94.944,-44.1,6.163,4928.1
47,admin.,married,professional.course,no,no,no,cellular,nov,wed,1011,6,999,0,success,3.4,95.418,-50.7,6.163,4928.1
40,admin.,married,high.school,no,yes,no,telephone,nov,wed,595,6,999,0,success,3.4,95.965,-49.8,6.064,4928.1
58,admin.,married,university.degree,unknown,no,no,cellular,nov,tue,302,5,999,0,success,3.4,94.944,-44.1,6.166,4928.1
79,management,divorced,university.degree,no,no,yes,cellular,nov,thu,878,5,999,1,success,-1.0,94.213,-41.0,1.92,4723.5
35,admin.,single,high.school,no,no,no,cellular,nov,thu,745,6,999,0,success,-0.8999999999999999,93.701,-39.4,2.073,4776.2
73,admin.,married,unknown,unknown,yes,no,cellular,nov,tue,710,6,999,0,success,3.1,95.494,-44.4,6.057,4891.0
44,admin.,single,university.degree,no,no,no,cellular,nov,mon,462,6,999,0,success,0.19999999999999996,94.575,-55.1,2.605,4799.1
68,admin.,married,basic.4y,no,yes,no,cellular,nov,wed,314,6,999,0,success,3.4,94.944,-44.1,6.164000000000001,4928.1
61,retired,married,university.degree,no,no,no,cellular,may,thu,721,6,999,0,success,3.1,95.494,-44.4,6.0600000000000005,4891.0
46,admin.,single,university.degree,no,no,yes,cellular,nov,thu,1103,7,999,0,success,0.19999999999999996,94.393,-54.2,2.466,4799.1
65,admin.,married,university.degree,no,no,no,cellular,nov,fri,298,5,999,0,success,3.4,95.418,-50.7,6.162,4928.1
69,admin.,married,basic.6y,no,yes,no,cellular,nov,mon,217,5,999,0,success,0.19999999999999996,94.393,-54.2,2.4989999999999997,4799.1
45,admin.,married,university.degree,no,no,no,cellular,nov,mon,417,8,999,0,success,3.1,95.494,-44.4,6.057,4891.0
59,admin.,married,high.school,no,yes,no,cellular,nov,fri,521,6,999,0,nonexistent,3.1,95.494,-44.4,6.064,4891.0
43,admin.,single,professional.course,no,no,no,cellular,nov,fri,476,5,3,1,success,0.19999999999999996,94.393,-54.2,2.4589999999999996,4799.1
67,admin.,married,university.degree,no,yes,no,cellular,nov,fri,1537,7,3,3,success,0.19999999999999996,95.376,-48.0,1.884,4708.7
54,admin.,married,basic.6y,no,yes,no,cellular,nov,fri,192,5,999,0,nonexistent,3.4,95.418,-50.7,6.162,4928.1
72,admin.,married,professional.course,no,yes,no,cellular,nov,tue,885,5,999,0,success,3.4,95.418,-50.7,6.162,4928.1
44,admin.,single,university.degree,no,yes,no,cellular,may,wed,359,5,999,0,success,0.19999999999999996,94.393,-54.2,2.534,4799.1
40,admin.,single,university.degree,no,yes,no,cellular,nov,tue,287,6,999,0,success,-0.8999999999999999,94.463,-48.8,2.4619999999999997,4776.2
51,admin.,married,high.school,no,no,no,cellular,nov,mon,314,6,999,0,success,3.1,95.494,-44.4,6.057,4891.0
81,admin.,married,high.school,no,no,no,cellular,nov,tue,1232,5,999,0,success,0.19999999999999996,94.869,-42.8,1.846,4708.7
48,admin.,married,high.school,no,yes,no,cellular,nov,wed,361,5,999,0,success,3.4,95.418,-50.7,6.162,4928.1
47,admin.,married,university.degree,no,yes,no,cellular,nov,mon,392,5,999,0,nonexistent,3.4,94.944,-44.1,6.17,4928.1
49,admin.,single,university.degree,unknown,no,no,cellular,nov,wed,385,5,999,0,success,3.4,94.944,-44.1,6.167,4928.1
49,admin.,divorced,university.degree,no,yes,no,cellular,nov,wed,703,6,999,0,success,3.4,94.944,-44.1,6.165,4928.1
49,admin.,married,high.school,no,yes,no,telephone,may,tue,1301,5,999,0,nonexistent,3.1,95.494,-44.4,6.056,4891.0
72,admin.,married,basic.4y,unknown,no,no,cellular,nov,fri,181,10,999,0,success,3.4,94.944,-44.1,6.164000000000001,4928.1
71,admin.,married,university.degree,no,yes,yes,cellular,nov,mon,307,6,999,0,success,0.19999999999999996,94.343,-58.0,2.8289999999999997,4799.1
48,admin.,single,university.degree,no,yes,no,cellular,nov,tue,329,5,999,0,nonexistent,3.4,94.944,-44.1,6.163,4928.1
52,admin.,married,university.degree,no,no,no,cellular,nov,mon,359,8,999,0,success,0.30000000000000004,95.555,-47.8,1.954,4691.6
75,admin.,divorced,high.school,no,no,no,cellular,nov,fri,174,6,999,0,success,3.4,95.418,-50.7,6.157,4928.1
77,admin.,married,high.school,no,no,no,cellular,nov,mon,413,6,999,0,success,0.19999999999999996,94.343,-58.0,2.7199999999999998,4799.1
47,admin.,married,professional.course,no,no,yes,cellular,nov,tue,392,5,999,0,success,3.1,95.494,-44.4,6.057,4891.0
56,admin.,divorced,university.degree,no,yes,no,cellular,nov,fri,464,5,999,0,nonexistent,3.4,94.944,-44.1,6.166,4928.1
46,services,married,high.school,no,no,yes,cellular,nov,tue,631,7,999,1,success,0.19999999999999996,94.393,-54.2,2.544,4799.1
45,admin.,single,university.degree,no,no,no,cellular,jun,thu,701,5,999,0,nonexistent,-0.8999999999999999,94.463,-48.8,2.46,4776.2
57,admin.,married,high.school,no,yes,no,cellular,nov,wed,1490,5,999,0,success,3.4,95.418,-50.7,6.162,4928.1
43,entrepreneur,married,university.degree,no,no,no,cellular,nov,wed,296,5,999,0,nonexistent,3.4,95.418,-50.7,6.162,4928.1
56,admin.,married,basic.4y,unknown,yes,no,cellular,nov,fri,381,5,999,1,success,0.19999999999999996,94.575,-55.1,2.605,4799.1
52,admin.,married,high.school,unknown,yes,yes,cellular,nov,tue,473,5,999,0,nonexistent,3.1,95.494,-44.4,6.056,4891.0
51,admin.,married,basic.9y,no,yes,no,telephone,may,mon,255,6,999,0,success,3.1,95.494,-44.4,6.057,4891.0
45,admin.,single,basic.9y,no,no,yes,cellular,may,mon,460,5,999,0,nonexistent,0.19999999999999996,94.393,-54.2,2.4989999999999997,4799.1
59,admin.,married,professional.course,unknown,yes,no,cellular,aug,mon,385,5,999,0,nonexistent,3.4,94.944,-44.1,6.165,4928.1
75,admin.,married,basic.4y,no,no,no,cellular,nov,thu,1249,6,6,1,success,-1.4,94.149,-38.1,1.914,4717.5
55,management,married,university.degree,unknown,yes,no,cellular,nov,mon,764,6,999,0,success,3.1,95.494,-44.4,6.057,4891.0
40,student,single,unknown,unknown,no,no,cellular,nov,fri,566,5,999,0,success,-0.8999999999999999,93.701,-39.4,2.025,4776.2
70,admin.,married,professional.course,no,yes,no,cellular,nov,tue,448,5,999,0,success,-1.4,93.931,-34.9,1.942,4717.5
48,admin.,single,university.degree,no,yes,no,cellular,nov,thu,322,6,999,1,success,0.19999999999999996,94.393,-54.2,2.466,4799.1
45,admin.,married,university.degree,no,yes,no,cellular,nov,thu,264,7,999,0,success,0.19999999999999996,94.575,-55.1,2.683,4799.1
48,admin.,married,high.school,no,no,no,cellular,nov,wed,1664,5,999,0,nonexistent,3.1,95.494,-44.4,6.059,4891.0
60,admin.,divorced,high.school,no,yes,no,cellular,nov,mon,275,5,999,0,nonexistent,1.9,94.7,-50.0,5.391,4895.8
52,admin.,single,university.degree,unknown,yes,no,cellular,nov,tue,259,6,999,0,success,3.4,95.418,-50.7,6.1610000000000005,4928.1
52,admin.,married,professional.course,no,no,no,telephone,nov,thu,140,11,999,0,success,3.4,95.965,-49.8,6.1610000000000005,4928.1
54,admin.,married,basic.4y,no,yes,no,telephone,may,tue,529,7,999,0,success,3.1,95.494,-44.4,6.057,4891.0
45,admin.,married,high.school,no,no,no,cellular,nov,mon,910,5,999,0,success,-0.8999999999999999,94.463,-48.8,2.46,4776.2
64,admin.,single,university.degree,no,no,yes,cellular,nov,mon,721,7,999,0,nonexistent,-1.0,94.213,-41.0,1.9169999999999998,4723.5
58,admin.,divorced,unknown,unknown,yes,no,cellular,jul,tue,370,7,999,0,success,3.4,95.418,-50.7,6.1610000000000005,4928.1
38,admin.,single,professional.course,no,no,yes,cellular,apr,tue,880,8,999,0,success,0.19999999999999996,94.575,-55.1,2.623,4799.1
64,admin.,married,professional.course,no,yes,no,cellular,nov,wed,656,6,999,0,success,1.9,94.7,-50.0,5.32,4895.8
46,admin.,married,high.school,no,yes,no,cellular,nov,thu,746,5,999,0,success,0.19999999999999996,94.393,-54.2,2.466,4799.1
54,admin.,married,university.degree,no,yes,no,cellular,nov,thu,422,6,999,0,nonexistent,3.1,95.494,-44.4,6.055000000000001,4891.0
65,admin.,married,university.degree,no,yes,no,cellular,nov,fri,291,11,999,1,success,-0.8999999999999999,94.463,-48.8,2.468,4776.2
71,admin.,married,basic.9y,no,no,no,cellular,nov,thu,275,5,999,0,success,1.9,94.7,-50.0,5.276,4895.8
73,admin.,married,university.degree,unknown,no,no,cellular,nov,thu,489,6,999,0,success,3.1,95.494,-44.4,6.0600000000000005,4891.0
83,admin.,married,basic.4y,no,yes,no,cellular,nov,fri,439,5,999,0,success,0.19999999999999996,95.249,-42.6,1.8439999999999999,4708.7
54,admin.,married,university.degree,no,yes,yes,telephone,nov,tue,550,5,999,0,success,3.1,95.494,-44.4,6.057,4891.0
57,admin.,married,basic.6y,no,no,yes,cellular,nov,tue,896,5,999,0,success,0.19999999999999996,94.393,-54.2,2.4909999999999997,4799.1
46,admin.,married,basic.9y,no,yes,yes,cellular,nov,wed,331,5,999,0,success,1.9,94.7,-50.0,5.32,4895.8
61,admin.,divorced,university.degree,no,no,no,cellular,nov,mon,797,5,999,0,success,1.9,95.298,-48.4,6.112,4895.8
56,admin.,married,basic.4y,unknown,no,no,cellular,nov,tue,278,8,999,0,nonexistent,3.4,95.965,-49.8,6.064,4928.1
65,admin.,married,basic.4y,no,unknown,unknown,cellular,nov,wed,545,5,999,0,nonexistent,3.4,95.418,-50.7,6.157,4928.1
61,admin.,married,high.school,no,yes,yes,cellular,nov,wed,2741,7,999,0,success,3.4,94.944,-44.1,6.167,4928.1
63,unemployed,married,basic.4y,unknown,no,no,cellular,jul,tue,413,10,999,0,success,3.4,95.418,-50.7,6.1610000000000005,4928.1
48,admin.,married,basic.9y,unknown,no,no,cellular,jul,wed,512,7,999,0,nonexistent,3.4,95.418,-50.7,6.163,4928.1
51,admin.,single,high.school,no,no,no,cellular,nov,tue,460,5,999,0,success,0.19999999999999996,94.393,-54.2,2.544,4799.1
56,admin.,married,basic.4y,unknown,yes,no,cellular,nov,thu,271,7,999,0,nonexistent,3.4,95.965,-49.8,6.1610000000000005,4928.1
53,blue-collar,married,basic.4y,no,yes,no,cellular,nov,thu,305,6,999,1,success,1.9,94.7,-50.0,5.276,4895.8
52,admin.,single,high.school,no,yes,no,cellular,jul,tue,541,9,999,0,success,3.4,95.418,-50.7,6.1610000000000005,4928.1
44,admin.,single,high.school,no,no,no,cellular,nov,wed,314,9,999,0,success,0.30000000000000004,95.555,-47.8,1.967,4691.6
60,unknown,married,unknown,unknown,no,no,cellular,nov,wed,151,17,999,0,nonexistent,3.1,95.494,-44.4,6.057,4891.0
46,services,single,university.degree,no,yes,no,cellular,nov,tue,223,5,999,0,success,3.4,95.965,-49.8,6.1610000000000005,4928.1
49,admin.,single,professional.course,no,no,yes,cellular,nov,tue,1839,9,999,0,success,3.4,95.418,-50.7,6.1610000000000005,4928.1
56,admin.,single,high.school,no,yes,no,cellular,nov,fri,854,6,999,0,nonexistent,0.19999999999999996,94.393,-54.2,2.513,4799.1
56,admin.,divorced,university.degree,no,no,no,cellular,nov,wed,309,6,999,1,failure,1.9,94.7,-50.0,5.32,4895.8
68,admin.,married,university.degree,unknown,yes,no,cellular,nov,mon,1085,6,999,0,success,1.9,94.7,-50.0,5.391,4895.8
47,admin.,single,university.degree,no,no,no,cellular,nov,thu,406,6,999,0,success,3.4,94.944,-44.1,6.168,4928.1
47,admin.,single,university.degree,no,yes,no,cellular,nov,thu,498,6,15,1,success,0.30000000000000004,95.715,-48.3,2.046,4691.6
60,admin.,divorced,university.degree,no,yes,no,cellular,nov,thu,307,8,999,1,success,1.9,94.7,-50.0,5.276,4895.8
39,blue-collar,married,basic.4y,unknown,yes,no,telephone,may,tue,392,5,999,0,success,3.1,95.494,-44.4,6.057,4891.0
65,blue-collar,married,basic.4y,no,no,no,cellular,nov,fri,241,5,999,1,success,0.19999999999999996,94.393,-54.2,2.45,4799.1
60,blue-collar,married,basic.6y,unknown,no,no,cellular,jul,fri,1265,6,999,0,nonexistent,3.4,95.418,-50.7,6.163,4928.1
55,admin.,married,basic.6y,no,no,no,cellular,nov,mon,269,9,999,0,nonexistent,0.19999999999999996,94.575,-55.1,2.605,4799.1
57,admin.,married,professional.course,no,yes,no,cellular,nov,mon,257,5,999,0,nonexistent,1.9,94.7,-50.0,5.391,4895.8
43,admin.,married,basic.9y,unknown,yes,no,cellular,may,thu,919,6,999,1,success,0.19999999999999996,94.393,-54.2,2.466,4799.1
46,admin.,married,basic.4y,no,no,no,cellular,jul,thu,691,6,999,0,success,3.4,95.418,-50.7,6.163,4928.1
65,admin.,divorced,university.degree,no,no,no,cellular,jul,mon,273,7,999,0,success,3.4,95.418,-50.7,6.162,4928.1
51,admin.,divorced,basic.9y,no,yes,no,cellular,nov,wed,287,5,999,0,success,0.19999999999999996,94.575,-55.1,2.615,4799.1
63,admin.,married,professional.course,no,yes,no,cellular,nov,tue,1229,15,999,0,success,3.4,95.418,-50.7,6.1610000000000005,4928.1
47,admin.,divorced,high.school,no,no,no,cellular,nov,fri,165,5,999,0,success,0.19999999999999996,94.393,-54.2,2.45,4799.1
62,admin.,divorced,university.degree,no,no,no,cellular,nov,thu,543,11,999,0,success,3.4,94.944,-44.1,6.168,4928.1
69,admin.,divorced,university.degree,no,yes,yes,cellular,jun,mon,170,12,999,0,success,3.4,95.965,-49.8,6.065,4928.1
100,admin.,married,university.degree,no,no,yes,cellular,nov,wed,521,6,999,0,success,-1.4,93.879,-37.8,1.9809999999999999,4717.5
44,admin.,single,professional.course,no,no,yes,cellular,nov,tue,669,6,999,0,success,3.1,95.494,-44.4,6.057,4891.0
64,admin.,married,basic.6y,unknown,no,no,cellular,aug,fri,239,5,999,0,success,3.4,94.944,-44.1,6.164000000000001,4928.1
71,admin.,married,university.degree,no,no,no,cellular,nov,thu,298,5,999,0,success,0.19999999999999996,94.575,-55.1,2.565,4799.1
60,admin.,married,high.school,no,yes,no,cellular,nov,mon,412,6,999,0,success,-1.4,94.149,-38.1,1.922,4717.5
52,admin.,married,university.degree,no,no,no,cellular,nov,mon,228,8,999,0,success,3.4,95.418,-50.7,6.162,4928.1
58,admin.,divorced,university.degree,no,no,no,cellular,nov,fri,593,8,999,0,success,0.19999999999999996,95.249,-42.6,1.845,4708.7
40,services,married,high.school,no,yes,no,telephone,jun,mon,433,13,999,0,success,3.4,95.965,-49.8,6.1610000000000005,4928.1
49,admin.,married,university.degree,no,yes,no,cellular,nov,mon,296,8,999,0,success,3.4,94.944,-44.1,6.163,4928.1
55,admin.,married,university.degree,no,no,no,telephone,nov,fri,151,25,999,0,success,3.4,95.965,-49.8,6.159,4928.1
61,admin.,married,basic.4y,no,yes,no,cellular,nov,mon,206,5,999,0,success,1.9,94.7,-50.0,5.391,4895.8
49,admin.,single,professional.course,no,yes,no,cellular,nov,mon,552,10,999,0,success,0.19999999999999996,94.393,-54.2,2.4989999999999997,4799.1
45,technician,single,professional.course,no,yes,no,cellular,nov,wed,505,9,999,0,success,3.4,94.944,-44.1,6.164000000000001,4928.1
55,admin.,married,basic.9y,unknown,no,no,cellular,may,wed,322,8,999,0,nonexistent,3.1,95.494,-44.4,6.056,4891.0
41,self-employed,married,high.school,no,no,no,cellular,nov,thu,449,7,999,0,nonexistent,0.19999999999999996,94.393,-54.2,2.466,4799.1
64,blue-collar,married,basic.6y,unknown,no,no,cellular,nov,wed,1508,5,999,0,success,3.4,95.418,-50.7,6.157,4928.1
42,admin.,married,university.degree,no,no,no,telephone,nov,fri,1074,6,999,0,nonexistent,3.1,95.494,-44.4,6.055000000000001,4891.0
58,admin.,single,professional.course,no,yes,no,cellular,nov,wed,451,7,999,0,success,3.4,95.965,-49.8,6.159,4928.1
72,technician,married,professional.course,unknown,yes,no,cellular,nov,mon,217,6,999,0,success,3.4,95.418,-50.7,6.162,4928.1
74,admin.,married,university.degree,no,no,no,cellular,nov,mon,979,5,999,0,success,3.1,95.494,-44.4,6.057,4891.0
85,admin.,married,basic.4y,no,yes,no,cellular,nov,fri,1074,6,999,0,nonexistent,-0.8999999999999999,93.701,-39.4,2.081,4776.2
64,admin.,divorced,high.school,unknown,yes,no,cellular,may,mon,381,5,999,0,success,3.1,95.494,-44.4,6.057,4891.0
58,admin.,married,high.school,unknown,yes,yes,cellular,nov,mon,712,6,999,0,success,3.1,95.494,-44.4,6.057,4891.0
54,admin.,married,basic.6y,unknown,no,no,telephone,nov,wed,446,5,999,0,success,3.1,95.494,-44.4,6.057,4891.0
43,admin.,married,basic.4y,no,no,yes,cellular,nov,tue,727,5,999,0,success,0.19999999999999996,94.393,-54.2,2.4909999999999997,4799.1
68,admin.,married,high.school,no,yes,no,cellular,nov,fri,471,10,999,0,success,0.30000000000000004,95.555,-47.8,1.948,4691.6
45,admin.,single,university.degree,no,no,no,cellular,nov,fri,296,6,999,0,success,3.4,95.418,-50.7,6.163,4928.1
50,admin.,married,basic.6y,no,no,no,cellular,nov,fri,1330,7,999,0,success,0.19999999999999996,94.575,-55.1,2.605,4799.1
66,admin.,married,unknown,unknown,yes,no,cellular,nov,mon,248,5,999,0,success,3.1,95.494,-44.4,6.057,4891.0
56,technician,married,professional.course,no,no,no,cellular,nov,wed,257,5,999,0,success,3.4,94.944,-44.1,6.165,4928.1
53,admin.,divorced,high.school,unknown,yes,no,cellular,nov,thu,197,7,999,0,nonexistent,0.19999999999999996,94.393,-54.2,2.527,4799.1
70,admin.,married,basic.9y,no,no,no,cellular,nov,mon,545,5,999,0,success,1.9,94.7,-50.0,5.391,4895.8
52,self-employed,married,basic.9y,no,no,no,cellular,nov,tue,557,5,999,0,success,3.4,95.965,-49.8,6.1610000000000005,4928.1
52,admin.,married,university.degree,no,no,no,cellular,nov,wed,597,6,6,2,success,0.8999999999999999,95.699,-45.5,2.086,4663.6
49,admin.,married,professional.course,no,no,no,cellular,nov,thu,865,6,999,0,success,3.1,95.494,-44.4,6.0600000000000005,4891.0
75,retired,married,professional.course,unknown,no,no,telephone,nov,wed,624,9,999,0,success,3.1,95.494,-44.4,6.058,4891.0
60,admin.,married,basic.9y,no,no,no,cellular,aug,thu,1063,9,999,0,success,3.4,94.944,-44.1,6.168,4928.1
63,blue-collar,married,basic.4y,no,yes,no,telephone,nov,mon,1411,5,999,0,success,3.1,95.494,-44.4,6.057,4891.0
36,admin.,single,high.school,no,yes,no,cellular,nov,mon,606,5,999,0,success,0.30000000000000004,95.555,-47.8,1.92,4691.6
75,admin.,married,high.school,no,no,no,cellular,nov,fri,399,5,999,0,nonexistent,3.1,95.494,-44.4,6.055000000000001,4891.0
63,admin.,married,university.degree,unknown,yes,yes,cellular,nov,fri,158,5,999,0,nonexistent,3.4,94.944,-44.1,6.163,4928.1
48,admin.,married,high.school,no,yes,no,cellular,nov,wed,1369,6,999,0,success,1.9,94.7,-50.0,5.32,4895.8
70,admin.,divorced,high.school,no,yes,no,cellular,nov,wed,349,5,999,0,success,3.4,95.418,-50.7,6.162,4928.1
73,admin.,single,university.degree,no,no,no,cellular,nov,fri,282,5,999,0,nonexistent,0.19999999999999996,94.393,-54.2,2.513,4799.1
43,admin.,married,professional.course,no,no,no,telephone,nov,mon,453,9,999,0,success,3.1,95.494,-44.4,6.057,4891.0
49,admin.,married,professional.course,no,yes,no,cellular,nov,fri,482,5,999,0,success,3.4,94.944,-44.1,6.166,4928.1
45,admin.,married,basic.6y,no,no,yes,cellular,nov,wed,2194,6,999,0,success,3.4,95.418,-50.7,6.163,4928.1
59,admin.,married,high.school,no,yes,yes,cellular,nov,wed,415,5,999,0,success,3.4,95.418,-50.7,6.163,4928.1
47,admin.,married,high.school,no,no,no,cellular,nov,thu,1141,6,999,0,success,0.19999999999999996,94.575,-55.1,2.565,4799.1
50,admin.,single,university.degree,no,no,no,cellular,nov,tue,512,8,999,0,success,3.4,94.944,-44.1,6.166,4928.1
48,blue-collar,single,basic.9y,no,yes,yes,cellular,nov,fri,224,6,999,0,success,3.1,95.494,-44.4,6.064,4891.0
40,admin.,married,high.school,unknown,yes,no,cellular,nov,tue,289,8,999,0,success,3.4,95.418,-50.7,6.1610000000000005,4928.1
45,admin.,single,high.school,no,no,yes,cellular,nov,fri,397,6,999,0,success,0.19999999999999996,94.393,-54.2,2.513,4799.1
66,admin.,married,basic.6y,unknown,no,no,cellular,nov,tue,575,5,999,0,success,3.1,95.494,-44.4,6.056,4891.0
55,admin.,divorced,high.school,no,no,no,cellular,nov,wed,430,6,999,0,success,3.1,95.494,-44.4,6.058,4891.0
46,admin.,single,high.school,no,no,no,cellular,nov,tue,775,6,999,0,success,3.4,95.418,-50.7,6.1610000000000005,4928.1
47,admin.,married,professional.course,no,yes,no,cellular,nov,wed,455,5,999,0,success,1.9,94.7,-50.0,5.32,4895.8
67,admin.,married,basic.9y,no,no,no,cellular,nov,wed,881,5,999,1,success,0.19999999999999996,94.393,-54.2,2.481,4799.1
70,admin.,single,university.degree,unknown,yes,no,cellular,nov,mon,820,5,999,0,success,1.9,94.7,-50.0,5.391,4895.8
43,blue-collar,divorced,high.school,no,no,no,cellular,nov,thu,673,5,999,2,failure,0.19999999999999996,94.393,-54.2,2.466,4799.1
48,technician,married,professional.course,no,no,no,cellular,nov,thu,399,9,999,0,success,3.4,94.944,-44.1,6.164000000000001,4928.1
40,admin.,single,high.school,no,yes,no,telephone,nov,wed,217,7,999,0,nonexistent,3.4,95.965,-49.8,6.162,4928.1
51,admin.,married,unknown,unknown,yes,no,cellular,nov,thu,428,5,999,0,success,3.4,95.418,-50.7,6.162,4928.1
54,admin.,married,high.school,unknown,yes,no,cellular,nov,tue,678,5,999,0,success,0.19999999999999996,94.343,-58.0,2.71,4799.1
46,admin.,single,basic.9y,no,no,no,cellular,nov,mon,356,7,999,0,success,3.4,95.418,-50.7,6.16,4928.1
58,admin.,married,university.degree,no,no,no,cellular,nov,thu,408,5,999,0,nonexistent,-0.8999999999999999,93.701,-39.4,2.073,4776.2
47,admin.,married,high.school,no,yes,no,cellular,dec,wed,363,7,999,1,success,-1.0,94.213,-41.0,1.915,4723.5
49,admin.,single,university.degree,no,yes,yes,cellular,nov,thu,345,6,999,0,success,1.9,94.7,-50.0,5.276,4895.8
66,admin.,married,university.degree,no,yes,yes,cellular,nov,fri,557,7,999,0,success,3.1,95.494,-44.4,6.059,4891.0
59,admin.,married,university.degree,no,no,no,cellular,jun,wed,1693,6,999,1,success,0.30000000000000004,95.555,-47.8,1.915,4691.6
45,technician,married,high.school,no,yes,no,cellular,aug,thu,266,9,999,0,success,3.4,94.944,-44.1,6.162,4928.1
64,admin.,married,high.school,no,yes,yes,telephone,nov,fri,314,5,999,0,nonexistent,3.1,95.494,-44.4,6.064,4891.0
61,admin.,married,high.school,no,no,no,cellular,nov,wed,433,7,999,0,success,0.19999999999999996,94.393,-54.2,2.534,4799.1
41,admin.,married,basic.9y,no,no,no,cellular,nov,fri,478,5,999,0,nonexistent,3.4,95.418,-50.7,6.157,4928.1
52,admin.,married,university.degree,no,no,no,cellular,nov,fri,831,5,999,1,success,0.19999999999999996,94.393,-54.2,2.513,4799.1
42,admin.,single,high.school,no,yes,no,cellular,nov,mon,401,5,999,0,nonexistent,0.19999999999999996,94.393,-54.2,2.4989999999999997,4799.1
48,technician,married,high.school,no,yes,no,cellular,nov,tue,242,5,999,0,nonexistent,3.4,94.944,-44.1,6.166,4928.1
50,admin.,married,high.school,no,no,no,cellular,nov,tue,250,5,999,0,success,1.9,94.7,-50.0,5.353,4895.8
42,admin.,single,basic.6y,no,no,no,cellular,nov,tue,242,7,999,0,nonexistent,3.4,95.418,-50.7,6.1610000000000005,4928.1
45,admin.,single,university.degree,no,yes,no,cellular,nov,wed,1231,6,999,0,nonexistent,-0.8999999999999999,94.463,-48.8,2.46,4776.2
54,admin.,married,basic.9y,unknown,yes,no,telephone,nov,wed,399,5,999,0,success,3.4,95.965,-49.8,6.158,4928.1
46,admin.,married,high.school,no,unknown,unknown,cellular,nov,tue,503,10,999,0,success,0.19999999999999996,94.393,-54.2,2.4909999999999997,4799.1
50,admin.,married,high.school,no,yes,yes,cellular,nov,tue,131,6,999,0,success,3.1,95.494,-44.4,6.056,4891.0
51,admin.,married,basic.4y,no,no,no,cellular,nov,tue,302,9,999,0,success,1.9,94.7,-50.0,5.353,4895.8
48,admin.,married,high.school,no,yes,no,cellular,nov,thu,550,5,999,0,success,0.19999999999999996,94.575,-55.1,2.565,4799.1
61,admin.,single,high.school,no,no,no,telephone,nov,fri,955,5,999,0,success,3.4,95.965,-49.8,6.167,4928.1
55,admin.,married,high.school,no,no,no,cellular,nov,fri,782,10,999,1,success,0.19999999999999996,94.575,-55.1,2.605,4799.1
40,admin.,single,high.school,no,yes,no,cellular,nov,thu,1718,7,999,0,success,0.19999999999999996,94.393,-54.2,2.466,4799.1
54,admin.,married,high.school,no,yes,yes,cellular,nov,wed,682,5,999,1,success,0.19999999999999996,94.393,-54.2,2.481,4799.1
63,admin.,married,basic.9y,unknown,yes,no,cellular,nov,thu,340,5,999,0,success,3.4,94.944,-44.1,6.168,4928.1
54,entrepreneur,married,high.school,no,no,yes,telephone,nov,fri,532,7,999,0,nonexistent,3.1,95.494,-44.4,6.064,4891.0
50,admin.,married,professional.course,no,no,no,cellular,nov,thu,493,7,999,0,success,3.4,95.418,-50.7,6.168,4928.1
46,admin.,married,professional.course,no,yes,no,cellular,nov,fri,291,6,999,0,success,1.9,94.7,-50.0,5.221,4895.8
45,admin.,married,university.degree,no,no,no,telephone,nov,thu,518,6,999,0,success,3.1,95.494,-44.4,6.0600000000000005,4891.0
68,admin.,married,professional.course,unknown,yes,yes,cellular,may,mon,1162,5,999,0,nonexistent,3.1,95.494,-44.4,6.058,4891.0
50,technician,single,university.degree,no,no,no,cellular,nov,wed,350,6,999,0,success,3.4,95.418,-50.7,6.162,4928.1
61,admin.,divorced,basic.9y,no,no,no,cellular,nov,tue,718,7,999,0,success,0.19999999999999996,94.575,-55.1,2.623,4799.1
62,admin.,married,professional.course,no,no,no,cellular,may,tue,471,5,999,0,success,3.1,95.494,-44.4,6.057,4891.0
51,admin.,married,university.degree,no,no,no,cellular,may,mon,529,5,999,0,success,3.1,95.494,-44.4,6.057,4891.0
48,admin.,single,basic.9y,unknown,yes,no,telephone,nov,tue,325,7,999,0,success,3.4,95.965,-49.8,6.064,4928.1
39,admin.,single,high.school,no,yes,no,cellular,nov,tue,1650,6,999,0,success,0.19999999999999996,94.575,-55.1,2.623,4799.1
69,admin.,divorced,basic.9y,no,yes,no,cellular,nov,mon,320,6,999,0,success,3.4,95.965,-49.8,6.147,4928.1
45,admin.,married,basic.4y,no,yes,no,cellular,nov,thu,745,9,999,0,success,3.4,95.418,-50.7,6.162,4928.1
52,admin.,divorced,university.degree,no,yes,no,cellular,nov,mon,2231,7,9,1,success,0.19999999999999996,94.393,-54.2,2.444,4799.1
69,admin.,married,basic.4y,no,yes,no,cellular,nov,thu,316,6,999,0,success,3.4,94.944,-44.1,6.164000000000001,4928.1
81,admin.,married,basic.6y,unknown,no,no,cellular,nov,wed,433,5,999,0,nonexistent,-0.8999999999999999,93.701,-39.4,2.0789999999999997,4776.2
52,admin.,married,high.school,no,yes,no,cellular,nov,wed,440,5,999,0,success,3.1,95.494,-44.4,6.059,4891.0
51,admin.,married,high.school,no,yes,no,cellular,nov,fri,158,7,999,0,success,3.4,95.965,-49.8,6.159,4928.1
52,technician,single,professional.course,no,no,no,cellular,nov,tue,280,5,999,0,success,0.19999999999999996,94.393,-54.2,2.466,4799.1
54,admin.,married,basic.6y,unknown,yes,no,cellular,nov,wed,709,5,999,0,success,3.4,95.418,-50.7,6.163,4928.1
76,admin.,married,high.school,no,yes,no,cellular,apr,tue,1794,8,999,0,success,0.19999999999999996,95.249,-42.6,1.842,4708.7
49,admin.,married,basic.9y,no,yes,no,cellular,nov,tue,656,6,999,0,success,0.30000000000000004,95.527,-46.3,2.086,4691.6
73,admin.,married,basic.6y,no,no,no,cellular,nov,tue,736,5,999,0,success,3.1,95.494,-44.4,6.057,4891.0
55,blue-collar,married,high.school,no,yes,no,cellular,nov,wed,633,5,999,0,success,3.1,95.494,-44.4,6.056,4891.0
56,technician,single,high.school,no,yes,no,cellular,nov,mon,520,7,999,0,success,0.19999999999999996,94.393,-54.2,2.444,4799.1
50,admin.,married,university.degree,no,no,no,cellular,nov,fri,606,6,999,0,nonexistent,0.19999999999999996,94.393,-54.2,2.513,4799.1
41,admin.,single,professional.course,no,yes,no,cellular,nov,wed,1029,6,999,0,success,3.4,95.418,-50.7,6.163,4928.1
58,admin.,married,high.school,no,yes,no,cellular,sep,tue,588,5,3,1,success,-1.4,93.879,-37.8,1.988,4717.5
57,admin.,married,university.degree,no,yes,no,telephone,may,tue,577,6,999,0,success,3.1,95.494,-44.4,6.057,4891.0
71,admin.,divorced,university.degree,no,yes,no,cellular,apr,mon,1072,7,999,0,success,0.19999999999999996,94.575,-55.1,2.605,4799.1
63,admin.,married,university.degree,no,no,no,cellular,nov,tue,367,5,999,0,nonexistent,1.9,94.7,-50.0,5.353,4895.8
48,admin.,single,university.degree,no,no,no,cellular,nov,fri,887,9,999,1,success,0.19999999999999996,94.575,-55.1,2.605,4799.1
56,admin.,married,basic.6y,unknown,yes,no,cellular,nov,thu,516,5,999,0,nonexistent,0.19999999999999996,94.393,-54.2,2.527,4799.1
48,admin.,single,university.degree,no,yes,yes,cellular,nov,thu,239,10,999,0,success,3.4,94.944,-44.1,6.162,4928.1
65,admin.,divorced,university.degree,no,no,no,cellular,nov,thu,271,15,999,0,success,3.4,94.944,-44.1,6.162,4928.1
69,admin.,married,high.school,no,yes,no,cellular,nov,tue,541,6,999,0,success,3.1,95.494,-44.4,6.057,4891.0
57,admin.,married,basic.9y,no,yes,no,cellular,nov,thu,575,5,999,0,success,3.4,95.418,-50.7,6.168,4928.1
46,admin.,single,university.degree,no,yes,no,cellular,nov,mon,242,13,999,0,success,3.4,95.418,-50.7,6.16,4928.1
59,admin.,married,high.school,no,no,no,cellular,nov,wed,491,5,999,0,success,3.1,95.494,-44.4,6.058,4891.0
80,admin.,married,basic.4y,no,yes,yes,cellular,nov,wed,462,5,3,3,success,0.8999999999999999,96.101,-57.5,2.185,4663.6
49,admin.,married,basic.9y,no,no,yes,cellular,nov,tue,507,6,999,0,success,3.4,95.418,-50.7,6.162,4928.1
52,admin.,married,high.school,unknown,yes,no,cellular,nov,thu,248,5,999,1,success,0.19999999999999996,94.393,-54.2,2.466,4799.1
52,admin.,married,high.school,no,yes,no,cellular,nov,thu,214,5,999,0,success,3.4,95.965,-49.8,6.066,4928.1
58,admin.,single,university.degree,no,yes,no,cellular,nov,fri,503,6,999,0,success,3.4,94.944,-44.1,6.163,4928.1
49,admin.,single,high.school,no,yes,no,cellular,nov,tue,442,9,999,0,success,0.19999999999999996,94.393,-54.2,2.4909999999999997,4799.1
50,admin.,married,basic.6y,no,no,no,cellular,nov,wed,190,5,999,0,success,3.1,95.494,-44.4,6.057,4891.0
60,admin.,married,basic.9y,no,no,no,cellular,nov,mon,248,6,999,0,success,3.4,95.965,-49.8,6.065,4928.1
45,admin.,married,professional.course,no,yes,no,cellular,nov,thu,712,6,999,0,success,1.9,94.7,-50.0,5.276,4895.8
46,admin.,single,university.degree,no,yes,no,cellular,may,thu,417,6,999,0,success,0.19999999999999996,94.393,-54.2,2.466,4799.1
91,admin.,married,basic.4y,no,yes,no,cellular,nov,tue,707,5,999,1,failure,0.30000000000000004,95.555,-47.8,1.902,4691.6
51,admin.,single,high.school,no,no,no,cellular,jun,mon,296,5,999,0,success,3.4,95.965,-49.8,6.1610000000000005,4928.1
61,admin.,married,basic.9y,no,yes,no,cellular,nov,tue,152,5,999,1,failure,0.8999999999999999,96.267,-58.8,2.247,4663.6
53,admin.,married,high.school,no,unknown,unknown,cellular,nov,wed,161,20,999,0,success,3.1,95.494,-44.4,6.058,4891.0
65,admin.,married,high.school,unknown,yes,no,cellular,jun,tue,363,5,999,0,success,3.4,95.965,-49.8,6.1610000000000005,4928.1
65,admin.,married,university.degree,unknown,yes,no,cellular,nov,thu,518,5,999,0,nonexistent,3.4,95.418,-50.7,6.168,4928.1
72,admin.,married,basic.9y,unknown,no,no,cellular,nov,mon,469,7,999,0,success,3.4,95.418,-50.7,6.162,4928.1
51,admin.,divorced,university.degree,no,yes,no,cellular,nov,thu,606,14,999,0,success,3.4,94.944,-44.1,6.162,4928.1
38,admin.,single,high.school,no,yes,no,cellular,nov,mon,1267,5,999,0,success,0.19999999999999996,94.575,-55.1,2.605,4799.1
55,management,married,university.degree,unknown,yes,no,cellular,nov,tue,318,6,999,0,success,3.4,94.944,-44.1,6.163,4928.1
63,admin.,married,basic.4y,no,yes,no,cellular,nov,fri,1007,5,999,0,success,3.4,95.965,-49.8,6.159,4928.1
51,admin.,divorced,high.school,no,yes,no,cellular,nov,wed,525,6,999,0,success,1.9,94.7,-50.0,5.32,4895.8
57,admin.,married,high.school,no,yes,no,cellular,nov,wed,241,6,999,0,nonexistent,3.1,95.494,-44.4,6.057,4891.0
50,admin.,single,university.degree,no,no,no,cellular,nov,mon,815,6,999,0,success,3.4,94.944,-44.1,6.165,4928.1
63,admin.,married,high.school,no,no,no,cellular,nov,fri,282,7,999,0,success,3.4,94.944,-44.1,6.164000000000001,4928.1
76,admin.,married,university.degree,no,no,no,cellular,nov,tue,568,6,3,1,success,-0.8999999999999999,93.701,-39.4,2.059,4776.2
48,admin.,married,university.degree,no,no,no,cellular,nov,thu,482,5,6,2,success,0.30000000000000004,95.527,-46.3,2.099,4691.6
59,admin.,married,high.school,no,no,no,cellular,nov,wed,354,5,999,1,success,1.9,94.7,-50.0,5.32,4895.8
54,admin.,single,university.degree,no,no,no,cellular,nov,mon,476,6,999,0,success,0.19999999999999996,94.393,-54.2,2.5540000000000003,4799.1
45,admin.,married,basic.9y,no,yes,no,cellular,nov,wed,233,5,999,0,success,1.9,94.7,-50.0,5.32,4895.8
73,admin.,married,professional.course,unknown,no,no,cellular,nov,tue,637,5,999,0,success,3.4,94.944,-44.1,6.168,4928.1
56,admin.,married,basic.4y,unknown,no,yes,cellular,nov,thu,311,5,999,0,success,3.1,95.494,-44.4,6.055000000000001,4891.0
48,admin.,married,university.degree,no,yes,no,cellular,nov,fri,487,7,999,0,success,0.19999999999999996,94.393,-54.2,2.45,4799.1
57,blue-collar,married,high.school,no,no,yes,cellular,nov,mon,440,9,999,1,failure,0.19999999999999996,94.575,-55.1,2.605,4799.1
61,admin.,married,high.school,no,no,no,cellular,nov,tue,941,5,999,1,success,0.19999999999999996,94.393,-54.2,2.544,4799.1
45,admin.,single,university.degree,no,no,no,cellular,jun,wed,1301,5,999,0,success,-0.8999999999999999,94.463,-48.8,2.46,4776.2
50,admin.,divorced,university.degree,no,yes,no,cellular,nov,mon,370,7,999,0,success,3.4,94.944,-44.1,6.163,4928.1
44,admin.,single,professional.course,no,yes,no,cellular,nov,fri,188,6,999,1,success,1.9,94.7,-50.0,5.221,4895.8
38,admin.,single,professional.course,no,no,yes,cellular,jul,wed,462,5,999,0,success,3.4,95.418,-50.7,6.163,4928.1
54,admin.,married,university.degree,no,yes,no,cellular,may,mon,145,36,999,0,nonexistent,3.1,95.494,-44.4,6.057,4891.0
50,admin.,married,high.school,no,yes,no,cellular,nov,mon,356,6,999,0,success,1.9,94.7,-50.0,5.391,4895.8
62,admin.,married,unknown,unknown,no,yes,telephone,nov,wed,151,17,999,0,success,3.4,95.965,-49.8,6.064,4928.1
55,admin.,single,high.school,no,no,yes,cellular,may,wed,430,5,999,0,nonexistent,0.19999999999999996,94.393,-54.2,2.481,4799.1
60,admin.,married,high.school,no,no,yes,cellular,may,fri,183,7,999,0,nonexistent,3.1,95.494,-44.4,6.055000000000001,4891.0
63,admin.,single,university.degree,no,yes,no,cellular,nov,thu,2068,5,999,0,success,3.4,95.965,-49.8,6.1610000000000005,4928.1
56,admin.,married,university.degree,no,no,no,cellular,nov,thu,271,9,999,0,nonexistent,3.4,94.944,-44.1,6.162,4928.1
72,admin.,married,unknown,unknown,no,no,cellular,may,mon,1220,6,999,0,success,3.1,95.494,-44.4,6.057,4891.0
60,admin.,married,basic.9y,no,yes,no,cellular,nov,tue,417,6,999,0,success,3.1,95.494,-44.4,6.057,4891.0
46,admin.,single,university.degree,no,no,no,cellular,nov,thu,192,5,999,0,success,3.4,94.944,-44.1,6.163,4928.1
52,services,married,basic.9y,unknown,no,yes,cellular,nov,fri,563,6,999,0,nonexistent,3.1,95.494,-44.4,6.059,4891.0
52,admin.,married,basic.4y,no,yes,no,cellular,nov,fri,289,11,999,0,success,3.4,95.965,-49.8,6.159,4928.1
42,admin.,single,high.school,no,yes,no,cellular,nov,tue,221,9,999,0,success,3.4,95.965,-49.8,6.064,4928.1
72,admin.,married,basic.4y,no,yes,no,cellular,nov,mon,1081,7,999,1,success,0.19999999999999996,94.575,-55.1,2.605,4799.1
50,admin.,divorced,high.school,no,yes,no,cellular,nov,mon,413,5,999,0,success,0.19999999999999996,94.393,-54.2,2.444,4799.1
52,admin.,married,university.degree,no,no,no,cellular,nov,mon,773,5,999,0,success,0.30000000000000004,95.555,-47.8,1.954,4691.6
60,admin.,divorced,university.degree,no,yes,no,cellular,nov,thu,390,7,999,1,success,-0.8999999999999999,93.701,-39.4,2.073,4776.2
50,blue-collar,married,basic.9y,no,no,no,cellular,nov,thu,286,5,999,0,success,3.4,95.965,-49.8,6.066,4928.1
47,admin.,married,high.school,no,no,no,cellular,nov,wed,262,5,999,0,success,1.9,94.7,-50.0,5.32,4895.8
47,admin.,married,university.degree,no,yes,no,cellular,nov,fri,205,6,999,0,success,3.4,95.418,-50.7,6.163,4928.1
41,admin.,single,high.school,no,no,no,cellular,nov,wed,408,5,999,0,success,3.1,95.494,-44.4,6.057,4891.0
58,admin.,married,university.degree,no,yes,no,cellular,nov,wed,518,12,999,0,success,3.4,94.944,-44.1,6.164000000000001,4928.1
39,admin.,married,professional.course,no,yes,no,cellular,nov,mon,395,7,999,0,nonexistent,3.1,95.494,-44.4,6.057,4891.0
51,admin.,married,unknown,no,yes,no,cellular,apr,thu,959,8,999,0,success,0.19999999999999996,94.575,-55.1,2.61,4799.1
67,admin.,married,basic.4y,no,no,no,cellular,nov,wed,907,8,999,1,success,0.19999999999999996,94.393,-54.2,2.534,4799.1
63,admin.,divorced,high.school,no,yes,no,cellular,nov,mon,464,6,999,0,success,1.9,94.7,-50.0,5.391,4895.8
46,admin.,single,professional.course,no,yes,no,cellular,aug,thu,768,7,999,0,nonexistent,3.4,94.944,-44.1,6.164000000000001,4928.1
46,admin.,married,basic.9y,unknown,yes,yes,cellular,nov,tue,1301,7,999,0,success,3.4,95.418,-50.7,6.1610000000000005,4928.1
55,admin.,married,professional.course,no,no,no,cellular,nov,wed,820,9,999,0,nonexistent,3.4,95.965,-49.8,6.064,4928.1
44,admin.,married,high.school,no,yes,no,cellular,nov,thu,424,5,999,0,success,3.4,95.418,-50.7,6.162,4928.1
64,admin.,married,professional.course,no,no,no,cellular,nov,tue,332,5,999,0,success,0.19999999999999996,94.393,-54.2,2.544,4799.1
65,admin.,married,basic.9y,no,no,no,cellular,nov,thu,273,10,999,0,success,3.1,95.494,-44.4,6.0600000000000005,4891.0
63,admin.,married,high.school,no,yes,no,cellular,nov,mon,192,8,999,0,success,3.4,94.944,-44.1,6.165,4928.1
75,retired,married,professional.course,no,yes,yes,cellular,nov,thu,291,8,6,2,success,0.30000000000000004,95.715,-48.3,2.099,4691.6
64,admin.,married,basic.9y,no,yes,no,cellular,nov,wed,277,5,999,0,nonexistent,3.1,95.494,-44.4,6.059,4891.0
52,admin.,married,high.school,no,no,no,cellular,nov,thu,624,5,999,0,success,3.4,95.965,-49.8,6.066,4928.1
48,admin.,married,professional.course,no,yes,no,cellular,nov,mon,822,7,999,0,nonexistent,0.19999999999999996,94.393,-54.2,2.5540000000000003,4799.1
71,admin.,divorced,high.school,no,yes,no,telephone,nov,tue,228,10,999,0,success,3.1,95.494,-44.4,6.056,4891.0
47,admin.,married,professional.course,no,no,no,cellular,nov,mon,421,6,999,0,success,3.4,95.418,-50.7,6.16,4928.1
60,admin.,married,unknown,unknown,unknown,unknown,telephone,may,wed,442,5,999,0,success,3.1,95.494,-44.4,6.059,4891.0
49,management,single,university.degree,no,no,no,cellular,nov,fri,590,6,999,1,success,0.19999999999999996,94.393,-54.2,2.513,4799.1
66,admin.,divorced,high.school,no,no,no,cellular,nov,thu,322,6,999,0,success,-1.0,94.213,-41.0,1.914,4723.5
49,admin.,single,university.degree,no,yes,no,cellular,mar,tue,597,6,999,0,success,0.19999999999999996,94.869,-42.8,1.8519999999999999,4708.7
65,admin.,married,university.degree,unknown,yes,no,cellular,aug,mon,1378,8,999,0,success,3.4,94.944,-44.1,6.165,4928.1
52,admin.,divorced,basic.9y,unknown,no,no,telephone,nov,mon,849,8,999,0,success,3.1,95.494,-44.4,6.057,4891.0
84,admin.,married,unknown,no,yes,no,cellular,nov,tue,840,7,999,0,success,-0.8999999999999999,93.701,-39.4,2.083,4776.2
44,admin.,married,high.school,no,yes,no,cellular,nov,fri,199,6,999,0,success,3.1,95.494,-44.4,6.055000000000001,4891.0
48,admin.,divorced,professional.course,no,yes,no,cellular,nov,mon,392,6,999,0,success,3.4,94.944,-44.1,6.163,4928.1
73,admin.,married,basic.6y,no,yes,no,cellular,nov,mon,194,7,999,0,success,0.19999999999999996,94.575,-55.1,2.605,4799.1
61,blue-collar,married,basic.4y,unknown,no,yes,telephone,nov,mon,345,5,999,0,success,3.1,95.494,-44.4,6.057,4891.0
64,admin.,married,high.school,no,no,yes,cellular,nov,thu,1249,7,999,0,success,3.1,95.494,-44.4,6.055000000000001,4891.0
45,blue-collar,single,basic.4y,no,no,no,telephone,nov,tue,633,5,999,0,success,3.4,95.965,-49.8,6.1610000000000005,4928.1
63,admin.,married,basic.9y,unknown,no,no,cellular,nov,thu,2120,7,999,0,success,3.4,94.944,-44.1,6.163,4928.1
53,admin.,single,university.degree,no,no,no,cellular,nov,fri,662,6,999,0,nonexistent,0.19999999999999996,94.575,-55.1,2.605,4799.1
51,admin.,married,basic.9y,no,yes,no,cellular,nov,tue,662,5,999,0,nonexistent,0.19999999999999996,94.393,-54.2,2.544,4799.1
64,blue-collar,married,basic.4y,unknown,yes,no,cellular,nov,tue,196,7,999,0,success,3.1,95.494,-44.4,6.057,4891.0
58,blue-collar,married,basic.9y,no,yes,no,cellular,nov,mon,565,10,999,0,success,0.19999999999999996,94.393,-54.2,2.4989999999999997,4799.1
66,admin.,married,university.degree,no,yes,no,cellular,nov,wed,1054,13,999,0,nonexistent,3.4,94.944,-44.1,6.164000000000001,4928.1
52,admin.,divorced,basic.9y,no,yes,no,cellular,nov,wed,340,5,999,0,success,3.4,95.418,-50.7,6.157,4928.1
61,admin.,married,university.degree,no,yes,no,cellular,nov,mon,286,6,999,0,success,3.4,95.418,-50.7,6.16,4928.1
37,admin.,single,high.school,no,no,no,cellular,nov,fri,606,7,6,1,success,-1.4,93.931,-34.9,1.93,4717.5
47,admin.,single,basic.4y,no,no,no,cellular,may,wed,1744,5,999,0,nonexistent,0.19999999999999996,94.393,-54.2,2.481,4799.1
51,admin.,married,basic.9y,no,yes,no,cellular,nov,thu,176,5,999,1,success,0.19999999999999996,94.393,-54.2,2.527,4799.1
73,admin.,married,professional.course,no,no,no,cellular,nov,fri,147,16,999,0,success,3.4,95.965,-49.8,6.159,4928.1
47,admin.,single,university.degree,no,no,no,cellular,nov,thu,406,5,999,0,nonexistent,3.4,94.944,-44.1,6.162,4928.1
57,admin.,married,basic.6y,no,yes,yes,cellular,nov,tue,298,5,999,0,success,3.1,95.494,-44.4,6.056,4891.0
45,admin.,single,basic.9y,no,no,no,cellular,nov,mon,253,5,999,0,success,0.19999999999999996,94.393,-54.2,2.444,4799.1
45,admin.,single,university.degree,no,no,no,cellular,nov,thu,444,5,999,0,nonexistent,3.4,94.944,-44.1,6.163,4928.1
93,admin.,married,professional.course,no,yes,no,cellular,nov,wed,305,5,999,0,success,-1.4,94.149,-38.1,1.916,4717.5
43,technician,single,professional.course,no,no,yes,telephone,nov,tue,129,5,999,0,nonexistent,0.30000000000000004,95.715,-48.3,2.093,4691.6
64,admin.,married,basic.4y,no,no,no,cellular,nov,wed,439,7,999,0,nonexistent,3.1,95.494,-44.4,6.057,4891.0
67,unemployed,married,high.school,unknown,no,no,cellular,nov,thu,512,6,999,0,success,3.1,95.494,-44.4,6.0600000000000005,4891.0
50,admin.,married,basic.4y,unknown,yes,no,cellular,nov,mon,221,5,999,0,success,3.4,95.418,-50.7,6.16,4928.1
42,admin.,single,high.school,unknown,no,no,cellular,nov,fri,968,5,999,0,success,3.4,95.965,-49.8,6.167,4928.1
52,admin.,married,professional.course,no,yes,no,cellular,nov,mon,295,8,999,0,nonexistent,3.4,94.944,-44.1,6.165,4928.1
46,admin.,married,basic.9y,no,no,no,cellular,nov,tue,485,6,999,0,nonexistent,3.1,95.494,-44.4,6.056,4891.0
46,admin.,single,university.degree,no,yes,yes,cellular,nov,thu,304,5,999,0,nonexistent,0.19999999999999996,94.575,-55.1,2.565,4799.1
48,admin.,married,professional.course,no,no,no,cellular,aug,fri,723,7,999,0,success,3.4,94.944,-44.1,6.166,4928.1
52,admin.,single,university.degree,unknown,yes,no,cellular,nov,thu,442,7,999,0,success,3.4,95.965,-49.8,6.155,4928.1
60,admin.,married,basic.9y,no,no,no,cellular,jun,mon,538,6,999,0,success,-0.8999999999999999,94.463,-48.8,2.466,4776.2
41,admin.,single,high.school,no,no,yes,cellular,nov,mon,253,5,999,0,success,3.4,95.965,-49.8,6.1610000000000005,4928.1
51,admin.,married,basic.4y,unknown,no,no,cellular,apr,tue,629,6,999,0,success,0.19999999999999996,94.575,-55.1,2.623,4799.1
52,admin.,married,basic.6y,no,yes,yes,cellular,nov,thu,3004,10,999,0,nonexistent,3.4,95.418,-50.7,6.162,4928.1
46,admin.,single,university.degree,no,yes,no,cellular,nov,tue,140,13,999,0,success,0.19999999999999996,94.393,-54.2,2.544,4799.1
47,admin.,single,university.degree,no,yes,no,cellular,may,wed,604,6,999,0,success,3.1,95.494,-44.4,6.057,4891.0
57,blue-collar,married,basic.9y,no,no,no,telephone,nov,tue,543,7,999,0,success,3.4,95.965,-49.8,6.064,4928.1
64,admin.,divorced,unknown,unknown,yes,no,cellular,nov,fri,253,5,999,1,success,0.19999999999999996,94.575,-55.1,2.6790000000000003,4799.1
60,admin.,married,university.degree,no,yes,no,telephone,may,fri,552,5,999,0,success,3.1,95.494,-44.4,6.057,4891.0
69,admin.,divorced,high.school,no,yes,no,cellular,nov,wed,997,7,999,2,failure,0.8999999999999999,96.101,-57.5,2.216,4663.6
60,admin.,married,university.degree,no,no,no,cellular,nov,tue,325,6,999,0,nonexistent,3.4,95.418,-50.7,6.1610000000000005,4928.1
42,admin.,single,high.school,no,no,no,cellular,nov,thu,323,6,999,2,success,0.30000000000000004,95.715,-48.3,1.982,4691.6
46,admin.,married,high.school,no,no,yes,cellular,nov,mon,399,6,4,1,success,-0.8999999999999999,93.701,-39.4,2.084,4776.2
52,admin.,single,high.school,no,no,no,cellular,may,mon,293,9,999,0,success,3.1,95.494,-44.4,6.057,4891.0
46,admin.,married,university.degree,no,yes,no,cellular,nov,mon,187,5,999,0,success,1.9,94.7,-50.0,5.391,4895.8
50,admin.,single,university.degree,no,no,no,cellular,nov,tue,214,5,999,0,success,1.9,94.7,-50.0,5.353,4895.8
53,admin.,married,high.school,unknown,yes,no,cellular,nov,wed,476,5,999,0,success,0.19999999999999996,94.393,-54.2,2.534,4799.1
62,admin.,married,high.school,unknown,yes,no,cellular,aug,fri,1070,5,999,0,success,3.4,94.944,-44.1,6.164000000000001,4928.1
52,admin.,married,basic.9y,no,yes,yes,cellular,nov,fri,682,7,999,1,success,1.9,94.7,-50.0,5.221,4895.8
45,admin.,married,high.school,no,yes,no,cellular,nov,tue,286,5,999,1,success,1.9,94.7,-50.0,5.353,4895.8
56,admin.,single,basic.9y,unknown,yes,no,cellular,may,mon,878,8,999,0,success,3.1,95.494,-44.4,6.057,4891.0
44,admin.,single,university.degree,no,yes,no,cellular,nov,fri,395,5,999,1,success,1.9,94.7,-50.0,5.221,4895.8
50,admin.,married,basic.9y,no,no,no,cellular,aug,fri,149,13,999,0,success,3.4,94.944,-44.1,6.164000000000001,4928.1
68,services,divorced,basic.4y,unknown,no,no,cellular,nov,mon,284,5,999,0,nonexistent,3.4,95.965,-49.8,6.065,4928.1
48,admin.,married,university.degree,no,yes,no,cellular,nov,tue,937,5,999,0,success,1.9,95.298,-48.4,6.0600000000000005,4895.8
85,admin.,married,basic.4y,no,yes,no,cellular,nov,wed,705,5,999,2,success,-1.0,94.213,-41.0,1.915,4723.5
55,admin.,married,basic.9y,no,yes,no,cellular,may,mon,583,6,999,0,success,3.1,95.494,-44.4,6.058,4891.0
48,admin.,single,university.degree,no,yes,yes,cellular,aug,thu,482,5,999,0,success,3.4,94.944,-44.1,6.162,4928.1
48,admin.,divorced,basic.9y,unknown,no,no,cellular,nov,tue,1720,9,999,0,success,3.4,95.418,-50.7,6.1610000000000005,4928.1
59,admin.,married,university.degree,no,yes,no,cellular,nov,thu,577,6,999,0,success,-0.8999999999999999,93.701,-39.4,2.083,4776.2
50,admin.,married,basic.6y,no,no,no,cellular,nov,wed,293,6,999,1,success,0.19999999999999996,94.393,-54.2,2.481,4799.1
70,admin.,married,high.school,no,no,yes,cellular,nov,mon,570,6,999,0,nonexistent,3.4,95.965,-49.8,6.065,4928.1
47,admin.,married,professional.course,no,yes,no,cellular,nov,fri,700,6,999,0,success,3.1,95.494,-44.4,6.064,4891.0
47,admin.,married,basic.4y,unknown,no,no,cellular,nov,thu,1583,6,999,0,success,1.9,94.7,-50.0,5.276,4895.8
48,admin.,single,university.degree,no,no,no,cellular,nov,tue,323,5,999,0,success,1.9,94.7,-50.0,5.353,4895.8
51,admin.,married,university.degree,no,no,no,cellular,nov,thu,610,8,999,0,nonexistent,0.19999999999999996,94.393,-54.2,2.527,4799.1
52,admin.,single,high.school,no,yes,no,cellular,apr,thu,199,6,999,0,success,0.19999999999999996,94.575,-55.1,2.61,4799.1
47,admin.,divorced,university.degree,unknown,yes,no,cellular,nov,thu,1000,6,999,0,nonexistent,3.4,95.418,-50.7,6.158,4928.1
50,admin.,married,high.school,no,no,yes,cellular,nov,tue,372,6,999,1,success,1.9,94.7,-50.0,5.353,4895.8
77,admin.,divorced,university.degree,no,yes,no,cellular,nov,wed,352,7,999,0,success,-1.4,93.931,-34.9,1.935,4717.5
48,admin.,single,basic.9y,no,no,no,cellular,nov,thu,421,10,999,1,success,0.19999999999999996,94.393,-54.2,2.466,4799.1
66,admin.,married,university.degree,no,no,no,cellular,nov,fri,349,5,999,0,success,0.19999999999999996,94.393,-54.2,2.513,4799.1
40,admin.,single,university.degree,no,no,yes,cellular,nov,fri,493,5,999,0,success,0.19999999999999996,95.249,-42.6,1.845,4708.7
65,admin.,single,high.school,no,yes,no,cellular,nov,fri,1389,6,999,0,success,-1.0,94.213,-41.0,1.918,4723.5
43,admin.,single,basic.9y,unknown,yes,no,cellular,nov,wed,298,6,999,0,success,3.1,95.494,-44.4,6.056,4891.0
53,admin.,single,university.degree,unknown,no,no,cellular,aug,fri,583,7,999,0,success,3.4,94.944,-44.1,6.166,4928.1
42,admin.,single,professional.course,no,no,no,cellular,nov,thu,566,5,999,0,success,3.4,95.965,-49.8,6.1610000000000005,4928.1
60,admin.,single,high.school,unknown,yes,no,cellular,nov,mon,296,6,999,1,success,0.19999999999999996,94.393,-54.2,2.444,4799.1
57,admin.,divorced,high.school,no,no,no,cellular,nov,fri,615,6,999,0,success,3.1,95.494,-44.4,6.064,4891.0
46,admin.,married,basic.6y,unknown,no,no,cellular,nov,tue,1922,8,999,0,success,3.1,95.494,-44.4,6.056,4891.0
38,management,single,university.degree,no,yes,no,cellular,nov,tue,685,6,999,0,success,3.4,95.418,-50.7,6.1610000000000005,4928.1
65,admin.,divorced,university.degree,no,yes,yes,cellular,may,mon,1279,5,999,0,nonexistent,0.19999999999999996,94.393,-54.2,2.464,4799.1
48,management,married,university.degree,no,yes,no,cellular,aug,wed,323,7,999,0,success,3.4,94.944,-44.1,6.164000000000001,4928.1
96,admin.,divorced,basic.4y,no,yes,no,cellular,nov,fri,419,7,999,0,success,-1.0,94.213,-41.0,1.914,4723.5
49,technician,married,university.degree,no,no,no,cellular,nov,mon,516,5,999,0,success,-0.8999999999999999,93.701,-39.4,2.061,4776.2
47,admin.,single,university.degree,no,yes,no,cellular,nov,thu,570,6,6,1,success,0.30000000000000004,95.715,-48.3,2.046,4691.6
58,admin.,married,university.degree,no,yes,no,cellular,nov,mon,370,6,999,1,success,1.9,94.7,-50.0,5.391,4895.8
40,admin.,single,unknown,no,no,no,cellular,nov,fri,1312,8,999,0,success,3.4,95.418,-50.7,6.157,4928.1
51,admin.,married,basic.9y,no,no,no,cellular,nov,thu,467,6,999,0,nonexistent,0.19999999999999996,94.393,-54.2,2.527,4799.1
52,admin.,single,high.school,no,yes,no,cellular,nov,tue,689,6,999,0,success,3.4,95.418,-50.7,6.1610000000000005,4928.1
46,admin.,single,basic.9y,no,yes,no,cellular,nov,thu,968,5,999,0,success,0.19999999999999996,94.393,-54.2,2.466,4799.1
53,admin.,married,professional.course,no,yes,no,cellular,nov,mon,552,5,999,1,success,1.9,94.7,-50.0,5.391,4895.8
54,admin.,single,professional.course,no,no,no,cellular,nov,wed,1092,7,9,1,success,0.19999999999999996,94.575,-55.1,2.615,4799.1
51,admin.,married,university.degree,no,yes,no,cellular,nov,mon,388,12,999,0,success,3.4,95.965,-49.8,6.065,4928.1
75,self-employed,divorced,university.degree,no,no,no,cellular,aug,thu,282,6,999,0,success,-0.8999999999999999,93.701,-39.4,2.083,4776.2
78,admin.,married,professional.course,no,no,no,cellular,nov,mon,269,8,999,0,success,-1.0,94.213,-41.0,1.906,4723.5
42,admin.,married,basic.9y,no,yes,yes,cellular,nov,fri,1751,6,999,0,success,3.4,95.418,-50.7,6.163,4928.1
47,admin.,married,university.degree,no,yes,no,cellular,aug,tue,1587,6,999,0,success,3.4,94.944,-44.1,6.166,4928.1
50,technician,single,professional.course,no,yes,no,cellular,nov,tue,457,5,6,2,success,0.30000000000000004,95.555,-47.8,1.9129999999999998,4691.6
40,admin.,single,basic.9y,no,yes,no,cellular,nov,wed,910,5,999,0,nonexistent,3.4,95.418,-50.7,6.163,4928.1
61,admin.,married,basic.9y,no,no,no,cellular,nov,thu,223,5,999,0,nonexistent,3.4,95.965,-49.8,6.1610000000000005,4928.1
72,blue-collar,divorced,basic.4y,no,no,no,cellular,nov,mon,539,5,12,1,success,-0.8999999999999999,94.463,-48.8,2.466,4776.2
55,admin.,married,basic.9y,unknown,yes,no,cellular,nov,thu,703,5,999,1,failure,0.19999999999999996,94.575,-55.1,2.61,4799.1
64,admin.,single,high.school,unknown,no,no,cellular,nov,thu,178,5,999,0,success,3.4,95.965,-49.8,6.1610000000000005,4928.1
62,admin.,married,basic.9y,unknown,no,no,cellular,nov,wed,424,5,999,0,success,0.19999999999999996,94.393,-54.2,2.534,4799.1
65,admin.,divorced,university.degree,no,no,no,cellular,nov,mon,228,10,999,0,nonexistent,3.4,95.418,-50.7,6.162,4928.1
53,blue-collar,divorced,basic.9y,no,yes,no,cellular,nov,tue,824,5,999,0,success,0.19999999999999996,94.393,-54.2,2.544,4799.1
54,blue-collar,married,basic.4y,no,yes,no,cellular,apr,mon,1117,7,999,0,success,0.19999999999999996,94.575,-55.1,2.605,4799.1
47,admin.,single,university.degree,no,yes,no,cellular,nov,wed,224,5,999,0,success,1.9,94.7,-50.0,5.32,4895.8
47,admin.,married,basic.4y,no,yes,no,cellular,nov,wed,232,5,999,0,success,1.9,94.7,-50.0,5.32,4895.8
70,technician,married,professional.course,no,yes,yes,cellular,nov,thu,302,9,999,0,nonexistent,3.4,95.418,-50.7,6.168,4928.1
57,admin.,divorced,university.degree,no,no,no,cellular,nov,mon,766,9,999,0,success,0.19999999999999996,94.393,-54.2,2.444,4799.1
58,admin.,married,basic.9y,no,yes,no,cellular,nov,tue,1360,6,999,0,success,-1.0,94.213,-41.0,1.907,4723.5
45,blue-collar,married,basic.4y,no,yes,no,cellular,nov,mon,484,5,999,0,success,0.19999999999999996,94.575,-55.1,2.605,4799.1
67,admin.,married,university.degree,no,no,no,cellular,nov,fri,2107,6,999,0,success,-1.4,93.879,-37.8,1.962,4717.5
47,admin.,married,high.school,unknown,yes,no,cellular,may,fri,151,13,999,0,success,0.19999999999999996,94.393,-54.2,2.513,4799.1
67,admin.,married,unknown,no,no,no,cellular,nov,tue,880,5,999,0,nonexistent,3.4,94.944,-44.1,6.168,4928.1
39,admin.,single,university.degree,no,no,no,cellular,apr,thu,1272,6,999,0,success,0.19999999999999996,94.575,-55.1,2.61,4799.1
48,admin.,divorced,high.school,no,yes,yes,cellular,nov,wed,278,7,999,0,nonexistent,3.1,95.494,-44.4,6.058,4891.0
51,admin.,divorced,professional.course,no,yes,no,cellular,nov,thu,1231,6,999,0,success,3.1,95.494,-44.4,6.0600000000000005,4891.0
58,admin.,married,professional.course,no,yes,no,cellular,may,fri,680,5,999,1,success,0.19999999999999996,94.393,-54.2,2.45,4799.1
72,admin.,divorced,university.degree,unknown,yes,yes,cellular,jul,tue,1589,10,999,0,success,3.4,95.418,-50.7,6.1610000000000005,4928.1
47,technician,married,high.school,no,yes,no,cellular,nov,mon,205,6,999,0,success,3.4,94.944,-44.1,6.165,4928.1
50,self-employed,married,university.degree,no,no,yes,cellular,nov,thu,458,10,999,0,nonexistent,3.1,95.494,-44.4,6.0600000000000005,4891.0
51,admin.,single,high.school,no,yes,no,cellular,may,thu,169,5,999,1,success,0.19999999999999996,94.393,-54.2,2.527,4799.1
69,admin.,married,unknown,no,yes,no,cellular,nov,mon,532,5,999,0,success,3.1,95.494,-44.4,6.057,4891.0
64,admin.,divorced,high.school,no,no,no,cellular,nov,fri,394,5,999,0,nonexistent,3.1,95.494,-44.4,6.064,4891.0
39,admin.,single,high.school,no,yes,no,cellular,nov,thu,881,7,999,0,nonexistent,-1.4,93.931,-34.9,1.922,4717.5
72,admin.,married,university.degree,no,yes,no,cellular,nov,mon,1135,6,999,0,success,3.4,95.418,-50.7,6.16,4928.1
58,admin.,single,university.degree,no,no,yes,cellular,nov,fri,340,9,999,0,success,-1.4,94.149,-38.1,1.914,4717.5
50,admin.,married,university.degree,no,yes,no,cellular,nov,thu,386,7,999,0,success,3.4,94.944,-44.1,6.162,4928.1
67,technician,married,high.school,no,yes,no,cellular,nov,wed,143,18,999,0,nonexistent,3.4,94.944,-44.1,6.164000000000001,4928.1
70,admin.,married,basic.9y,no,yes,no,cellular,nov,wed,878,6,999,0,success,3.4,95.418,-50.7,6.163,4928.1
41,technician,single,university.degree,no,no,no,cellular,nov,fri,352,6,6,1,success,0.30000000000000004,95.715,-48.3,2.061,4691.6
56,admin.,married,basic.9y,unknown,no,no,telephone,nov,mon,943,8,999,0,success,3.1,95.494,-44.4,6.057,4891.0
50,admin.,married,basic.4y,no,no,no,cellular,nov,thu,1265,5,999,0,success,3.4,95.965,-49.8,6.066,4928.1
52,admin.,unknown,high.school,no,no,no,cellular,nov,thu,291,10,999,0,success,3.1,95.494,-44.4,6.0600000000000005,4891.0
40,self-employed,single,university.degree,no,yes,no,cellular,nov,wed,791,7,999,0,success,3.1,95.494,-44.4,6.058,4891.0
69,admin.,married,basic.4y,unknown,no,no,cellular,jul,tue,415,8,999,0,success,3.4,95.418,-50.7,6.1610000000000005,4928.1
46,admin.,married,professional.course,no,yes,no,cellular,nov,thu,791,5,999,0,success,3.4,94.944,-44.1,6.164000000000001,4928.1
67,admin.,single,university.degree,unknown,yes,yes,cellular,nov,fri,372,6,999,0,success,3.1,95.494,-44.4,6.064,4891.0
63,admin.,married,basic.9y,no,no,no,cellular,nov,fri,255,7,999,0,success,3.4,95.965,-49.8,6.159,4928.1
66,admin.,married,basic.9y,unknown,no,no,telephone,nov,fri,158,7,999,0,success,3.1,95.494,-44.4,6.059,4891.0
57,admin.,married,university.degree,no,yes,no,cellular,nov,mon,671,6,999,0,success,0.19999999999999996,94.393,-54.2,2.4989999999999997,4799.1
40,technician,divorced,high.school,no,yes,no,cellular,nov,thu,547,6,999,0,nonexistent,3.4,95.418,-50.7,6.162,4928.1
55,admin.,married,high.school,no,yes,no,cellular,nov,mon,269,5,999,0,success,-0.8999999999999999,93.701,-39.4,2.021,4776.2
48,admin.,married,basic.9y,no,yes,no,cellular,nov,tue,709,9,999,0,nonexistent,3.4,95.418,-50.7,6.162,4928.1
50,admin.,married,professional.course,no,yes,no,cellular,nov,wed,241,5,999,1,failure,0.19999999999999996,94.393,-54.2,2.481,4799.1
71,admin.,married,basic.4y,unknown,no,no,cellular,nov,thu,1688,5,999,0,success,3.4,95.965,-49.8,6.158,4928.1
67,admin.,married,university.degree,no,no,no,cellular,nov,mon,349,8,999,1,failure,1.9,94.7,-50.0,5.391,4895.8
71,admin.,married,university.degree,unknown,yes,no,cellular,nov,wed,239,8,999,0,success,3.4,94.944,-44.1,6.164000000000001,4928.1
40,admin.,single,professional.course,no,no,no,cellular,nov,wed,453,8,999,0,success,3.4,95.965,-49.8,6.162,4928.1
43,admin.,single,basic.9y,no,yes,no,cellular,nov,fri,323,10,999,0,nonexistent,0.19999999999999996,94.393,-54.2,2.45,4799.1
42,admin.,married,high.school,no,yes,no,cellular,nov,wed,305,9,999,0,success,3.4,95.418,-50.7,6.163,4928.1
48,admin.,married,university.degree,no,yes,yes,cellular,nov,wed,273,5,999,0,success,3.1,95.494,-44.4,6.057,4891.0
43,admin.,married,university.degree,no,no,no,cellular,nov,mon,457,7,999,0,success,3.4,95.418,-50.7,6.162,4928.1
49,admin.,single,university.degree,no,no,no,cellular,nov,tue,365,6,999,0,success,3.4,94.944,-44.1,6.166,4928.1
70,admin.,married,basic.4y,no,no,no,cellular,nov,thu,453,5,999,0,success,3.4,95.418,-50.7,6.163,4928.1
41,admin.,married,basic.9y,no,yes,yes,cellular,nov,fri,660,7,999,0,success,3.4,95.418,-50.7,6.157,4928.1
46,admin.,single,professional.course,no,no,no,cellular,nov,thu,928,5,999,0,nonexistent,3.4,94.944,-44.1,6.164000000000001,4928.1
45,admin.,married,high.school,no,yes,no,cellular,nov,thu,433,6,999,0,success,1.9,94.7,-50.0,5.276,4895.8
60,admin.,married,basic.9y,no,yes,no,cellular,nov,thu,764,14,999,0,nonexistent,3.1,95.494,-44.4,6.0600000000000005,4891.0
71,admin.,married,university.degree,no,yes,yes,telephone,nov,wed,365,5,999,0,success,3.1,95.494,-44.4,6.058,4891.0
47,admin.,single,university.degree,no,no,no,cellular,aug,fri,448,5,999,0,success,3.4,94.944,-44.1,6.164000000000001,4928.1
40,admin.,single,high.school,no,no,no,cellular,jul,thu,241,5,999,0,nonexistent,3.4,95.418,-50.7,6.163,4928.1
65,admin.,single,high.school,no,no,no,telephone,may,fri,311,5,999,0,success,3.1,95.494,-44.4,6.055000000000001,4891.0
48,admin.,single,professional.course,no,yes,no,cellular,nov,thu,1414,5,999,0,success,3.4,94.944,-44.1,6.164000000000001,4928.1
48,admin.,married,university.degree,no,no,no,cellular,nov,mon,403,6,15,3,failure,0.19999999999999996,95.376,-48.0,1.885,4708.7
64,admin.,married,high.school,no,yes,no,cellular,nov,wed,550,5,999,0,success,3.4,95.418,-50.7,6.157,4928.1
46,admin.,married,professional.course,no,no,no,cellular,may,tue,406,5,999,0,success,3.1,95.494,-44.4,6.057,4891.0
43,admin.,single,high.school,no,no,no,cellular,nov,mon,586,7,999,0,nonexistent,3.4,95.418,-50.7,6.162,4928.1
70,admin.,married,basic.9y,no,no,no,cellular,nov,fri,460,6,999,1,success,1.9,94.7,-50.0,5.221,4895.8
71,admin.,divorced,basic.4y,unknown,yes,no,telephone,nov,thu,620,5,999,0,success,3.1,95.494,-44.4,6.0600000000000005,4891.0
68,technician,married,professional.course,unknown,yes,no,cellular,aug,thu,197,5,999,0,success,3.4,94.944,-44.1,6.162,4928.1
38,admin.,single,basic.9y,no,no,no,cellular,jun,thu,766,5,999,0,success,3.4,95.965,-49.8,6.1610000000000005,4928.1
47,admin.,single,high.school,no,yes,no,cellular,nov,wed,532,5,999,0,success,3.4,95.418,-50.7,6.163,4928.1
52,admin.,married,basic.6y,no,no,yes,cellular,nov,wed,775,8,999,0,success,0.19999999999999996,94.393,-54.2,2.534,4799.1
45,admin.,single,professional.course,no,yes,yes,cellular,nov,mon,320,6,999,0,success,3.4,95.418,-50.7,6.16,4928.1
53,entrepreneur,married,unknown,unknown,yes,no,cellular,may,tue,381,5,999,0,nonexistent,0.19999999999999996,94.393,-54.2,2.4909999999999997,4799.1
47,technician,married,high.school,no,yes,no,cellular,nov,tue,241,5,999,0,success,0.19999999999999996,94.393,-54.2,2.544,4799.1
49,admin.,divorced,professional.course,no,yes,no,cellular,nov,fri,493,5,999,0,success,3.4,94.944,-44.1,6.163,4928.1
69,admin.,married,high.school,unknown,yes,no,cellular,nov,mon,1002,16,999,0,success,3.4,95.965,-49.8,6.065,4928.1
49,blue-collar,married,basic.6y,unknown,yes,yes,cellular,nov,wed,448,6,999,1,success,1.9,94.7,-50.0,5.32,4895.8
47,admin.,single,professional.course,no,yes,yes,cellular,nov,thu,271,6,999,0,success,3.4,94.944,-44.1,6.163,4928.1
67,admin.,married,unknown,no,no,no,cellular,nov,thu,716,5,999,0,success,3.4,94.944,-44.1,6.163,4928.1
54,admin.,divorced,high.school,no,no,yes,cellular,nov,thu,494,5,999,0,nonexistent,3.4,95.418,-50.7,6.162,4928.1
50,admin.,married,high.school,no,yes,yes,cellular,nov,mon,406,14,999,0,success,0.19999999999999996,94.393,-54.2,2.5540000000000003,4799.1
60,admin.,married,professional.course,no,yes,no,cellular,nov,mon,291,8,999,0,nonexistent,3.4,94.944,-44.1,6.163,4928.1
59,admin.,married,professional.course,unknown,yes,no,cellular,nov,mon,372,7,999,0,nonexistent,3.1,95.494,-44.4,6.057,4891.0
48,admin.,married,professional.course,no,yes,no,cellular,nov,wed,478,11,999,1,success,0.19999999999999996,94.393,-54.2,2.534,4799.1
48,admin.,married,university.degree,no,no,yes,cellular,nov,wed,323,5,999,1,success,1.9,94.7,-50.0,5.32,4895.8
59,technician,married,high.school,no,yes,no,cellular,jul,tue,286,5,999,0,success,3.4,95.418,-50.7,6.1610000000000005,4928.1
50,admin.,married,basic.9y,unknown,yes,no,cellular,may,thu,628,5,999,0,success,0.19999999999999996,94.393,-54.2,2.527,4799.1
60,admin.,married,high.school,no,yes,no,cellular,nov,fri,260,13,999,0,nonexistent,3.1,95.494,-44.4,6.057,4891.0
53,admin.,single,university.degree,no,no,no,cellular,nov,thu,946,6,999,0,success,3.1,95.494,-44.4,6.055000000000001,4891.0
63,admin.,divorced,professional.course,no,yes,no,cellular,nov,wed,187,5,999,0,success,3.4,95.965,-49.8,6.064,4928.1
74,admin.,married,professional.course,unknown,yes,yes,cellular,jul,mon,1009,8,999,0,nonexistent,3.4,95.418,-50.7,6.16,4928.1
44,admin.,single,university.degree,no,no,no,cellular,nov,wed,1106,6,999,0,nonexistent,0.19999999999999996,94.575,-55.1,2.645,4799.1
46,admin.,married,university.degree,no,yes,no,cellular,nov,thu,898,5,999,0,success,0.19999999999999996,94.393,-54.2,2.466,4799.1
48,management,married,basic.9y,no,no,yes,cellular,apr,fri,248,6,999,0,nonexistent,0.19999999999999996,94.575,-55.1,2.605,4799.1
53,blue-collar,married,basic.9y,no,no,no,cellular,nov,tue,671,5,999,0,success,0.19999999999999996,94.393,-54.2,2.4909999999999997,4799.1
45,admin.,married,basic.9y,no,no,no,cellular,nov,wed,421,6,999,0,success,1.9,94.7,-50.0,5.32,4895.8
86,admin.,married,basic.4y,no,yes,no,cellular,nov,tue,491,5,999,0,success,-1.4,93.879,-37.8,1.988,4717.5
46,admin.,married,university.degree,unknown,no,no,cellular,nov,mon,615,5,999,0,success,3.4,94.944,-44.1,6.165,4928.1
51,admin.,married,basic.9y,unknown,yes,yes,cellular,nov,fri,572,8,999,0,success,3.1,95.494,-44.4,6.059,4891.0
57,admin.,married,university.degree,no,unknown,unknown,telephone,nov,thu,142,13,999,0,success,3.4,94.944,-44.1,6.162,4928.1
39,student,single,high.school,no,no,no,cellular,nov,wed,358,5,999,0,success,3.4,95.965,-49.8,6.064,4928.1
59,blue-collar,single,basic.9y,no,yes,no,cellular,may,mon,1085,6,999,1,failure,0.19999999999999996,94.393,-54.2,2.444,4799.1
53,admin.,married,university.degree,no,no,yes,cellular,nov,mon,491,5,999,0,success,3.1,95.494,-44.4,6.057,4891.0
54,admin.,married,university.degree,no,no,no,cellular,nov,wed,525,5,999,0,success,3.1,95.494,-44.4,6.058,4891.0
60,admin.,divorced,university.degree,no,yes,no,cellular,nov,mon,338,6,999,0,success,3.4,94.944,-44.1,6.165,4928.1
51,admin.,married,basic.4y,unknown,yes,yes,cellular,jul,tue,755,5,999,0,success,3.4,95.418,-50.7,6.162,4928.1
71,admin.,married,high.school,no,yes,yes,cellular,nov,tue,295,5,3,2,success,-0.8999999999999999,93.701,-39.4,2.083,4776.2
50,admin.,unknown,basic.9y,no,no,no,cellular,nov,tue,266,9,999,0,success,0.19999999999999996,94.393,-54.2,2.4909999999999997,4799.1
42,services,single,university.degree,no,yes,no,cellular,apr,thu,482,5,999,0,success,0.19999999999999996,94.575,-55.1,2.61,4799.1
62,admin.,married,basic.4y,unknown,yes,yes,cellular,nov,mon,734,5,999,0,nonexistent,0.19999999999999996,94.393,-54.2,2.4989999999999997,4799.1
70,admin.,married,university.degree,no,yes,no,cellular,nov,fri,1828,6,999,0,success,0.19999999999999996,94.575,-55.1,2.605,4799.1
53,admin.,married,basic.9y,no,no,no,cellular,jun,fri,221,5,999,0,success,3.4,95.965,-49.8,6.167,4928.1
53,admin.,single,university.degree,no,yes,no,cellular,nov,wed,579,10,999,0,nonexistent,1.9,94.7,-50.0,5.32,4895.8
50,admin.,single,university.degree,no,no,no,cellular,nov,mon,671,5,999,0,nonexistent,3.4,94.944,-44.1,6.163,4928.1
46,admin.,single,university.degree,no,yes,yes,cellular,nov,fri,255,5,999,0,success,1.9,94.7,-50.0,5.221,4895.8
58,admin.,married,basic.4y,no,yes,no,cellular,jul,wed,313,5,999,0,nonexistent,3.4,95.418,-50.7,6.162,4928.1
46,admin.,married,high.school,no,yes,no,cellular,may,wed,977,5,999,0,success,0.19999999999999996,94.393,-54.2,2.481,4799.1
55,admin.,single,university.degree,no,yes,no,cellular,nov,mon,370,6,3,1,success,-1.4,94.149,-38.1,1.914,4717.5
50,blue-collar,divorced,basic.6y,no,yes,no,cellular,nov,fri,502,5,999,0,success,0.19999999999999996,94.575,-55.1,2.605,4799.1
46,admin.,single,high.school,no,yes,no,cellular,nov,fri,671,5,999,0,success,1.9,94.7,-50.0,5.221,4895.8
42,admin.,divorced,high.school,no,yes,no,telephone,nov,tue,352,7,999,0,nonexistent,3.4,95.418,-50.7,6.1610000000000005,4928.1
51,admin.,single,university.degree,no,no,no,cellular,nov,wed,1391,5,7,1,success,0.30000000000000004,95.555,-47.8,1.939,4691.6
45,admin.,single,university.degree,no,no,no,cellular,nov,tue,224,5,999,0,success,3.4,94.944,-44.1,6.163,4928.1
90,admin.,married,unknown,no,no,no,telephone,nov,tue,1337,6,999,4,failure,0.30000000000000004,95.527,-46.3,2.099,4691.6
60,admin.,married,unknown,no,no,no,telephone,nov,thu,374,5,999,0,success,3.4,95.965,-49.8,6.1610000000000005,4928.1
71,admin.,divorced,university.degree,no,no,no,cellular,nov,tue,518,7,999,0,success,3.4,95.418,-50.7,6.1610000000000005,4928.1
49,admin.,married,basic.9y,no,no,no,cellular,nov,wed,401,6,999,1,success,0.19999999999999996,94.393,-54.2,2.534,4799.1
45,admin.,married,high.school,no,yes,no,cellular,nov,tue,590,5,999,0,nonexistent,3.1,95.494,-44.4,6.056,4891.0
71,admin.,married,university.degree,no,no,yes,cellular,nov,thu,998,5,999,0,success,0.19999999999999996,94.575,-55.1,2.565,4799.1
61,admin.,divorced,university.degree,no,yes,no,telephone,nov,wed,417,6,999,0,nonexistent,3.4,95.965,-49.8,6.064,4928.1
61,admin.,married,basic.9y,unknown,no,no,cellular,nov,mon,1715,7,999,0,success,3.1,95.494,-44.4,6.058,4891.0
62,admin.,married,high.school,no,yes,yes,cellular,nov,thu,226,10,999,0,success,3.4,94.944,-44.1,6.162,4928.1
52,admin.,married,basic.9y,no,no,no,cellular,nov,wed,404,5,999,0,nonexistent,3.1,95.494,-44.4,6.059,4891.0
41,services,single,high.school,no,no,no,cellular,nov,thu,557,5,999,0,success,0.19999999999999996,94.393,-54.2,2.466,4799.1
53,admin.,divorced,university.degree,no,no,no,cellular,jul,tue,538,7,999,0,success,3.4,95.418,-50.7,6.1610000000000005,4928.1
69,admin.,married,university.degree,unknown,yes,no,cellular,nov,thu,350,6,999,0,success,3.4,94.944,-44.1,6.164000000000001,4928.1
42,admin.,married,university.degree,no,no,yes,cellular,nov,mon,275,5,999,1,failure,0.19999999999999996,94.393,-54.2,2.464,4799.1
50,admin.,married,high.school,unknown,yes,no,cellular,may,tue,507,5,999,0,success,0.19999999999999996,94.393,-54.2,2.544,4799.1
50,admin.,married,basic.9y,no,no,no,cellular,nov,tue,586,5,999,0,success,3.1,95.494,-44.4,6.057,4891.0
57,admin.,single,university.degree,no,no,no,cellular,nov,wed,250,5,999,0,success,1.9,94.7,-50.0,5.32,4895.8
49,admin.,married,university.degree,no,no,no,cellular,nov,thu,268,10,999,0,success,0.19999999999999996,94.575,-55.1,2.565,4799.1
50,admin.,married,basic.6y,no,yes,no,cellular,nov,tue,385,6,999,0,success,3.4,95.965,-49.8,6.1610000000000005,4928.1
41,admin.,single,high.school,unknown,yes,no,cellular,nov,tue,489,5,999,0,success,0.19999999999999996,94.393,-54.2,2.544,4799.1
63,admin.,married,basic.9y,no,yes,no,cellular,nov,wed,332,7,999,0,success,3.4,94.944,-44.1,6.164000000000001,4928.1
63,admin.,divorced,university.degree,no,yes,no,cellular,nov,thu,1182,5,999,0,nonexistent,0.19999999999999996,94.393,-54.2,2.527,4799.1
43,blue-collar,single,basic.9y,no,yes,no,cellular,nov,tue,208,5,999,0,success,3.1,95.494,-44.4,6.056,4891.0
62,admin.,married,high.school,no,yes,no,cellular,nov,thu,818,7,999,0,nonexistent,3.4,95.418,-50.7,6.168,4928.1
47,admin.,divorced,university.degree,no,yes,yes,cellular,may,mon,401,9,999,0,success,0.19999999999999996,94.393,-54.2,2.444,4799.1
58,admin.,married,basic.4y,unknown,yes,yes,cellular,nov,wed,552,5,999,0,success,0.19999999999999996,94.393,-54.2,2.481,4799.1
51,admin.,single,university.degree,no,no,no,cellular,nov,tue,152,5,999,0,success,1.9,94.7,-50.0,5.353,4895.8
45,admin.,single,basic.9y,no,no,yes,cellular,nov,wed,331,5,999,0,success,1.9,94.7,-50.0,5.32,4895.8
46,admin.,single,high.school,no,yes,no,cellular,nov,mon,406,6,999,0,success,3.1,95.494,-44.4,6.057,4891.0
68,admin.,married,high.school,no,no,no,cellular,nov,wed,644,6,999,0,nonexistent,1.9,94.7,-50.0,5.32,4895.8
69,admin.,married,high.school,no,yes,no,cellular,nov,fri,286,5,999,0,success,3.4,94.944,-44.1,6.164000000000001,4928.1
50,admin.,married,high.school,no,yes,no,cellular,nov,thu,367,5,999,1,success,0.19999999999999996,94.575,-55.1,2.61,4799.1
40,blue-collar,single,basic.9y,no,yes,no,cellular,nov,wed,399,5,999,0,nonexistent,3.1,95.494,-44.4,6.059,4891.0
40,admin.,single,basic.9y,no,yes,no,cellular,nov,thu,151,22,999,0,success,3.4,95.418,-50.7,6.168,4928.1
42,admin.,married,high.school,no,no,no,cellular,nov,thu,365,9,999,1,success,0.19999999999999996,94.393,-54.2,2.466,4799.1
62,admin.,divorced,university.degree,no,no,no,cellular,nov,fri,671,7,999,1,success,0.19999999999999996,94.393,-54.2,2.45,4799.1
61,admin.,divorced,university.degree,no,no,no,cellular,nov,fri,140,11,999,0,success,1.9,94.7,-50.0,5.221,4895.8
64,admin.,married,high.school,unknown,no,no,cellular,nov,wed,424,5,6,3,success,0.8999999999999999,96.101,-57.5,2.185,4663.6
49,admin.,single,university.degree,no,yes,no,cellular,nov,fri,244,9,999,0,success,0.19999999999999996,94.393,-54.2,2.45,4799.1
54,admin.,married,basic.4y,no,yes,no,telephone,may,wed,392,7,999,0,success,3.1,95.494,-44.4,6.057,4891.0
51,admin.,married,high.school,no,yes,no,cellular,nov,fri,397,5,999,0,success,0.19999999999999996,94.393,-54.2,2.513,4799.1
50,management,married,university.degree,no,no,no,cellular,nov,thu,786,5,999,0,nonexistent,0.19999999999999996,94.393,-54.2,2.527,4799.1
59,admin.,divorced,high.school,no,no,no,cellular,jul,mon,334,7,999,0,success,3.4,95.418,-50.7,6.162,4928.1
52,admin.,married,basic.4y,unknown,yes,no,cellular,nov,tue,437,5,999,0,success,3.4,94.944,-44.1,6.165,4928.1
45,admin.,single,university.degree,no,yes,yes,cellular,nov,wed,1223,7,999,0,nonexistent,3.4,95.418,-50.7,6.157,4928.1
55,admin.,married,basic.6y,no,no,no,cellular,jul,mon,233,10,999,0,success,3.4,95.418,-50.7,6.16,4928.1
55,admin.,married,basic.4y,unknown,unknown,unknown,cellular,may,wed,793,5,999,0,nonexistent,3.1,95.494,-44.4,6.056,4891.0
42,admin.,single,high.school,no,no,no,cellular,nov,thu,532,5,999,0,nonexistent,0.19999999999999996,94.575,-55.1,2.61,4799.1
47,admin.,single,university.degree,no,no,no,cellular,nov,tue,208,6,999,0,success,0.19999999999999996,94.575,-55.1,2.653,4799.1
50,admin.,single,basic.4y,unknown,unknown,unknown,cellular,nov,wed,689,5,999,1,failure,1.9,94.7,-50.0,5.32,4895.8
71,admin.,single,professional.course,no,yes,no,cellular,nov,mon,1051,7,999,1,success,0.19999999999999996,94.393,-54.2,2.444,4799.1
69,admin.,married,basic.9y,unknown,no,no,telephone,nov,tue,250,5,999,0,success,3.4,95.965,-49.8,6.1610000000000005,4928.1
45,admin.,married,professional.course,no,unknown,unknown,cellular,nov,wed,367,6,999,0,success,3.1,95.494,-44.4,6.059,4891.0
69,admin.,married,high.school,no,yes,no,cellular,nov,thu,487,8,999,0,success,3.4,94.944,-44.1,6.164000000000001,4928.1
64,admin.,married,basic.4y,unknown,unknown,unknown,cellular,may,tue,1063,6,999,0,success,3.1,95.494,-44.4,6.057,4891.0
44,admin.,single,high.school,unknown,yes,no,cellular,jul,fri,640,6,999,0,success,3.4,95.418,-50.7,6.163,4928.1
44,admin.,single,professional.course,no,yes,no,cellular,nov,wed,970,5,999,0,success,3.4,94.944,-44.1,6.164000000000001,4928.1
61,admin.,married,basic.9y,no,yes,yes,cellular,nov,tue,2298,8,999,1,failure,-0.8999999999999999,94.463,-48.8,2.4619999999999997,4776.2
62,admin.,divorced,high.school,no,yes,no,cellular,nov,tue,309,5,999,0,nonexistent,0.19999999999999996,94.393,-54.2,2.4909999999999997,4799.1
59,admin.,married,university.degree,no,no,no,cellular,nov,thu,505,6,999,0,nonexistent,3.4,94.944,-44.1,6.162,4928.1
54,admin.,divorced,basic.9y,unknown,no,no,cellular,nov,wed,311,5,999,0,success,0.19999999999999996,94.393,-54.2,2.534,4799.1
69,admin.,divorced,university.degree,no,yes,no,cellular,nov,fri,359,5,999,0,success,0.19999999999999996,94.393,-54.2,2.45,4799.1
44,admin.,single,university.degree,unknown,no,no,cellular,nov,fri,278,5,999,0,success,3.4,94.944,-44.1,6.166,4928.1
75,admin.,married,university.degree,no,no,no,cellular,nov,fri,554,6,999,0,success,3.4,95.418,-50.7,6.162,4928.1
46,admin.,married,professional.course,unknown,yes,no,cellular,nov,wed,271,6,999,0,success,3.4,94.944,-44.1,6.165,4928.1
53,admin.,married,high.school,no,yes,yes,cellular,nov,fri,664,5,999,0,success,0.19999999999999996,94.393,-54.2,2.513,4799.1
46,admin.,single,professional.course,no,no,no,cellular,apr,mon,511,5,999,0,nonexistent,0.19999999999999996,94.575,-55.1,2.605,4799.1
47,admin.,married,university.degree,no,no,yes,cellular,nov,wed,541,5,999,1,success,1.9,94.7,-50.0,5.32,4895.8
50,admin.,married,high.school,no,no,no,cellular,nov,tue,408,6,999,0,nonexistent,3.4,95.418,-50.7,6.1610000000000005,4928.1
48,admin.,single,professional.course,no,yes,no,cellular,nov,wed,482,5,999,1,failure,0.19999999999999996,94.393,-54.2,2.481,4799.1
90,admin.,divorced,basic.4y,no,no,no,cellular,nov,thu,565,6,999,0,success,-1.4,93.931,-34.9,1.922,4717.5
45,admin.,single,high.school,no,no,no,cellular,nov,tue,437,5,999,0,success,3.4,95.418,-50.7,6.1610000000000005,4928.1
71,admin.,single,basic.4y,no,yes,no,cellular,nov,mon,1484,5,999,0,success,3.4,95.418,-50.7,6.16,4928.1
51,blue-collar,married,basic.4y,unknown,no,no,cellular,nov,tue,541,5,999,0,nonexistent,0.19999999999999996,94.393,-54.2,2.544,4799.1
46,admin.,divorced,university.degree,no,no,no,cellular,nov,mon,566,8,999,0,success,0.19999999999999996,94.343,-58.0,2.76,4799.1
61,admin.,divorced,high.school,no,no,no,cellular,nov,mon,520,7,999,0,success,0.19999999999999996,94.393,-54.2,2.4989999999999997,4799.1
58,admin.,married,basic.9y,no,yes,yes,cellular,nov,tue,691,6,999,0,nonexistent,0.19999999999999996,94.393,-54.2,2.4909999999999997,4799.1
49,admin.,married,high.school,no,no,no,cellular,nov,mon,745,5,999,1,success,0.19999999999999996,94.393,-54.2,2.4989999999999997,4799.1
62,admin.,divorced,high.school,no,no,yes,cellular,nov,thu,871,9,999,0,success,3.4,95.418,-50.7,6.162,4928.1
68,admin.,divorced,high.school,unknown,yes,no,cellular,nov,thu,476,5,999,0,success,0.19999999999999996,94.575,-55.1,2.61,4799.1
47,admin.,single,university.degree,no,no,no,cellular,nov,wed,1078,6,999,0,success,0.19999999999999996,94.393,-54.2,2.4699999999999998,4799.1
66,self-employed,married,university.degree,unknown,yes,no,cellular,jun,tue,181,5,999,0,nonexistent,3.4,95.965,-49.8,6.064,4928.1
67,admin.,divorced,university.degree,no,no,yes,cellular,nov,tue,1549,5,999,0,success,3.4,94.944,-44.1,6.168,4928.1
44,admin.,married,high.school,no,yes,no,cellular,nov,wed,1209,7,999,0,success,0.30000000000000004,95.555,-47.8,1.927,4691.6
72,admin.,divorced,basic.9y,no,yes,no,cellular,nov,wed,1097,6,999,0,success,3.1,95.494,-44.4,6.057,4891.0
48,admin.,married,university.degree,no,no,no,cellular,nov,thu,620,5,999,0,success,3.4,95.418,-50.7,6.158,4928.1
69,admin.,married,university.degree,no,no,no,cellular,nov,thu,136,9,999,0,success,3.4,95.418,-50.7,6.168,4928.1
65,admin.,single,university.degree,no,no,no,cellular,aug,tue,790,5,6,2,success,0.30000000000000004,95.527,-46.3,2.104,4691.6
68,admin.,married,high.school,no,no,yes,cellular,nov,tue,745,7,999,0,success,3.4,95.418,-50.7,6.1610000000000005,4928.1
51,blue-collar,married,basic.9y,no,no,no,cellular,nov,tue,352,5,999,0,success,0.19999999999999996,94.575,-55.1,2.623,4799.1
54,admin.,married,professional.course,no,yes,no,cellular,nov,tue,646,11,999,0,nonexistent,3.1,95.494,-44.4,6.057,4891.0
43,admin.,single,high.school,no,no,no,cellular,nov,thu,1416,6,999,0,nonexistent,3.4,95.418,-50.7,6.163,4928.1
57,admin.,single,high.school,unknown,yes,no,cellular,jul,wed,381,7,999,0,success,3.4,95.418,-50.7,6.163,4928.1
57,admin.,married,basic.4y,no,no,no,cellular,jul,mon,300,8,999,0,nonexistent,3.4,95.418,-50.7,6.16,4928.1
71,admin.,married,university.degree,no,yes,no,cellular,nov,tue,386,8,999,0,success,3.1,95.494,-44.4,6.057,4891.0
49,admin.,married,university.degree,no,yes,yes,cellular,nov,fri,354,5,999,0,success,0.19999999999999996,94.575,-55.1,2.605,4799.1
66,admin.,divorced,high.school,no,yes,no,cellular,nov,tue,466,5,6,1,success,-0.8999999999999999,93.701,-39.4,2.038,4776.2
55,admin.,divorced,basic.9y,unknown,no,no,cellular,nov,tue,982,5,999,0,success,3.4,95.965,-49.8,6.064,4928.1
50,technician,married,professional.course,no,no,no,cellular,nov,fri,520,10,999,0,success,3.4,94.944,-44.1,6.164000000000001,4928.1
39,admin.,single,university.degree,no,yes,no,cellular,apr,thu,736,7,999,0,nonexistent,0.19999999999999996,94.575,-55.1,2.565,4799.1
55,admin.,married,professional.course,no,unknown,unknown,cellular,nov,mon,370,11,999,0,success,3.4,94.944,-44.1,6.165,4928.1
38,admin.,single,high.school,no,yes,no,cellular,nov,thu,757,7,999,0,success,0.19999999999999996,94.575,-55.1,2.565,4799.1
60,admin.,single,basic.9y,no,yes,yes,cellular,nov,tue,334,6,999,1,failure,0.19999999999999996,94.575,-55.1,2.623,4799.1
64,admin.,married,high.school,no,no,no,cellular,nov,tue,485,5,999,0,success,3.4,94.944,-44.1,6.168,4928.1
44,admin.,single,high.school,no,yes,no,telephone,nov,thu,1952,7,999,0,success,3.4,95.965,-49.8,6.066,4928.1
47,admin.,married,high.school,no,no,no,cellular,nov,tue,131,5,999,1,success,0.8999999999999999,95.699,-45.5,2.077,4663.6
67,blue-collar,married,basic.4y,no,yes,no,cellular,nov,wed,568,5,999,0,success,0.19999999999999996,94.575,-55.1,2.645,4799.1
65,services,married,basic.6y,no,yes,no,cellular,aug,thu,446,5,999,0,success,3.4,94.944,-44.1,6.168,4928.1
48,admin.,single,high.school,no,yes,no,cellular,nov,fri,2078,7,999,0,success,-0.8999999999999999,93.701,-39.4,2.081,4776.2
76,admin.,married,university.degree,no,yes,no,cellular,nov,wed,392,5,999,0,success,-0.8999999999999999,94.463,-48.8,2.46,4776.2
56,admin.,married,university.degree,no,yes,yes,cellular,nov,tue,916,6,999,0,success,3.1,95.494,-44.4,6.057,4891.0
44,admin.,married,basic.9y,no,yes,no,cellular,nov,mon,1319,5,999,0,success,0.19999999999999996,94.393,-54.2,2.4989999999999997,4799.1
64,admin.,married,professional.course,no,yes,no,cellular,nov,fri,138,18,999,0,success,3.4,95.965,-49.8,6.159,4928.1
58,admin.,married,basic.4y,unknown,yes,no,cellular,may,wed,385,5,999,0,success,0.19999999999999996,94.393,-54.2,2.534,4799.1
63,admin.,married,high.school,unknown,no,no,cellular,nov,thu,1517,5,999,0,success,3.4,94.944,-44.1,6.163,4928.1
52,admin.,married,university.degree,no,no,no,cellular,nov,thu,440,6,13,2,success,0.8999999999999999,96.101,-57.5,2.2249999999999996,4663.6
60,admin.,divorced,university.degree,no,no,no,cellular,nov,tue,421,5,9,1,success,0.19999999999999996,94.393,-54.2,2.466,4799.1
47,admin.,single,professional.course,no,yes,yes,telephone,nov,fri,568,5,999,0,success,3.1,95.494,-44.4,6.057,4891.0
54,admin.,married,unknown,no,yes,no,cellular,jul,thu,314,8,999,0,success,3.4,95.418,-50.7,6.168,4928.1
52,admin.,divorced,professional.course,no,no,yes,cellular,nov,mon,300,6,999,0,success,3.4,95.418,-50.7,6.16,4928.1
51,admin.,married,basic.9y,no,no,no,cellular,nov,fri,977,7,999,0,success,3.1,95.494,-44.4,6.059,4891.0
38,admin.,single,university.degree,no,no,no,cellular,apr,wed,685,5,999,1,success,0.19999999999999996,94.575,-55.1,2.605,4799.1
65,admin.,married,basic.4y,unknown,yes,no,cellular,nov,fri,248,5,999,0,nonexistent,0.19999999999999996,94.575,-55.1,2.605,4799.1
54,admin.,married,basic.9y,no,yes,no,cellular,nov,thu,575,5,999,0,success,0.19999999999999996,94.575,-55.1,2.683,4799.1
57,admin.,married,basic.4y,no,no,no,cellular,nov,fri,1027,5,999,0,success,3.4,95.418,-50.7,6.163,4928.1
61,admin.,married,basic.9y,unknown,yes,no,cellular,nov,fri,1661,7,999,0,success,3.4,95.965,-49.8,6.159,4928.1
62,management,divorced,university.degree,no,no,no,cellular,nov,thu,1187,5,999,0,success,3.4,95.965,-49.8,6.1610000000000005,4928.1
59,admin.,married,basic.4y,unknown,no,no,cellular,may,tue,1306,5,999,1,success,0.19999999999999996,94.393,-54.2,2.544,4799.1
45,admin.,married,university.degree,no,no,no,cellular,nov,fri,649,8,999,0,success,3.1,95.494,-44.4,6.059,4891.0
62,admin.,married,basic.4y,unknown,no,no,cellular,nov,mon,260,5,999,0,success,3.4,95.418,-50.7,6.162,4928.1
45,admin.,married,high.school,unknown,yes,no,cellular,apr,thu,1286,5,999,0,success,0.19999999999999996,94.575,-55.1,2.61,4799.1
53,admin.,married,university.degree,no,yes,no,cellular,nov,fri,313,5,999,0,success,0.19999999999999996,94.575,-55.1,2.605,4799.1
58,admin.,married,basic.9y,unknown,no,no,cellular,nov,fri,2820,6,999,0,success,3.1,95.494,-44.4,6.064,4891.0
44,admin.,married,university.degree,no,yes,no,cellular,nov,fri,136,20,999,0,nonexistent,3.4,95.965,-49.8,6.159,4928.1
49,admin.,married,high.school,unknown,no,no,cellular,nov,wed,554,6,999,0,nonexistent,3.4,95.418,-50.7,6.157,4928.1
55,admin.,married,basic.9y,unknown,yes,yes,cellular,nov,wed,356,6,999,1,success,0.19999999999999996,94.393,-54.2,2.534,4799.1
68,admin.,married,basic.4y,no,yes,no,cellular,nov,fri,352,6,999,0,nonexistent,-1.4,93.879,-37.8,1.9729999999999999,4717.5
52,admin.,single,basic.6y,unknown,unknown,unknown,cellular,nov,tue,268,6,999,0,nonexistent,3.4,95.965,-49.8,6.1610000000000005,4928.1
46,services,single,high.school,no,no,no,cellular,nov,wed,737,6,999,0,success,0.19999999999999996,94.393,-54.2,2.534,4799.1
52,admin.,married,high.school,no,yes,yes,cellular,nov,tue,430,11,999,0,success,3.1,95.494,-44.4,6.057,4891.0
54,admin.,married,university.degree,no,no,no,cellular,nov,tue,316,8,999,0,success,3.1,95.494,-44.4,6.056,4891.0
45,admin.,single,university.degree,unknown,yes,no,cellular,nov,thu,305,6,999,0,success,3.4,94.944,-44.1,6.168,4928.1
73,admin.,single,professional.course,no,no,yes,cellular,nov,thu,723,5,999,0,nonexistent,0.19999999999999996,95.249,-42.6,1.8399999999999999,4708.7
71,admin.,married,professional.course,no,no,no,cellular,nov,thu,212,6,999,0,success,1.9,94.7,-50.0,5.276,4895.8
42,admin.,married,high.school,no,yes,no,cellular,nov,thu,374,5,999,0,success,3.4,95.418,-50.7,6.163,4928.1
49,admin.,married,high.school,no,yes,no,cellular,nov,wed,296,5,999,0,success,0.19999999999999996,94.575,-55.1,2.645,4799.1
69,admin.,divorced,basic.4y,unknown,no,no,cellular,nov,thu,377,5,999,0,success,3.4,95.418,-50.7,6.163,4928.1
46,admin.,divorced,high.school,no,no,no,cellular,nov,mon,714,5,999,0,success,0.19999999999999996,94.575,-55.1,2.605,4799.1
56,admin.,married,basic.9y,no,yes,no,cellular,nov,tue,399,8,999,1,success,0.19999999999999996,94.393,-54.2,2.544,4799.1
65,admin.,married,basic.4y,unknown,yes,yes,cellular,nov,fri,379,19,999,0,success,3.4,95.965,-49.8,6.167,4928.1
56,admin.,single,university.degree,no,unknown,unknown,cellular,nov,thu,2419,5,999,0,success,0.19999999999999996,94.575,-55.1,2.565,4799.1
61,admin.,married,university.degree,no,no,no,cellular,nov,mon,241,9,999,0,success,3.4,94.944,-44.1,6.165,4928.1
75,admin.,married,basic.9y,no,yes,no,cellular,aug,fri,228,6,999,0,success,3.4,94.944,-44.1,6.163,4928.1
41,admin.,married,high.school,no,yes,yes,telephone,nov,wed,334,6,999,0,success,3.4,95.965,-49.8,6.064,4928.1
52,technician,married,university.degree,no,no,no,cellular,may,wed,768,6,999,0,success,3.1,95.494,-44.4,6.059,4891.0
56,admin.,single,unknown,unknown,no,no,cellular,jul,tue,1411,17,999,0,success,3.4,95.418,-50.7,6.1610000000000005,4928.1
46,admin.,married,basic.4y,no,yes,no,cellular,nov,wed,404,5,999,1,success,0.19999999999999996,94.393,-54.2,2.481,4799.1
57,admin.,divorced,university.degree,no,yes,no,cellular,nov,fri,259,5,999,0,success,3.4,94.944,-44.1,6.163,4928.1
63,blue-collar,married,basic.4y,unknown,no,no,cellular,nov,tue,246,8,999,0,success,3.1,95.494,-44.4,6.056,4891.0
54,blue-collar,married,basic.9y,no,yes,no,cellular,nov,wed,404,5,999,0,success,1.9,94.7,-50.0,5.32,4895.8
62,admin.,divorced,high.school,no,yes,no,telephone,nov,thu,2323,5,999,0,success,3.4,95.965,-49.8,6.1610000000000005,4928.1
51,admin.,married,university.degree,no,no,no,cellular,jun,thu,469,5,999,0,success,-0.8999999999999999,94.463,-48.8,2.46,4776.2
54,admin.,single,university.degree,no,no,no,cellular,nov,tue,228,5,999,0,success,3.4,95.418,-50.7,6.1610000000000005,4928.1
46,admin.,single,basic.9y,no,no,no,cellular,nov,thu,667,6,999,1,success,0.19999999999999996,94.393,-54.2,2.466,4799.1
53,admin.,divorced,high.school,unknown,yes,no,cellular,nov,mon,487,5,999,0,success,3.1,95.494,-44.4,6.057,4891.0
72,retired,divorced,basic.9y,no,no,no,cellular,nov,fri,1735,7,999,0,success,-0.8999999999999999,93.969,-41.6,2.259,4776.2
50,blue-collar,single,unknown,no,yes,no,telephone,nov,tue,394,5,999,0,nonexistent,3.1,95.494,-44.4,6.056,4891.0
60,admin.,married,unknown,no,yes,no,cellular,apr,thu,1819,5,999,1,success,0.19999999999999996,94.575,-55.1,2.61,4799.1
75,admin.,divorced,professional.course,unknown,no,no,cellular,nov,wed,822,5,999,0,success,3.1,95.494,-44.4,6.057,4891.0
67,blue-collar,married,basic.4y,no,no,no,cellular,aug,mon,496,6,999,0,nonexistent,3.4,94.944,-44.1,6.165,4928.1
64,admin.,married,professional.course,no,no,no,cellular,aug,mon,286,6,999,0,success,3.4,94.944,-44.1,6.165,4928.1
50,admin.,married,university.degree,no,no,no,cellular,nov,mon,1502,6,3,4,success,0.30000000000000004,95.715,-48.3,2.089,4691.6
51,admin.,married,university.degree,no,no,no,cellular,nov,tue,498,5,999,0,success,3.1,95.494,-44.4,6.057,4891.0
59,admin.,single,basic.4y,no,yes,no,telephone,nov,mon,257,5,999,0,success,3.4,95.965,-49.8,6.1610000000000005,4928.1
51,admin.,single,professional.course,unknown,yes,no,cellular,nov,wed,491,5,999,0,nonexistent,0.19999999999999996,94.393,-54.2,2.534,4799.1
37,technician,single,professional.course,no,yes,no,cellular,aug,tue,340,5,999,0,success,0.30000000000000004,95.527,-46.3,2.104,4691.6
52,admin.,married,professional.course,no,yes,yes,cellular,mar,wed,831,5,9,1,success,0.19999999999999996,94.869,-42.8,1.8439999999999999,4708.7
56,admin.,married,professional.course,no,no,no,cellular,aug,tue,394,5,999,0,success,3.4,94.944,-44.1,6.166,4928.1
56,admin.,married,professional.course,no,yes,no,cellular,nov,mon,1101,6,999,0,success,0.8999999999999999,96.267,-58.8,2.239,4663.6
44,admin.,divorced,university.degree,no,no,yes,cellular,nov,tue,1173,6,999,0,success,3.4,95.965,-49.8,6.1610000000000005,4928.1
65,services,married,high.school,no,yes,no,cellular,nov,tue,352,5,999,1,success,1.9,94.7,-50.0,5.353,4895.8
78,admin.,married,unknown,no,no,no,cellular,aug,tue,205,5,999,1,success,-0.8999999999999999,93.701,-39.4,2.038,4776.2
67,admin.,married,high.school,no,yes,no,cellular,nov,fri,356,5,999,0,nonexistent,3.4,94.944,-44.1,6.163,4928.1
58,blue-collar,divorced,basic.9y,unknown,yes,no,cellular,nov,fri,226,8,999,0,success,0.19999999999999996,94.393,-54.2,2.45,4799.1
55,admin.,married,basic.9y,no,yes,no,cellular,nov,fri,1943,6,999,0,nonexistent,0.19999999999999996,94.575,-55.1,2.605,4799.1
51,admin.,married,university.degree,no,no,no,cellular,nov,fri,847,5,999,0,success,3.1,95.494,-44.4,6.059,4891.0
42,admin.,single,university.degree,no,no,yes,cellular,nov,tue,397,5,999,0,success,-0.8999999999999999,94.463,-48.8,2.4619999999999997,4776.2
57,admin.,married,university.degree,no,no,no,cellular,nov,mon,235,6,999,0,success,3.1,95.494,-44.4,6.057,4891.0
44,management,single,university.degree,no,yes,no,cellular,aug,thu,268,6,999,0,success,3.4,94.944,-44.1,6.162,4928.1
65,admin.,married,high.school,no,no,no,cellular,nov,thu,1574,7,999,0,success,1.9,94.7,-50.0,5.276,4895.8
56,admin.,married,basic.4y,no,no,no,cellular,nov,thu,413,5,999,0,nonexistent,3.4,95.965,-49.8,6.066,4928.1
40,admin.,single,high.school,no,no,no,cellular,nov,wed,248,8,999,0,nonexistent,3.4,95.418,-50.7,6.163,4928.1
74,admin.,married,basic.9y,no,no,no,cellular,nov,thu,1200,6,999,1,success,0.19999999999999996,94.393,-54.2,2.527,4799.1
52,admin.,married,basic.9y,no,yes,no,cellular,nov,fri,498,5,999,0,success,0.19999999999999996,94.393,-54.2,2.513,4799.1
57,admin.,married,high.school,no,no,no,cellular,nov,tue,244,5,999,0,success,3.1,95.494,-44.4,6.057,4891.0
42,admin.,single,university.degree,no,no,no,cellular,nov,tue,493,5,999,0,success,-0.8999999999999999,93.969,-41.6,2.2439999999999998,4776.2
60,admin.,divorced,university.degree,no,no,no,cellular,nov,mon,280,5,999,0,success,1.9,94.7,-50.0,5.391,4895.8
47,admin.,single,university.degree,no,no,no,cellular,nov,fri,547,6,999,1,success,0.30000000000000004,95.715,-48.3,2.061,4691.6
41,student,single,professional.course,no,no,yes,cellular,nov,fri,448,6,999,0,success,0.19999999999999996,94.393,-54.2,2.4589999999999996,4799.1
39,student,single,high.school,no,yes,no,cellular,nov,thu,637,6,999,0,success,3.1,95.494,-44.4,6.055000000000001,4891.0
51,admin.,married,university.degree,no,yes,no,cellular,nov,mon,514,6,999,0,nonexistent,0.19999999999999996,94.393,-54.2,2.4989999999999997,4799.1
72,blue-collar,married,basic.9y,no,yes,no,cellular,nov,tue,311,6,999,0,success,3.4,95.418,-50.7,6.1610000000000005,4928.1
97,admin.,single,basic.4y,no,yes,no,cellular,nov,thu,453,6,999,0,nonexistent,-1.4,93.931,-34.9,1.922,4717.5
48,admin.,single,high.school,no,yes,no,cellular,nov,thu,430,6,999,0,success,1.9,94.7,-50.0,5.276,4895.8
53,admin.,single,professional.course,no,yes,no,cellular,nov,mon,394,9,999,0,success,0.19999999999999996,94.575,-55.1,2.605,4799.1
67,technician,married,basic.9y,no,yes,no,cellular,nov,tue,217,5,999,0,success,1.9,94.7,-50.0,5.353,4895.8
46,admin.,married,university.degree,no,yes,no,cellular,nov,thu,293,9,999,0,nonexistent,3.4,94.944,-44.1,6.162,4928.1
53,technician,single,university.degree,no,yes,yes,cellular,nov,tue,401,5,999,0,success,3.1,95.494,-44.4,6.056,4891.0
61,admin.,divorced,basic.9y,no,yes,no,cellular,nov,thu,350,6,999,0,success,3.1,95.494,-44.4,6.055000000000001,4891.0
58,admin.,married,university.degree,unknown,unknown,unknown,cellular,nov,tue,307,6,999,0,success,3.4,95.965,-49.8,6.1610000000000005,4928.1
60,admin.,married,high.school,no,yes,yes,cellular,nov,mon,629,8,999,0,success,3.4,95.418,-50.7,6.162,4928.1
59,admin.,married,basic.4y,unknown,yes,no,cellular,nov,thu,262,5,999,0,success,3.4,94.944,-44.1,6.163,4928.1
65,admin.,divorced,basic.4y,no,no,no,cellular,nov,thu,390,9,999,0,success,3.4,95.418,-50.7,6.162,4928.1
52,blue-collar,married,basic.4y,no,no,no,cellular,nov,fri,273,6,999,0,nonexistent,3.1,95.494,-44.4,6.055000000000001,4891.0
49,admin.,single,university.degree,no,yes,no,cellular,nov,thu,296,5,999,0,nonexistent,3.4,94.944,-44.1,6.164000000000001,4928.1
43,admin.,divorced,high.school,no,no,yes,cellular,may,thu,399,6,999,0,success,3.1,95.494,-44.4,6.0600000000000005,4891.0
74,admin.,divorced,university.degree,no,no,no,cellular,nov,fri,277,5,999,0,success,3.4,95.418,-50.7,6.162,4928.1
69,admin.,married,basic.4y,no,yes,no,cellular,nov,tue,644,9,999,0,success,0.19999999999999996,94.393,-54.2,2.4909999999999997,4799.1
71,technician,married,basic.4y,no,no,no,cellular,nov,thu,671,7,3,1,success,-1.4,93.931,-34.9,1.9329999999999998,4717.5
43,admin.,married,high.school,unknown,yes,yes,cellular,nov,tue,1420,7,999,0,nonexistent,3.4,95.418,-50.7,6.1610000000000005,4928.1
46,admin.,married,professional.course,no,no,no,cellular,nov,fri,584,6,999,0,success,3.1,95.494,-44.4,6.055000000000001,4891.0
59,admin.,married,high.school,no,no,no,cellular,nov,mon,329,5,999,0,success,3.4,94.944,-44.1,6.165,4928.1
72,admin.,married,basic.9y,unknown,yes,yes,cellular,nov,thu,399,10,999,0,success,3.4,95.418,-50.7,6.158,4928.1
59,admin.,divorced,unknown,no,no,yes,cellular,may,thu,539,6,999,0,success,3.1,95.494,-44.4,6.055000000000001,4891.0
61,admin.,married,basic.9y,unknown,yes,no,cellular,aug,thu,206,5,999,0,success,3.4,94.944,-44.1,6.168,4928.1
51,admin.,married,basic.9y,no,no,yes,cellular,nov,tue,550,5,999,0,nonexistent,0.19999999999999996,94.393,-54.2,2.544,4799.1
65,admin.,married,university.degree,no,no,no,telephone,jul,fri,260,9,999,0,success,3.4,95.418,-50.7,6.162,4928.1
48,admin.,married,university.degree,no,yes,no,cellular,aug,tue,872,7,999,0,success,3.4,94.944,-44.1,6.166,4928.1
53,admin.,married,unknown,no,no,no,telephone,nov,mon,1218,5,999,0,success,3.1,95.494,-44.4,6.058,4891.0
46,admin.,divorced,high.school,no,no,no,cellular,nov,tue,608,7,999,0,success,3.1,95.494,-44.4,6.057,4891.0
57,admin.,married,university.degree,unknown,yes,no,cellular,nov,tue,284,6,999,0,success,3.4,94.944,-44.1,6.166,4928.1
56,admin.,married,basic.9y,no,no,no,cellular,nov,thu,712,6,999,0,success,1.9,94.7,-50.0,5.276,4895.8
46,admin.,single,university.degree,no,yes,no,cellular,nov,wed,394,8,999,0,success,3.4,95.418,-50.7,6.163,4928.1
61,admin.,married,basic.4y,unknown,no,no,telephone,nov,tue,583,6,999,0,success,3.1,95.494,-44.4,6.057,4891.0
46,admin.,single,university.degree,unknown,no,no,telephone,nov,fri,300,7,999,0,success,3.4,95.965,-49.8,6.159,4928.1
46,technician,married,basic.9y,no,yes,no,cellular,nov,wed,266,5,999,0,success,3.4,95.418,-50.7,6.163,4928.1
54,admin.,single,high.school,no,no,no,cellular,nov,thu,295,5,999,0,success,3.4,95.418,-50.7,6.166,4928.1
50,admin.,single,university.degree,no,no,no,cellular,nov,tue,833,7,999,0,nonexistent,-0.8999999999999999,93.701,-39.4,2.059,4776.2
43,admin.,single,university.degree,no,no,no,cellular,mar,mon,376,6,999,0,nonexistent,0.19999999999999996,94.343,-58.0,3.011,4799.1
45,admin.,single,university.degree,no,no,yes,cellular,jun,fri,559,11,999,0,nonexistent,-0.8999999999999999,94.463,-48.8,2.468,4776.2
51,admin.,married,university.degree,no,yes,no,cellular,nov,fri,140,7,999,0,nonexistent,3.4,95.965,-49.8,6.159,4928.1
73,admin.,married,basic.9y,no,yes,no,cellular,nov,mon,476,5,999,0,success,3.4,95.965,-49.8,6.065,4928.1
67,admin.,single,university.degree,unknown,yes,no,telephone,may,mon,187,5,999,0,success,3.1,95.494,-44.4,6.058,4891.0
55,admin.,single,professional.course,unknown,yes,no,cellular,nov,thu,320,7,999,0,success,0.19999999999999996,94.393,-54.2,2.466,4799.1
47,admin.,single,university.degree,no,yes,no,cellular,aug,fri,278,5,999,1,success,-0.8999999999999999,93.701,-39.4,2.081,4776.2
47,admin.,divorced,university.degree,no,yes,no,cellular,nov,thu,259,6,999,0,nonexistent,3.4,94.944,-44.1,6.162,4928.1
43,admin.,married,university.degree,no,yes,no,telephone,nov,wed,156,5,999,1,success,1.9,94.7,-50.0,5.32,4895.8
47,admin.,married,basic.9y,no,no,no,cellular,nov,thu,250,6,999,0,success,0.19999999999999996,94.393,-54.2,2.527,4799.1
39,admin.,single,basic.9y,no,yes,no,cellular,nov,fri,217,8,999,0,success,0.19999999999999996,94.393,-54.2,2.45,4799.1
51,admin.,single,unknown,no,no,no,cellular,nov,tue,496,5,999,0,nonexistent,3.4,95.418,-50.7,6.1610000000000005,4928.1
47,admin.,married,basic.9y,no,no,no,telephone,nov,mon,377,6,999,0,success,3.4,95.965,-49.8,6.16,4928.1
52,admin.,married,university.degree,unknown,no,no,cellular,may,wed,1141,7,999,0,success,3.1,95.494,-44.4,6.059,4891.0
62,admin.,married,university.degree,no,unknown,unknown,cellular,nov,tue,291,8,999,0,success,3.4,94.944,-44.1,6.165,4928.1
63,management,married,university.degree,no,yes,no,cellular,nov,mon,322,5,4,1,success,1.9,94.7,-50.0,5.391,4895.8
43,admin.,single,high.school,no,no,no,cellular,nov,thu,1083,6,999,0,success,3.4,95.418,-50.7,6.163,4928.1
52,admin.,single,university.degree,no,no,no,cellular,nov,fri,352,6,999,0,success,3.1,95.494,-44.4,6.055000000000001,4891.0
48,admin.,married,basic.4y,no,no,no,cellular,nov,mon,489,5,999,0,success,0.19999999999999996,94.393,-54.2,2.444,4799.1
57,admin.,married,basic.9y,no,no,no,cellular,nov,thu,2257,7,999,0,success,3.4,95.418,-50.7,6.163,4928.1
60,admin.,divorced,university.degree,no,no,no,cellular,nov,mon,442,12,999,0,success,3.4,95.418,-50.7,6.162,4928.1
43,admin.,single,university.degree,no,no,no,cellular,jul,thu,1429,6,999,0,nonexistent,3.4,95.418,-50.7,6.168,4928.1
45,admin.,divorced,professional.course,no,yes,no,cellular,nov,mon,264,7,999,0,success,3.4,95.965,-49.8,6.16,4928.1
44,admin.,single,university.degree,no,no,yes,cellular,nov,tue,647,5,999,0,success,3.4,95.418,-50.7,6.162,4928.1
45,admin.,married,university.degree,no,no,no,cellular,jul,wed,305,8,999,0,success,3.4,95.418,-50.7,6.163,4928.1
52,admin.,single,basic.6y,no,no,no,cellular,nov,tue,728,7,999,0,nonexistent,3.4,95.418,-50.7,6.162,4928.1
48,admin.,divorced,professional.course,no,no,yes,cellular,nov,mon,242,5,999,0,success,3.4,94.944,-44.1,6.17,4928.1
46,admin.,single,high.school,no,yes,no,cellular,nov,mon,185,5,999,0,success,1.8,94.256,-53.9,5.016,4876.3
58,services,married,basic.9y,no,no,no,cellular,jun,thu,318,21,999,0,nonexistent,3.4,95.965,-49.8,6.066,4928.1
54,admin.,married,basic.4y,unknown,yes,no,telephone,nov,mon,723,7,999,0,success,3.1,95.494,-44.4,6.058,4891.0
51,admin.,married,basic.9y,no,no,no,cellular,nov,tue,392,5,999,0,success,0.19999999999999996,94.393,-54.2,2.544,4799.1
43,admin.,married,high.school,no,no,no,cellular,nov,fri,323,7,999,0,success,3.4,95.965,-49.8,6.167,4928.1
42,admin.,single,university.degree,no,yes,no,cellular,nov,fri,439,6,999,0,success,0.30000000000000004,95.527,-46.3,2.105,4691.6
50,admin.,divorced,university.degree,no,no,no,cellular,aug,mon,638,11,999,0,nonexistent,3.4,94.944,-44.1,6.165,4928.1
72,admin.,single,unknown,no,yes,no,cellular,nov,fri,395,6,999,0,success,3.4,95.418,-50.7,6.162,4928.1
46,admin.,married,university.degree,no,no,no,cellular,nov,wed,343,7,999,0,nonexistent,3.4,94.944,-44.1,6.164000000000001,4928.1
41,admin.,single,university.degree,unknown,no,yes,cellular,nov,fri,527,6,999,0,nonexistent,3.4,95.418,-50.7,6.163,4928.1
50,admin.,married,university.degree,no,yes,no,cellular,nov,wed,322,5,999,0,success,1.9,94.7,-50.0,5.32,4895.8
48,admin.,divorced,university.degree,no,yes,yes,cellular,nov,thu,588,5,999,0,success,3.4,95.418,-50.7,6.158,4928.1
58,admin.,married,professional.course,no,yes,no,cellular,nov,wed,260,11,999,0,success,3.4,94.944,-44.1,6.164000000000001,4928.1
54,admin.,married,high.school,no,yes,no,cellular,nov,thu,201,5,999,1,failure,0.19999999999999996,94.393,-54.2,2.527,4799.1
58,admin.,married,professional.course,no,yes,no,cellular,nov,thu,2267,5,999,0,success,0.30000000000000004,95.715,-48.3,2.084,4691.6
46,admin.,single,basic.9y,no,no,no,cellular,nov,tue,413,5,999,0,success,0.19999999999999996,94.393,-54.2,2.544,4799.1
47,admin.,married,high.school,no,yes,no,cellular,nov,tue,1198,7,999,0,nonexistent,3.4,94.944,-44.1,6.163,4928.1
46,admin.,single,university.degree,no,no,no,cellular,nov,mon,431,5,999,0,success,3.4,95.418,-50.7,6.162,4928.1
48,admin.,single,university.degree,no,yes,no,cellular,nov,thu,624,5,7,2,success,0.19999999999999996,95.249,-42.6,1.835,4708.7
57,admin.,married,unknown,unknown,no,no,cellular,nov,fri,941,6,999,0,success,3.1,95.494,-44.4,6.057,4891.0
55,admin.,married,high.school,no,no,yes,cellular,nov,wed,176,5,999,0,success,3.4,95.418,-50.7,6.162,4928.1
65,admin.,married,basic.9y,no,yes,no,cellular,nov,thu,230,5,999,0,success,3.4,94.944,-44.1,6.168,4928.1
46,admin.,single,university.degree,no,yes,no,cellular,nov,tue,329,5,999,0,success,3.4,95.965,-49.8,6.064,4928.1
45,admin.,single,university.degree,no,no,no,cellular,nov,tue,433,5,999,0,success,3.4,95.965,-49.8,6.064,4928.1
41,admin.,married,basic.9y,no,yes,no,cellular,jul,fri,493,5,999,0,success,3.4,95.418,-50.7,6.157,4928.1
47,admin.,single,high.school,no,yes,no,cellular,nov,thu,1655,6,999,0,success,3.4,95.418,-50.7,6.162,4928.1
69,entrepreneur,married,basic.9y,no,no,yes,cellular,jun,fri,568,10,999,0,nonexistent,3.4,95.965,-49.8,6.167,4928.1
44,admin.,single,high.school,no,yes,no,cellular,nov,thu,233,6,999,0,success,3.4,95.965,-49.8,6.1610000000000005,4928.1
64,admin.,married,professional.course,no,yes,no,cellular,nov,mon,538,5,999,0,success,3.1,95.494,-44.4,6.057,4891.0
49,admin.,divorced,professional.course,no,no,yes,cellular,may,thu,644,6,999,0,success,3.1,95.494,-44.4,6.055000000000001,4891.0
45,admin.,married,university.degree,no,no,yes,cellular,nov,mon,273,6,9,2,success,0.19999999999999996,95.376,-48.0,1.9009999999999998,4708.7
46,admin.,divorced,high.school,unknown,no,yes,cellular,nov,fri,170,8,999,0,success,3.4,95.965,-49.8,6.159,4928.1
52,admin.,single,high.school,no,yes,no,cellular,nov,mon,350,5,999,0,success,-1.4,94.149,-38.1,1.922,4717.5
49,technician,married,university.degree,no,yes,yes,cellular,nov,fri,640,9,999,0,success,3.4,94.944,-44.1,6.164000000000001,4928.1
48,admin.,married,university.degree,no,yes,no,cellular,jul,fri,214,8,999,0,success,3.4,95.418,-50.7,6.163,4928.1
73,blue-collar,married,basic.4y,unknown,no,no,cellular,nov,fri,246,7,999,0,success,3.1,95.494,-44.4,6.055000000000001,4891.0
53,admin.,single,basic.4y,unknown,no,no,cellular,nov,tue,277,5,999,0,nonexistent,3.1,95.494,-44.4,6.057,4891.0
54,admin.,married,university.degree,no,no,no,cellular,nov,tue,232,6,999,0,success,3.4,95.418,-50.7,6.1610000000000005,4928.1
69,services,married,basic.4y,unknown,yes,no,telephone,nov,mon,1139,11,999,0,success,3.1,95.494,-44.4,6.057,4891.0
43,admin.,single,high.school,no,no,no,cellular,mar,fri,541,6,999,0,success,0.19999999999999996,94.343,-58.0,2.731,4799.1
52,admin.,divorced,university.degree,no,yes,yes,cellular,nov,mon,383,5,999,0,nonexistent,3.1,95.494,-44.4,6.057,4891.0
51,admin.,single,university.degree,no,yes,yes,cellular,jun,wed,2653,5,999,0,nonexistent,0.30000000000000004,95.555,-47.8,1.939,4691.6
60,admin.,married,basic.9y,unknown,no,no,telephone,nov,fri,707,5,999,0,success,3.4,95.965,-49.8,6.159,4928.1
49,admin.,single,university.degree,no,no,no,cellular,nov,mon,608,6,999,0,success,3.4,94.944,-44.1,6.165,4928.1
43,admin.,single,unknown,no,no,no,cellular,nov,thu,1267,5,999,0,success,3.4,95.418,-50.7,6.158,4928.1
66,admin.,married,basic.4y,unknown,yes,yes,telephone,nov,tue,444,6,999,0,success,3.1,95.494,-44.4,6.057,4891.0
48,blue-collar,single,basic.4y,no,no,no,cellular,nov,tue,430,5,999,0,success,3.1,95.494,-44.4,6.056,4891.0
62,admin.,married,high.school,no,no,no,telephone,nov,fri,460,5,999,0,success,3.1,95.494,-44.4,6.057,4891.0
45,admin.,single,university.degree,no,yes,no,cellular,nov,wed,309,5,999,0,success,3.4,94.944,-44.1,6.164000000000001,4928.1
67,admin.,married,university.degree,unknown,no,no,cellular,aug,tue,291,9,999,0,nonexistent,3.4,94.944,-44.1,6.166,4928.1
68,admin.,married,high.school,no,yes,no,cellular,nov,wed,712,5,999,0,success,3.4,94.944,-44.1,6.167,4928.1
45,admin.,single,high.school,no,yes,no,cellular,nov,thu,460,5,999,0,success,0.19999999999999996,94.393,-54.2,2.527,4799.1
72,admin.,married,basic.9y,unknown,yes,no,cellular,nov,mon,415,5,999,0,success,3.4,94.944,-44.1,6.165,4928.1
67,admin.,married,basic.4y,unknown,yes,no,cellular,nov,mon,237,5,999,0,nonexistent,3.4,95.965,-49.8,6.1610000000000005,4928.1
48,admin.,single,unknown,no,no,no,cellular,mar,thu,473,7,999,1,success,0.19999999999999996,94.869,-42.8,1.835,4708.7
100,admin.,married,university.degree,no,yes,no,cellular,nov,mon,842,5,999,0,success,-0.8999999999999999,93.701,-39.4,2.043,4776.2
72,admin.,single,high.school,no,yes,no,cellular,nov,mon,250,6,999,0,success,3.4,94.944,-44.1,6.165,4928.1
72,admin.,married,basic.4y,unknown,no,no,cellular,nov,wed,557,5,999,0,success,3.4,94.944,-44.1,6.164000000000001,4928.1
57,admin.,married,professional.course,unknown,yes,no,cellular,nov,thu,1418,14,999,0,success,3.4,95.418,-50.7,6.168,4928.1
53,admin.,single,basic.6y,unknown,no,no,cellular,nov,tue,570,5,999,0,nonexistent,3.1,95.494,-44.4,6.057,4891.0
84,admin.,married,professional.course,no,no,yes,cellular,nov,thu,305,5,999,1,success,-1.4,93.931,-34.9,1.922,4717.5
46,admin.,single,basic.4y,no,yes,no,cellular,nov,thu,365,5,999,0,success,3.4,95.418,-50.7,6.163,4928.1
41,admin.,single,university.degree,no,no,no,cellular,nov,wed,633,7,999,0,success,3.4,95.418,-50.7,6.163,4928.1
64,admin.,married,basic.9y,no,no,no,cellular,nov,thu,255,5,999,0,success,3.4,95.418,-50.7,6.163,4928.1
52,admin.,single,basic.9y,no,yes,yes,cellular,nov,wed,385,5,999,0,nonexistent,0.19999999999999996,94.393,-54.2,2.481,4799.1
70,admin.,divorced,university.degree,no,yes,no,cellular,nov,thu,2712,5,999,1,success,0.8999999999999999,95.699,-45.5,2.084,4663.6
52,admin.,single,professional.course,no,no,no,cellular,nov,mon,350,5,999,0,success,3.1,95.494,-44.4,6.058,4891.0
74,housemaid,married,basic.4y,no,yes,yes,cellular,nov,thu,244,5,999,0,success,3.4,95.418,-50.7,6.168,4928.1
48,admin.,married,high.school,no,no,no,cellular,jul,fri,149,6,999,0,success,3.4,95.418,-50.7,6.163,4928.1
40,services,single,high.school,no,yes,no,cellular,nov,thu,550,7,999,0,nonexistent,0.19999999999999996,94.393,-54.2,2.527,4799.1
68,admin.,single,unknown,no,yes,no,cellular,nov,thu,737,5,999,0,success,3.4,95.418,-50.7,6.162,4928.1
71,technician,married,professional.course,unknown,no,yes,cellular,nov,thu,462,5,999,0,nonexistent,3.4,94.944,-44.1,6.168,4928.1
43,admin.,married,university.degree,no,yes,no,cellular,nov,thu,233,5,999,0,success,0.19999999999999996,94.575,-55.1,2.565,4799.1
47,admin.,single,high.school,no,no,no,cellular,nov,thu,2177,5,999,0,nonexistent,0.19999999999999996,94.575,-55.1,2.565,4799.1
54,blue-collar,married,basic.6y,no,no,no,cellular,nov,tue,2532,5,999,0,nonexistent,3.4,95.965,-49.8,6.064,4928.1
60,services,married,professional.course,no,yes,no,cellular,nov,thu,345,8,999,0,success,3.4,94.944,-44.1,6.162,4928.1
49,self-employed,single,university.degree,no,no,no,cellular,nov,wed,2300,5,999,0,success,3.4,95.418,-50.7,6.163,4928.1
72,entrepreneur,married,unknown,unknown,no,no,cellular,nov,thu,811,8,999,0,nonexistent,3.4,95.418,-50.7,6.158,4928.1
59,admin.,divorced,professional.course,unknown,yes,no,cellular,nov,thu,152,7,999,1,success,0.19999999999999996,94.575,-55.1,2.61,4799.1
46,admin.,single,unknown,no,yes,no,cellular,nov,mon,840,5,999,0,success,3.4,95.965,-49.8,6.1610000000000005,4928.1
70,admin.,married,basic.9y,unknown,no,no,cellular,nov,thu,388,9,999,0,nonexistent,3.4,95.418,-50.7,6.168,4928.1
55,admin.,single,high.school,unknown,yes,no,cellular,may,mon,520,6,999,1,failure,0.19999999999999996,94.393,-54.2,2.4989999999999997,4799.1
44,admin.,single,high.school,no,no,yes,cellular,nov,mon,131,5,999,0,success,0.30000000000000004,95.555,-47.8,1.911,4691.6
46,technician,married,university.degree,no,no,no,cellular,nov,wed,656,5,999,1,failure,1.9,94.7,-50.0,5.32,4895.8
61,admin.,divorced,professional.course,no,yes,no,cellular,aug,wed,577,6,999,0,success,3.4,94.944,-44.1,6.167,4928.1
74,admin.,married,unknown,unknown,yes,no,cellular,nov,fri,390,6,999,0,success,3.4,95.418,-50.7,6.162,4928.1
60,admin.,married,high.school,no,no,no,cellular,nov,tue,280,5,999,0,success,3.4,95.418,-50.7,6.1610000000000005,4928.1
51,admin.,married,university.degree,no,no,no,cellular,nov,wed,721,5,999,0,success,-0.8999999999999999,94.463,-48.8,2.46,4776.2
75,admin.,married,professional.course,unknown,no,no,cellular,nov,tue,219,19,999,0,success,3.4,95.418,-50.7,6.1610000000000005,4928.1
57,admin.,single,university.degree,no,yes,no,cellular,nov,fri,1056,7,999,0,success,3.4,95.965,-49.8,6.167,4928.1
70,admin.,married,basic.4y,unknown,yes,no,cellular,nov,tue,286,5,999,0,nonexistent,0.19999999999999996,94.393,-54.2,2.4909999999999997,4799.1
53,services,divorced,high.school,no,no,no,cellular,nov,fri,260,5,999,1,success,0.19999999999999996,94.393,-54.2,2.45,4799.1
43,admin.,single,professional.course,no,no,no,cellular,may,wed,1357,6,999,1,success,0.19999999999999996,94.393,-54.2,2.534,4799.1
47,admin.,married,basic.4y,no,yes,no,cellular,nov,wed,1105,11,999,0,success,1.9,94.7,-50.0,5.32,4895.8
72,admin.,divorced,basic.6y,no,yes,no,cellular,nov,mon,275,8,999,0,success,0.19999999999999996,94.393,-54.2,2.444,4799.1
64,admin.,married,basic.4y,unknown,no,no,cellular,nov,mon,433,6,999,0,success,3.4,95.965,-49.8,6.065,4928.1
43,technician,single,high.school,no,no,no,cellular,nov,fri,451,6,999,0,nonexistent,3.1,95.494,-44.4,6.064,4891.0
47,admin.,divorced,high.school,no,no,no,cellular,nov,mon,320,5,999,0,success,0.19999999999999996,94.393,-54.2,2.464,4799.1
45,admin.,single,professional.course,no,yes,no,cellular,nov,fri,743,6,999,0,success,0.19999999999999996,94.575,-55.1,2.605,4799.1
44,admin.,married,basic.4y,no,no,no,cellular,nov,tue,305,8,999,0,success,3.4,95.418,-50.7,6.1610000000000005,4928.1
40,admin.,single,university.degree,no,yes,no,telephone,may,tue,188,5,999,0,nonexistent,3.1,95.494,-44.4,6.056,4891.0
49,admin.,married,basic.9y,no,yes,no,cellular,nov,mon,1747,6,999,0,success,0.19999999999999996,94.575,-55.1,2.605,4799.1
55,admin.,married,basic.6y,unknown,yes,no,cellular,nov,mon,278,5,999,1,success,0.19999999999999996,94.575,-55.1,2.605,4799.1
67,admin.,married,high.school,no,yes,no,cellular,nov,tue,543,6,999,0,success,3.4,95.965,-49.8,6.1610000000000005,4928.1
43,admin.,single,high.school,no,no,no,cellular,nov,mon,397,5,999,0,success,3.4,95.418,-50.7,6.16,4928.1
63,admin.,married,basic.9y,no,yes,no,cellular,nov,wed,908,6,999,0,success,3.4,95.418,-50.7,6.163,4928.1
47,blue-collar,married,basic.4y,unknown,yes,no,cellular,nov,wed,268,5,999,0,success,3.4,95.418,-50.7,6.162,4928.1
56,admin.,single,university.degree,no,yes,no,cellular,nov,thu,264,5,999,0,success,1.9,94.7,-50.0,5.276,4895.8
43,admin.,single,high.school,no,yes,no,cellular,nov,tue,269,6,999,3,success,-1.4,93.931,-34.9,1.928,4717.5
62,admin.,single,basic.9y,no,yes,yes,cellular,jul,thu,826,6,6,1,success,0.30000000000000004,95.715,-48.3,2.046,4691.6
71,retired,divorced,university.degree,no,yes,no,cellular,nov,mon,478,9,9,1,success,0.19999999999999996,94.575,-55.1,2.605,4799.1
46,admin.,married,basic.6y,no,no,no,cellular,nov,wed,232,5,999,0,success,3.4,95.965,-49.8,6.159,4928.1
45,admin.,married,high.school,no,yes,no,telephone,nov,tue,232,9,999,0,success,3.4,95.965,-49.8,6.158,4928.1
59,admin.,married,university.degree,no,no,no,cellular,nov,wed,2291,5,999,0,nonexistent,-1.4,93.931,-34.9,1.935,4717.5
73,admin.,married,university.degree,no,no,no,cellular,jun,tue,804,8,999,0,success,3.4,95.965,-49.8,6.064,4928.1
52,management,married,unknown,no,yes,no,cellular,nov,thu,1711,7,999,0,nonexistent,1.9,94.7,-50.0,5.276,4895.8
46,admin.,married,basic.4y,no,yes,no,cellular,nov,thu,793,7,999,0,success,3.4,95.418,-50.7,6.163,4928.1
56,admin.,married,basic.4y,no,yes,no,cellular,jul,fri,280,6,999,0,success,3.4,95.418,-50.7,6.159,4928.1
45,admin.,married,high.school,no,yes,no,cellular,nov,mon,424,5,999,0,success,0.19999999999999996,94.393,-54.2,2.444,4799.1
67,admin.,married,university.degree,no,yes,yes,cellular,nov,mon,410,5,999,0,nonexistent,3.4,95.418,-50.7,6.16,4928.1
46,admin.,single,basic.9y,no,no,no,cellular,nov,thu,226,5,999,1,success,0.19999999999999996,94.393,-54.2,2.466,4799.1
61,admin.,married,basic.4y,no,no,no,cellular,nov,fri,439,5,999,0,success,3.4,94.944,-44.1,6.164000000000001,4928.1
55,admin.,married,university.degree,no,yes,no,cellular,nov,fri,311,6,999,0,success,1.9,94.7,-50.0,5.221,4895.8
45,technician,single,professional.course,no,no,no,telephone,may,tue,271,8,999,0,nonexistent,3.1,95.494,-44.4,6.057,4891.0
57,admin.,single,university.degree,no,yes,no,cellular,nov,mon,880,9,999,0,success,3.1,95.494,-44.4,6.057,4891.0
48,admin.,married,high.school,no,yes,no,cellular,nov,fri,268,6,999,0,nonexistent,3.4,95.418,-50.7,6.163,4928.1
50,services,single,professional.course,unknown,no,no,cellular,nov,wed,685,6,999,0,success,3.1,95.494,-44.4,6.058,4891.0
46,admin.,married,basic.9y,no,no,no,cellular,nov,thu,772,5,999,0,nonexistent,3.1,95.494,-44.4,6.055000000000001,4891.0
43,admin.,single,university.degree,no,yes,no,cellular,nov,mon,257,6,999,0,success,0.19999999999999996,94.343,-58.0,3.011,4799.1
59,admin.,married,professional.course,unknown,no,yes,telephone,nov,fri,485,8,999,0,success,3.1,95.494,-44.4,6.055000000000001,4891.0
63,management,married,university.degree,no,unknown,unknown,cellular,nov,wed,644,6,999,0,success,3.1,95.494,-44.4,6.058,4891.0
59,admin.,married,basic.4y,unknown,yes,no,cellular,nov,wed,350,5,999,0,success,3.4,95.418,-50.7,6.162,4928.1
62,admin.,married,basic.6y,no,yes,yes,cellular,nov,thu,136,10,999,0,success,1.9,94.7,-50.0,5.276,4895.8
55,admin.,single,high.school,no,yes,no,telephone,nov,wed,1456,7,999,0,success,3.1,95.494,-44.4,6.057,4891.0
50,admin.,married,basic.9y,no,yes,no,cellular,nov,fri,223,8,999,0,success,3.4,94.944,-44.1,6.164000000000001,4928.1
46,admin.,single,university.degree,unknown,yes,no,cellular,nov,thu,1591,6,999,0,nonexistent,3.4,95.965,-49.8,6.066,4928.1
45,admin.,married,basic.4y,no,no,no,cellular,nov,mon,277,8,999,1,success,0.19999999999999996,94.575,-55.1,2.605,4799.1
47,technician,single,university.degree,no,yes,no,cellular,aug,tue,440,8,999,0,nonexistent,3.4,94.944,-44.1,6.163,4928.1
62,housemaid,single,professional.course,no,yes,no,cellular,nov,tue,556,6,999,0,success,0.19999999999999996,94.575,-55.1,2.605,4799.1
49,admin.,single,basic.4y,no,yes,yes,cellular,nov,tue,2087,7,999,0,success,3.1,95.494,-44.4,6.056,4891.0
50,admin.,married,high.school,unknown,unknown,unknown,telephone,nov,wed,183,5,999,0,success,3.1,95.494,-44.4,6.059,4891.0
66,blue-collar,married,basic.4y,no,no,no,cellular,nov,thu,406,5,999,1,success,0.19999999999999996,94.393,-54.2,2.466,4799.1
43,admin.,married,university.degree,no,no,no,cellular,jul,mon,372,6,999,0,success,3.4,95.418,-50.7,6.162,4928.1
48,admin.,single,basic.4y,no,no,yes,cellular,nov,tue,1573,7,999,1,success,0.19999999999999996,94.393,-54.2,2.4909999999999997,4799.1
62,blue-collar,married,basic.9y,no,yes,no,cellular,nov,wed,523,6,999,0,success,3.1,95.494,-44.4,6.059,4891.0
60,admin.,married,high.school,unknown,yes,no,cellular,nov,tue,376,5,999,0,success,3.4,94.944,-44.1,6.165,4928.1
49,admin.,married,university.degree,no,no,no,cellular,nov,mon,478,5,999,0,nonexistent,3.4,94.944,-44.1,6.163,4928.1
54,admin.,single,professional.course,no,yes,no,telephone,jun,mon,448,8,999,0,nonexistent,3.4,95.965,-49.8,6.147,4928.1
46,admin.,married,unknown,unknown,no,no,cellular,jul,tue,3014,17,999,0,success,3.4,95.418,-50.7,6.1610000000000005,4928.1
40,admin.,married,high.school,no,yes,no,cellular,nov,mon,172,5,999,0,success,0.30000000000000004,95.715,-48.3,1.9929999999999999,4691.6
66,admin.,married,professional.course,no,unknown,unknown,cellular,nov,wed,280,20,999,0,success,3.4,94.944,-44.1,6.164000000000001,4928.1
41,admin.,single,high.school,no,yes,no,cellular,nov,mon,343,7,999,0,success,3.4,95.418,-50.7,6.162,4928.1
38,admin.,single,high.school,no,yes,no,cellular,nov,mon,404,5,999,1,success,0.19999999999999996,94.393,-54.2,2.444,4799.1
58,admin.,married,university.degree,no,no,no,cellular,jun,thu,174,6,999,0,success,3.4,95.965,-49.8,6.1610000000000005,4928.1
64,admin.,divorced,high.school,no,no,no,cellular,nov,thu,341,6,999,0,success,3.4,95.418,-50.7,6.158,4928.1
42,admin.,single,university.degree,no,yes,no,cellular,jun,fri,712,5,999,0,success,-0.8999999999999999,94.463,-48.8,2.468,4776.2
53,admin.,married,university.degree,no,no,no,cellular,nov,tue,590,5,999,0,success,0.19999999999999996,94.343,-58.0,2.887,4799.1
48,admin.,married,university.degree,unknown,yes,no,cellular,nov,tue,610,5,999,0,success,3.4,95.965,-49.8,6.064,4928.1
46,admin.,married,basic.9y,no,yes,no,cellular,nov,mon,975,5,999,1,success,0.19999999999999996,94.393,-54.2,2.4989999999999997,4799.1
51,blue-collar,married,basic.6y,no,yes,yes,cellular,nov,fri,284,5,999,0,nonexistent,0.19999999999999996,94.575,-55.1,2.605,4799.1
47,technician,single,professional.course,no,yes,yes,cellular,nov,tue,280,5,999,0,success,1.9,94.7,-50.0,5.353,4895.8
53,admin.,single,unknown,unknown,yes,yes,cellular,nov,mon,257,8,999,0,success,3.4,95.418,-50.7,6.162,4928.1
51,admin.,married,basic.9y,no,no,no,cellular,nov,wed,721,5,999,0,success,0.19999999999999996,94.393,-54.2,2.534,4799.1
35,admin.,married,basic.4y,no,no,yes,cellular,nov,tue,633,5,999,0,success,3.4,95.418,-50.7,6.162,4928.1
56,admin.,married,unknown,unknown,yes,no,cellular,nov,fri,840,7,999,0,success,0.19999999999999996,94.575,-55.1,2.605,4799.1
56,admin.,single,high.school,no,no,no,cellular,may,fri,305,5,999,1,success,0.19999999999999996,94.393,-54.2,2.513,4799.1
48,admin.,single,high.school,no,yes,no,cellular,nov,tue,1306,5,999,0,success,0.19999999999999996,94.393,-54.2,2.544,4799.1
50,admin.,married,university.degree,no,yes,no,cellular,nov,wed,2132,5,999,0,success,-1.4,93.931,-34.9,1.924,4717.5
71,blue-collar,married,basic.4y,no,yes,no,telephone,nov,wed,179,12,999,0,success,3.4,95.965,-49.8,6.159,4928.1
48,admin.,single,university.degree,no,unknown,unknown,cellular,nov,tue,251,5,999,0,success,-0.8999999999999999,94.463,-48.8,2.4619999999999997,4776.2
84,admin.,married,high.school,no,yes,no,cellular,jun,wed,440,6,999,0,success,-0.8999999999999999,94.463,-48.8,2.46,4776.2
54,admin.,divorced,basic.9y,unknown,yes,no,cellular,nov,wed,667,5,999,0,success,0.19999999999999996,94.393,-54.2,2.534,4799.1
72,admin.,single,university.degree,no,yes,no,cellular,nov,fri,255,5,999,0,success,3.4,95.418,-50.7,6.157,4928.1
74,admin.,married,basic.9y,unknown,no,no,cellular,nov,fri,2514,7,999,0,success,3.4,95.418,-50.7,6.162,4928.1
52,blue-collar,single,unknown,no,no,no,cellular,nov,wed,237,14,999,0,success,3.4,95.965,-49.8,6.064,4928.1
55,admin.,married,professional.course,no,unknown,unknown,cellular,nov,tue,669,5,999,0,success,0.19999999999999996,94.393,-54.2,2.544,4799.1
72,admin.,divorced,basic.4y,no,no,no,cellular,nov,tue,174,6,999,0,success,3.1,95.494,-44.4,6.057,4891.0
52,admin.,married,professional.course,no,no,no,cellular,nov,thu,458,5,999,0,nonexistent,0.19999999999999996,94.575,-55.1,2.635,4799.1
50,admin.,married,high.school,no,yes,yes,cellular,jun,tue,431,7,999,0,success,3.4,95.965,-49.8,6.064,4928.1
42,admin.,single,university.degree,no,no,no,cellular,nov,tue,377,5,999,0,success,0.8999999999999999,96.101,-57.5,2.182,4663.6
43,admin.,married,high.school,no,no,yes,cellular,nov,mon,143,5,999,0,success,0.30000000000000004,95.555,-47.8,1.911,4691.6
73,admin.,married,basic.9y,no,no,no,cellular,nov,fri,253,6,999,1,success,0.19999999999999996,94.393,-54.2,2.513,4799.1
63,entrepreneur,married,university.degree,no,yes,no,cellular,nov,thu,493,5,999,0,success,3.4,95.418,-50.7,6.168,4928.1
50,admin.,divorced,professional.course,no,no,no,cellular,nov,fri,883,8,999,0,success,3.4,94.944,-44.1,6.166,4928.1
49,blue-collar,divorced,basic.9y,no,yes,no,cellular,nov,thu,446,5,999,0,nonexistent,3.4,95.418,-50.7,6.163,4928.1
39,student,single,high.school,no,no,no,cellular,nov,mon,428,5,999,0,nonexistent,3.4,95.418,-50.7,6.16,4928.1
58,admin.,single,high.school,no,yes,no,cellular,nov,fri,388,5,999,0,success,1.9,94.7,-50.0,5.221,4895.8
41,admin.,single,university.degree,no,yes,yes,cellular,nov,fri,431,7,999,0,success,0.19999999999999996,94.393,-54.2,2.45,4799.1
39,services,single,university.degree,no,no,no,cellular,nov,thu,323,10,999,0,success,3.4,95.418,-50.7,6.163,4928.1
44,admin.,married,university.degree,no,yes,no,cellular,nov,wed,410,5,999,0,success,3.4,95.418,-50.7,6.162,4928.1
54,admin.,married,high.school,no,yes,no,cellular,nov,mon,208,5,999,1,success,0.19999999999999996,94.393,-54.2,2.4989999999999997,4799.1
48,unemployed,married,university.degree,no,yes,no,cellular,aug,fri,217,12,999,0,success,3.4,94.944,-44.1,6.163,4928.1
46,housemaid,single,university.degree,no,no,no,telephone,nov,mon,394,9,999,0,success,0.8999999999999999,96.267,-58.8,2.239,4663.6
65,admin.,married,high.school,no,yes,yes,cellular,nov,mon,383,6,999,0,success,0.19999999999999996,94.393,-54.2,2.444,4799.1
63,admin.,married,basic.9y,unknown,no,no,cellular,nov,tue,503,7,999,0,success,3.4,94.944,-44.1,6.166,4928.1
37,admin.,single,basic.9y,no,no,no,cellular,nov,thu,273,5,999,0,success,0.19999999999999996,94.393,-54.2,2.4699999999999998,4799.1
53,admin.,married,basic.6y,unknown,yes,yes,cellular,nov,wed,277,6,999,0,success,3.1,95.494,-44.4,6.057,4891.0
46,technician,single,professional.course,no,yes,no,cellular,nov,thu,392,7,999,0,success,3.4,94.944,-44.1,6.163,4928.1
62,management,married,basic.9y,no,no,no,cellular,nov,tue,358,8,999,0,success,-0.8999999999999999,94.463,-48.8,2.4619999999999997,4776.2
73,admin.,married,university.degree,no,yes,no,cellular,nov,fri,286,5,999,0,success,-0.8999999999999999,93.701,-39.4,2.049,4776.2
47,admin.,married,university.degree,no,yes,yes,cellular,nov,mon,248,5,999,0,success,3.4,94.944,-44.1,6.165,4928.1
48,admin.,married,university.degree,no,yes,no,cellular,nov,thu,269,5,999,0,nonexistent,3.4,94.944,-44.1,6.168,4928.1
70,admin.,married,high.school,unknown,yes,no,cellular,nov,fri,145,12,999,2,success,0.19999999999999996,94.393,-54.2,2.45,4799.1
74,admin.,divorced,basic.4y,no,no,no,cellular,nov,fri,421,6,999,0,success,3.1,95.494,-44.4,6.064,4891.0
46,admin.,married,university.degree,no,yes,no,cellular,aug,fri,251,5,999,0,success,3.4,94.944,-44.1,6.163,4928.1
49,admin.,married,professional.course,no,no,yes,cellular,nov,tue,381,5,999,0,success,3.4,95.965,-49.8,6.064,4928.1
44,admin.,single,university.degree,no,yes,no,cellular,jul,wed,908,5,999,0,success,3.4,95.418,-50.7,6.163,4928.1
51,blue-collar,single,basic.4y,no,yes,no,cellular,nov,mon,377,8,999,0,success,3.1,95.494,-44.4,6.057,4891.0
47,admin.,single,university.degree,no,no,no,cellular,nov,mon,2006,5,999,0,success,-0.8999999999999999,94.463,-48.8,2.466,4776.2
50,admin.,married,basic.6y,unknown,yes,no,cellular,nov,tue,820,6,999,0,success,3.1,95.494,-44.4,6.056,4891.0
60,technician,married,professional.course,no,no,no,cellular,nov,thu,449,5,999,0,success,0.19999999999999996,94.393,-54.2,2.527,4799.1
38,services,single,professional.course,unknown,no,no,cellular,nov,thu,424,5,999,0,success,3.4,95.965,-49.8,6.066,4928.1
66,admin.,married,university.degree,unknown,yes,yes,cellular,nov,wed,280,5,999,0,success,3.4,95.418,-50.7,6.162,4928.1
60,admin.,married,basic.4y,no,no,no,cellular,nov,tue,199,5,999,0,success,3.1,95.494,-44.4,6.056,4891.0
63,admin.,single,basic.9y,no,yes,no,cellular,nov,thu,556,5,2,1,success,0.19999999999999996,94.575,-55.1,2.565,4799.1
73,admin.,divorced,university.degree,no,yes,no,cellular,aug,tue,1342,8,999,0,nonexistent,3.4,94.944,-44.1,6.163,4928.1
57,admin.,single,basic.4y,unknown,no,no,cellular,nov,mon,208,10,999,0,success,3.4,95.418,-50.7,6.16,4928.1
63,admin.,married,unknown,no,no,no,cellular,aug,mon,233,5,999,0,success,3.4,94.944,-44.1,6.163,4928.1
50,admin.,married,basic.9y,no,yes,no,cellular,nov,tue,311,5,999,0,success,3.1,95.494,-44.4,6.057,4891.0
49,admin.,married,professional.course,no,no,no,cellular,nov,thu,278,7,999,0,success,3.4,94.944,-44.1,6.163,4928.1
60,unknown,married,unknown,no,no,no,telephone,nov,thu,494,5,999,0,success,3.1,95.494,-44.4,6.0600000000000005,4891.0
57,admin.,single,professional.course,no,yes,no,cellular,nov,fri,431,5,999,1,success,1.9,94.7,-50.0,5.221,4895.8
47,admin.,married,university.degree,no,yes,no,cellular,nov,tue,269,6,999,0,success,3.4,94.944,-44.1,6.166,4928.1
54,admin.,married,high.school,no,yes,no,cellular,nov,thu,210,5,999,0,success,1.9,94.7,-50.0,5.276,4895.8
71,admin.,married,university.degree,unknown,no,no,cellular,nov,tue,395,5,999,0,nonexistent,3.1,95.494,-44.4,6.057,4891.0
44,admin.,single,high.school,no,no,no,cellular,nov,thu,388,5,999,0,success,3.1,95.494,-44.4,6.055000000000001,4891.0
46,admin.,single,basic.9y,no,no,no,telephone,may,thu,1438,6,999,0,success,3.1,95.494,-44.4,6.055000000000001,4891.0
49,technician,married,professional.course,no,yes,no,cellular,nov,mon,340,7,999,0,success,0.19999999999999996,94.575,-55.1,2.605,4799.1
48,admin.,married,basic.9y,no,unknown,unknown,cellular,nov,tue,264,5,999,0,success,3.1,95.494,-44.4,6.057,4891.0
63,admin.,married,high.school,no,no,no,cellular,nov,thu,1313,6,999,0,success,3.4,94.944,-44.1,6.168,4928.1
56,admin.,married,university.degree,no,no,no,cellular,nov,fri,430,5,999,0,success,0.19999999999999996,94.393,-54.2,2.45,4799.1
56,blue-collar,single,basic.4y,unknown,yes,no,cellular,nov,wed,565,5,999,0,success,0.19999999999999996,94.393,-54.2,2.481,4799.1
46,admin.,married,basic.6y,no,no,no,cellular,nov,thu,1637,7,999,0,success,1.9,94.7,-50.0,5.276,4895.8
51,admin.,divorced,high.school,no,yes,no,cellular,nov,wed,1672,5,999,0,nonexistent,1.9,94.7,-50.0,5.32,4895.8
57,admin.,married,basic.4y,unknown,yes,no,telephone,nov,fri,188,12,999,0,success,3.4,95.965,-49.8,6.159,4928.1
41,admin.,single,professional.course,no,no,no,telephone,nov,thu,291,7,999,0,success,3.1,95.494,-44.4,6.0600000000000005,4891.0
63,admin.,married,unknown,no,yes,no,cellular,nov,mon,149,14,999,0,success,3.4,94.944,-44.1,6.163,4928.1
64,blue-collar,married,basic.4y,unknown,yes,no,cellular,nov,fri,1115,6,999,0,success,3.4,95.965,-49.8,6.159,4928.1
48,admin.,divorced,university.degree,no,yes,no,cellular,may,wed,615,6,999,0,success,0.19999999999999996,94.393,-54.2,2.481,4799.1
41,admin.,single,university.degree,no,yes,no,cellular,nov,tue,482,5,999,0,nonexistent,0.8999999999999999,95.699,-45.5,2.081,4663.6
54,admin.,single,high.school,unknown,yes,no,cellular,nov,tue,358,10,999,0,nonexistent,3.4,95.418,-50.7,6.1610000000000005,4928.1
61,admin.,divorced,high.school,no,no,no,cellular,jul,tue,628,5,999,0,nonexistent,-0.8999999999999999,93.969,-41.6,2.2439999999999998,4776.2
55,admin.,married,professional.course,no,yes,no,cellular,nov,thu,559,5,3,1,success,-1.4,93.931,-34.9,1.94,4717.5
47,admin.,single,university.degree,no,no,no,telephone,nov,mon,322,5,999,0,success,3.1,95.494,-44.4,6.057,4891.0
43,admin.,single,university.degree,unknown,yes,yes,cellular,nov,wed,710,7,999,0,success,3.4,95.418,-50.7,6.162,4928.1
52,admin.,married,high.school,no,yes,no,cellular,nov,wed,480,5,999,0,nonexistent,-0.8999999999999999,94.463,-48.8,2.46,4776.2
46,admin.,married,high.school,no,yes,no,cellular,nov,wed,404,7,999,0,success,-1.0,94.213,-41.0,1.9,4723.5
42,admin.,single,high.school,no,no,no,cellular,nov,fri,514,5,999,0,success,0.19999999999999996,94.869,-42.8,1.853,4708.7
46,admin.,single,university.degree,no,yes,no,cellular,nov,mon,296,6,999,0,nonexistent,0.19999999999999996,94.575,-55.1,2.605,4799.1
70,admin.,divorced,basic.9y,no,yes,no,cellular,nov,fri,1240,5,999,0,success,-0.8999999999999999,93.701,-39.4,2.025,4776.2
53,admin.,married,basic.4y,no,yes,no,cellular,nov,mon,264,5,999,0,nonexistent,1.9,94.7,-50.0,5.391,4895.8
43,admin.,single,basic.4y,unknown,no,no,cellular,jul,tue,1070,7,999,0,success,3.4,95.418,-50.7,6.1610000000000005,4928.1
40,admin.,married,basic.4y,no,no,no,cellular,nov,thu,1443,6,999,0,nonexistent,3.4,95.418,-50.7,6.158,4928.1
61,admin.,married,basic.4y,no,yes,no,cellular,nov,fri,313,7,999,0,success,3.1,95.494,-44.4,6.055000000000001,4891.0
66,admin.,married,high.school,no,yes,no,cellular,nov,wed,1303,6,999,0,success,-1.4,93.879,-37.8,1.968,4717.5
74,admin.,married,basic.6y,no,yes,no,cellular,nov,tue,781,5,999,0,success,3.4,95.418,-50.7,6.1610000000000005,4928.1
63,admin.,divorced,professional.course,no,yes,no,cellular,nov,thu,280,5,999,1,success,1.9,94.7,-50.0,5.276,4895.8
55,admin.,married,basic.9y,unknown,no,no,cellular,nov,wed,995,6,999,0,success,3.1,95.494,-44.4,6.058,4891.0
58,admin.,divorced,basic.9y,no,yes,no,cellular,nov,tue,374,6,999,0,nonexistent,3.4,95.418,-50.7,6.162,4928.1
60,admin.,married,basic.9y,no,yes,yes,cellular,nov,thu,228,5,999,0,nonexistent,3.1,95.494,-44.4,6.055000000000001,4891.0
47,admin.,married,university.degree,no,no,no,cellular,nov,wed,521,5,999,0,nonexistent,1.9,94.7,-50.0,5.32,4895.8
55,admin.,married,high.school,no,no,no,cellular,nov,wed,269,5,999,0,success,3.4,95.418,-50.7,6.162,4928.1
52,admin.,divorced,high.school,no,yes,no,telephone,nov,tue,196,8,999,0,success,3.4,95.965,-49.8,6.1610000000000005,4928.1
62,admin.,married,high.school,no,unknown,unknown,telephone,nov,wed,745,8,999,0,nonexistent,3.4,95.965,-49.8,6.162,4928.1
53,services,divorced,basic.6y,no,yes,no,cellular,nov,tue,1121,6,10,1,success,0.19999999999999996,94.393,-54.2,2.4909999999999997,4799.1
68,admin.,divorced,high.school,no,no,no,cellular,nov,thu,496,5,999,0,success,-1.4,93.931,-34.9,1.922,4717.5
39,admin.,married,basic.9y,no,yes,no,cellular,nov,wed,698,8,999,0,success,0.19999999999999996,94.393,-54.2,2.481,4799.1
67,admin.,divorced,university.degree,no,yes,no,cellular,nov,thu,397,6,999,0,nonexistent,1.9,94.7,-50.0,5.276,4895.8
45,admin.,married,basic.6y,no,yes,no,telephone,nov,mon,1099,7,999,0,success,0.19999999999999996,94.393,-54.2,2.4989999999999997,4799.1
43,admin.,single,university.degree,no,yes,no,cellular,may,wed,244,6,999,0,success,0.19999999999999996,94.393,-54.2,2.534,4799.1
51,admin.,single,professional.course,no,unknown,unknown,cellular,nov,tue,511,7,999,0,success,3.4,94.944,-44.1,6.166,4928.1
66,admin.,married,university.degree,no,yes,no,cellular,nov,thu,257,5,999,0,success,3.4,94.944,-44.1,6.163,4928.1
44,admin.,married,basic.9y,no,no,no,cellular,jul,thu,1223,5,999,0,success,3.4,95.418,-50.7,6.163,4928.1
63,admin.,single,university.degree,no,yes,no,cellular,nov,mon,318,6,999,0,success,3.4,94.944,-44.1,6.165,4928.1
63,admin.,married,basic.9y,unknown,no,no,cellular,nov,wed,154,5,999,0,success,3.1,95.494,-44.4,6.056,4891.0
52,admin.,single,university.degree,no,yes,no,cellular,nov,fri,502,11,999,0,success,3.4,94.944,-44.1,6.164000000000001,4928.1
51,admin.,married,high.school,no,no,no,cellular,apr,mon,1304,5,999,0,success,0.19999999999999996,94.575,-55.1,2.605,4799.1
40,admin.,single,university.degree,no,no,no,cellular,nov,thu,451,5,999,0,success,-0.8999999999999999,93.701,-39.4,2.051,4776.2
48,admin.,married,high.school,unknown,unknown,unknown,cellular,nov,thu,602,5,999,0,nonexistent,3.4,95.418,-50.7,6.168,4928.1
46,admin.,married,basic.6y,no,no,no,cellular,jul,fri,305,6,999,0,success,3.4,95.418,-50.7,6.163,4928.1
47,admin.,married,basic.4y,no,yes,yes,cellular,nov,mon,320,5,999,0,success,1.9,94.7,-50.0,5.391,4895.8
63,admin.,married,high.school,no,no,no,cellular,nov,tue,662,5,999,2,success,0.8999999999999999,96.267,-58.8,2.2489999999999997,4663.6
51,admin.,married,high.school,unknown,no,yes,telephone,nov,thu,226,12,999,0,nonexistent,3.4,95.965,-49.8,6.1610000000000005,4928.1
48,admin.,single,university.degree,no,no,no,cellular,apr,fri,707,7,999,0,success,0.19999999999999996,94.575,-55.1,2.605,4799.1
49,admin.,single,university.degree,no,no,no,cellular,nov,tue,554,5,6,1,success,0.19999999999999996,94.869,-42.8,1.8519999999999999,4708.7
68,unemployed,divorced,basic.9y,unknown,no,no,cellular,nov,thu,507,6,999,0,success,3.1,95.494,-44.4,6.0600000000000005,4891.0
49,technician,married,university.degree,no,yes,no,cellular,may,fri,205,6,999,1,success,0.19999999999999996,94.393,-54.2,2.513,4799.1
67,admin.,married,basic.9y,unknown,yes,no,cellular,nov,tue,282,8,999,0,success,3.1,95.494,-44.4,6.057,4891.0
66,self-employed,married,university.degree,unknown,unknown,unknown,cellular,nov,fri,176,6,999,0,nonexistent,1.9,94.7,-50.0,5.221,4895.8
38,self-employed,single,basic.9y,no,no,no,cellular,nov,thu,577,15,999,0,success,0.19999999999999996,94.393,-54.2,2.466,4799.1
48,admin.,married,high.school,unknown,yes,no,cellular,jul,wed,1182,13,999,0,nonexistent,3.4,95.418,-50.7,6.163,4928.1
51,admin.,married,high.school,no,yes,no,cellular,nov,mon,469,6,999,0,success,3.4,95.418,-50.7,6.16,4928.1
89,admin.,married,high.school,no,no,no,cellular,aug,thu,363,5,999,0,success,-0.8999999999999999,93.701,-39.4,2.083,4776.2
64,blue-collar,married,basic.9y,unknown,no,no,cellular,nov,mon,478,9,999,0,success,3.4,94.944,-44.1,6.163,4928.1
63,admin.,married,basic.4y,no,yes,no,cellular,nov,wed,1027,5,999,0,success,3.1,95.494,-44.4,6.058,4891.0
65,technician,married,unknown,no,yes,no,cellular,nov,tue,1020,5,999,0,success,0.19999999999999996,94.393,-54.2,2.544,4799.1
61,admin.,married,basic.4y,unknown,no,yes,telephone,jun,thu,280,5,999,0,success,3.4,95.965,-49.8,6.1610000000000005,4928.1
74,admin.,married,professional.course,no,yes,no,cellular,nov,wed,498,8,999,0,success,-0.8999999999999999,93.701,-39.4,2.034,4776.2
50,admin.,married,high.school,no,yes,no,cellular,nov,wed,219,6,999,0,success,3.4,95.965,-49.8,6.162,4928.1
63,admin.,married,basic.4y,no,no,no,cellular,nov,fri,289,7,999,0,nonexistent,0.19999999999999996,94.393,-54.2,2.513,4799.1
46,admin.,married,basic.9y,no,no,no,cellular,may,wed,1146,5,999,0,success,0.19999999999999996,94.393,-54.2,2.481,4799.1
41,admin.,single,high.school,no,no,yes,cellular,nov,mon,572,6,999,0,nonexistent,3.4,95.418,-50.7,6.162,4928.1
39,admin.,married,basic.9y,no,no,no,cellular,nov,wed,201,8,999,0,success,0.19999999999999996,94.393,-54.2,2.481,4799.1
54,admin.,married,high.school,no,no,no,cellular,nov,mon,273,6,999,0,success,-1.4,93.879,-37.8,1.971,4717.5
55,admin.,married,high.school,no,no,yes,cellular,nov,mon,390,5,999,0,nonexistent,3.1,95.494,-44.4,6.057,4891.0
64,admin.,single,university.degree,no,yes,no,cellular,nov,tue,385,5,999,0,success,0.19999999999999996,94.393,-54.2,2.466,4799.1
53,admin.,divorced,basic.6y,no,yes,yes,cellular,apr,mon,187,5,999,1,failure,0.19999999999999996,94.575,-55.1,2.605,4799.1
77,self-employed,married,university.degree,unknown,yes,no,cellular,nov,fri,262,5,999,0,success,-1.4,93.879,-37.8,1.9409999999999998,4717.5
71,admin.,married,unknown,no,yes,no,cellular,nov,fri,723,7,999,0,success,3.1,95.494,-44.4,6.057,4891.0
60,admin.,married,basic.4y,unknown,yes,no,cellular,nov,wed,313,6,999,0,success,3.4,95.965,-49.8,6.064,4928.1
70,admin.,married,university.degree,unknown,yes,no,cellular,nov,fri,624,6,999,0,success,1.9,94.7,-50.0,5.221,4895.8
57,management,married,university.degree,no,yes,no,cellular,nov,mon,307,7,999,1,success,-1.4,94.149,-38.1,1.914,4717.5
43,admin.,single,high.school,unknown,yes,no,cellular,nov,wed,683,8,999,0,success,3.1,95.494,-44.4,6.059,4891.0
51,admin.,married,university.degree,no,no,no,cellular,nov,thu,1396,6,999,0,success,0.19999999999999996,94.343,-58.0,2.738,4799.1
68,admin.,single,university.degree,no,no,no,cellular,nov,thu,1009,5,2,1,success,0.19999999999999996,94.575,-55.1,2.565,4799.1
56,admin.,married,university.degree,no,no,no,cellular,nov,thu,685,6,999,0,nonexistent,3.4,94.944,-44.1,6.168,4928.1
51,admin.,married,high.school,no,yes,no,cellular,nov,mon,215,5,999,0,success,0.19999999999999996,94.575,-55.1,2.605,4799.1
57,admin.,divorced,basic.4y,no,no,no,cellular,nov,tue,361,7,999,0,success,3.4,95.965,-49.8,6.064,4928.1
55,admin.,married,professional.course,no,yes,no,cellular,nov,wed,566,5,3,4,success,0.19999999999999996,95.376,-48.0,1.8820000000000001,4708.7
44,admin.,single,university.degree,no,yes,no,cellular,nov,mon,318,6,999,1,failure,0.30000000000000004,95.715,-48.3,2.089,4691.6
47,admin.,single,university.degree,no,yes,no,cellular,nov,thu,1011,5,999,0,nonexistent,0.19999999999999996,94.575,-55.1,2.61,4799.1
62,admin.,divorced,high.school,no,no,no,cellular,nov,thu,248,9,999,0,success,0.19999999999999996,94.575,-55.1,2.61,4799.1
47,admin.,married,basic.9y,unknown,no,no,cellular,nov,tue,1106,6,999,0,nonexistent,0.19999999999999996,94.393,-54.2,2.4909999999999997,4799.1
45,technician,single,professional.course,no,yes,no,cellular,nov,wed,737,5,999,0,success,3.1,95.494,-44.4,6.059,4891.0
45,admin.,married,high.school,unknown,yes,no,cellular,nov,thu,251,5,999,1,success,1.9,94.7,-50.0,5.276,4895.8
49,admin.,married,basic.4y,no,no,no,cellular,nov,fri,766,5,999,0,nonexistent,3.1,95.494,-44.4,6.059,4891.0
42,admin.,single,university.degree,no,no,no,cellular,nov,wed,444,5,3,3,success,0.30000000000000004,95.527,-46.3,2.1,4691.6
54,admin.,married,basic.4y,no,yes,no,cellular,nov,mon,199,8,999,0,success,3.4,95.965,-49.8,6.1610000000000005,4928.1
69,blue-collar,married,high.school,unknown,yes,no,cellular,nov,tue,701,5,999,0,success,0.19999999999999996,94.393,-54.2,2.544,4799.1
51,admin.,married,university.degree,no,no,yes,cellular,nov,wed,554,5,999,0,nonexistent,0.19999999999999996,94.575,-55.1,2.645,4799.1
56,admin.,married,unknown,unknown,yes,no,cellular,nov,mon,633,5,999,0,success,3.4,95.418,-50.7,6.16,4928.1
44,admin.,married,university.degree,no,no,yes,cellular,nov,fri,145,9,999,0,success,3.4,94.944,-44.1,6.166,4928.1
68,admin.,married,university.degree,no,no,no,cellular,nov,wed,313,5,999,0,success,3.4,94.944,-44.1,6.164000000000001,4928.1
46,admin.,divorced,university.degree,no,yes,no,cellular,nov,mon,527,5,999,0,success,0.19999999999999996,94.393,-54.2,2.5540000000000003,4799.1
64,admin.,married,university.degree,no,yes,no,cellular,nov,fri,376,6,999,0,success,3.1,95.494,-44.4,6.064,4891.0
72,admin.,married,high.school,unknown,yes,no,cellular,nov,thu,444,5,999,0,success,3.1,95.494,-44.4,6.0600000000000005,4891.0
54,admin.,married,basic.9y,unknown,no,no,cellular,nov,thu,467,6,999,0,success,3.1,95.494,-44.4,6.055000000000001,4891.0
58,technician,married,professional.course,no,no,no,cellular,nov,wed,260,6,999,0,success,3.4,94.944,-44.1,6.164000000000001,4928.1
43,admin.,single,university.degree,no,no,no,cellular,nov,mon,260,9,999,0,nonexistent,3.4,95.965,-49.8,6.16,4928.1
51,technician,single,professional.course,no,yes,no,cellular,nov,wed,525,6,999,1,failure,0.19999999999999996,94.393,-54.2,2.481,4799.1
45,management,single,university.degree,no,no,no,cellular,nov,mon,500,6,999,0,success,3.4,95.418,-50.7,6.16,4928.1
57,admin.,divorced,high.school,unknown,no,no,cellular,nov,thu,309,7,999,0,success,3.4,95.965,-49.8,6.155,4928.1
53,admin.,single,university.degree,no,no,yes,cellular,may,wed,606,6,999,0,success,3.1,95.494,-44.4,6.059,4891.0
45,student,single,basic.9y,no,no,no,cellular,nov,mon,541,5,999,0,success,3.1,95.494,-44.4,6.058,4891.0
62,admin.,married,university.degree,no,yes,no,telephone,nov,tue,233,13,999,0,success,3.1,95.494,-44.4,6.057,4891.0
49,admin.,married,basic.9y,no,no,no,cellular,nov,wed,1187,6,999,0,success,3.1,95.494,-44.4,6.057,4891.0
71,admin.,divorced,basic.9y,no,yes,no,cellular,nov,wed,2397,7,999,0,success,1.9,94.7,-50.0,5.32,4895.8
60,admin.,divorced,professional.course,no,no,yes,cellular,nov,fri,358,5,999,1,success,0.19999999999999996,94.393,-54.2,2.513,4799.1
64,admin.,single,university.degree,no,no,no,cellular,nov,thu,251,5,999,0,success,-1.4,93.931,-34.9,1.94,4717.5
48,admin.,single,university.degree,no,yes,yes,cellular,nov,wed,485,6,999,0,success,-0.8999999999999999,94.463,-48.8,2.46,4776.2
56,admin.,married,basic.6y,unknown,no,no,cellular,nov,tue,527,6,999,0,nonexistent,0.19999999999999996,94.575,-55.1,2.653,4799.1
51,admin.,single,university.degree,no,yes,yes,cellular,nov,wed,332,5,999,0,success,1.9,94.7,-50.0,5.32,4895.8
46,admin.,single,university.degree,no,no,no,cellular,may,tue,1760,5,2,1,success,0.19999999999999996,94.393,-54.2,2.466,4799.1
50,admin.,married,university.degree,no,no,no,cellular,aug,mon,745,5,999,0,success,3.4,94.944,-44.1,6.165,4928.1
68,admin.,married,basic.9y,unknown,no,no,cellular,aug,mon,262,5,999,0,success,3.4,94.944,-44.1,6.17,4928.1
50,admin.,married,professional.course,no,yes,yes,cellular,nov,wed,1214,5,9,2,success,0.8999999999999999,96.101,-57.5,2.159,4663.6
47,admin.,divorced,university.degree,no,yes,yes,cellular,nov,fri,1047,7,999,0,success,3.4,94.944,-44.1,6.166,4928.1
40,admin.,single,university.degree,no,yes,no,cellular,nov,wed,496,5,999,1,success,0.19999999999999996,94.393,-54.2,2.534,4799.1
68,admin.,married,university.degree,no,yes,yes,cellular,nov,mon,343,6,999,0,success,3.4,95.418,-50.7,6.162,4928.1
46,admin.,married,high.school,no,no,no,cellular,nov,mon,516,7,999,0,success,3.1,95.494,-44.4,6.057,4891.0
47,admin.,single,university.degree,no,no,no,cellular,nov,wed,368,5,999,0,nonexistent,1.9,94.7,-50.0,5.32,4895.8
51,admin.,married,university.degree,no,no,no,cellular,nov,mon,269,7,999,0,success,3.4,94.944,-44.1,6.165,4928.1
67,management,married,university.degree,no,yes,no,cellular,nov,wed,1529,7,999,0,success,1.9,94.7,-50.0,5.32,4895.8
46,admin.,married,basic.9y,unknown,yes,no,cellular,jul,tue,640,6,999,0,success,3.4,95.418,-50.7,6.1610000000000005,4928.1
56,technician,divorced,professional.course,no,yes,no,cellular,nov,wed,340,8,999,0,nonexistent,3.4,94.944,-44.1,6.164000000000001,4928.1
41,admin.,single,basic.9y,no,yes,yes,cellular,nov,mon,392,6,999,0,success,3.4,95.418,-50.7,6.16,4928.1
67,admin.,divorced,high.school,no,yes,no,telephone,nov,thu,482,5,999,0,success,3.1,95.494,-44.4,6.0600000000000005,4891.0
44,admin.,married,university.degree,no,yes,no,cellular,nov,wed,251,5,999,0,success,0.19999999999999996,94.575,-55.1,2.698,4799.1
49,admin.,single,university.degree,no,yes,no,cellular,nov,wed,496,7,999,0,nonexistent,3.4,94.944,-44.1,6.165,4928.1
63,entrepreneur,married,university.degree,no,no,yes,cellular,nov,fri,651,6,4,2,success,-0.8999999999999999,93.701,-39.4,2.081,4776.2
67,admin.,married,high.school,no,yes,no,cellular,nov,tue,572,5,999,0,success,1.9,94.7,-50.0,5.353,4895.8
73,admin.,divorced,university.degree,no,yes,no,telephone,may,wed,685,6,999,0,success,3.1,95.494,-44.4,6.057,4891.0
45,admin.,divorced,high.school,no,no,no,cellular,jun,fri,143,14,999,0,success,3.4,95.965,-49.8,6.159,4928.1
49,admin.,married,university.degree,no,yes,no,telephone,nov,fri,219,9,999,0,success,1.9,94.7,-50.0,5.221,4895.8
57,admin.,married,university.degree,unknown,no,no,cellular,nov,wed,820,5,999,0,success,3.1,95.494,-44.4,6.058,4891.0
63,technician,single,unknown,unknown,no,no,cellular,nov,thu,583,11,999,0,success,3.1,95.494,-44.4,6.0600000000000005,4891.0
44,admin.,divorced,high.school,no,no,no,cellular,nov,wed,1684,5,999,0,success,3.1,95.494,-44.4,6.059,4891.0
53,admin.,married,basic.6y,no,yes,yes,cellular,nov,thu,489,6,999,0,success,3.1,95.494,-44.4,6.055000000000001,4891.0
47,admin.,single,university.degree,no,no,no,cellular,nov,mon,480,5,999,0,nonexistent,3.4,94.944,-44.1,6.17,4928.1
72,admin.,married,basic.9y,no,yes,no,cellular,nov,mon,892,8,999,1,success,0.19999999999999996,94.393,-54.2,2.5540000000000003,4799.1
48,technician,single,professional.course,no,no,no,cellular,nov,fri,1261,6,999,0,nonexistent,3.4,95.965,-49.8,6.147,4928.1
61,admin.,married,basic.4y,no,yes,no,cellular,nov,mon,1110,7,999,0,nonexistent,3.4,95.965,-49.8,6.065,4928.1
51,admin.,married,basic.4y,no,yes,no,cellular,may,tue,568,7,999,0,success,3.1,95.494,-44.4,6.057,4891.0
68,admin.,married,high.school,no,yes,no,cellular,nov,thu,298,10,999,0,success,0.30000000000000004,95.715,-48.3,2.099,4691.6
75,retired,married,university.degree,unknown,unknown,unknown,cellular,nov,tue,266,5,999,0,success,3.1,95.494,-44.4,6.056,4891.0
68,admin.,married,high.school,no,no,no,cellular,nov,fri,602,7,999,0,success,1.9,94.7,-50.0,5.221,4895.8
40,admin.,single,high.school,no,yes,no,telephone,nov,mon,214,13,999,0,success,0.19999999999999996,94.393,-54.2,2.444,4799.1
47,admin.,single,high.school,no,yes,no,cellular,nov,fri,161,15,999,0,success,3.4,95.965,-49.8,6.159,4928.1
66,housemaid,married,basic.4y,unknown,no,no,cellular,aug,fri,575,5,999,0,success,3.4,94.944,-44.1,6.166,4928.1
63,admin.,divorced,high.school,no,no,no,cellular,nov,thu,714,7,999,0,success,1.9,94.7,-50.0,5.276,4895.8
60,admin.,single,high.school,no,yes,no,cellular,nov,mon,617,7,999,0,success,0.19999999999999996,94.393,-54.2,2.4989999999999997,4799.1
47,technician,single,professional.course,no,yes,yes,cellular,nov,thu,541,5,999,0,nonexistent,3.4,95.418,-50.7,6.168,4928.1
48,admin.,married,university.degree,no,yes,no,cellular,nov,tue,221,6,999,0,success,0.19999999999999996,94.343,-58.0,2.887,4799.1
49,admin.,married,university.degree,no,yes,no,cellular,nov,fri,368,6,999,0,success,1.9,94.7,-50.0,5.221,4895.8
60,blue-collar,married,basic.4y,unknown,yes,no,cellular,nov,tue,484,7,999,0,success,3.4,95.418,-50.7,6.1610000000000005,4928.1
50,admin.,married,basic.6y,no,yes,no,cellular,nov,fri,381,6,999,0,success,3.4,95.418,-50.7,6.163,4928.1
46,services,single,high.school,no,no,no,cellular,nov,fri,408,5,999,0,nonexistent,0.19999999999999996,94.575,-55.1,2.605,4799.1
50,entrepreneur,single,university.degree,no,yes,no,cellular,jul,mon,1164,7,999,0,success,3.4,95.418,-50.7,6.16,4928.1
51,admin.,single,university.degree,unknown,yes,no,cellular,nov,wed,1074,5,999,0,nonexistent,0.19999999999999996,94.393,-54.2,2.534,4799.1
52,admin.,single,professional.course,no,no,no,cellular,nov,tue,293,5,999,0,nonexistent,3.4,95.418,-50.7,6.162,4928.1
45,admin.,married,high.school,unknown,no,no,cellular,may,thu,480,5,999,0,success,3.1,95.494,-44.4,6.055000000000001,4891.0
47,admin.,married,basic.9y,unknown,no,no,cellular,nov,wed,320,5,999,0,success,3.1,95.494,-44.4,6.058,4891.0
69,admin.,married,basic.9y,no,yes,yes,cellular,nov,mon,421,6,999,0,success,1.9,94.7,-50.0,5.391,4895.8
52,admin.,divorced,professional.course,no,no,no,cellular,nov,wed,316,5,999,0,success,0.19999999999999996,94.393,-54.2,2.481,4799.1
47,admin.,single,unknown,no,no,yes,cellular,nov,mon,259,6,999,0,nonexistent,0.19999999999999996,94.393,-54.2,2.5540000000000003,4799.1
46,blue-collar,single,basic.9y,no,no,no,telephone,nov,thu,633,6,999,0,success,0.19999999999999996,94.575,-55.1,2.683,4799.1
53,admin.,married,university.degree,no,yes,no,cellular,nov,tue,235,5,3,3,success,-1.4,94.149,-38.1,1.915,4717.5
50,admin.,married,professional.course,unknown,no,no,cellular,aug,tue,748,6,999,0,success,3.4,94.944,-44.1,6.163,4928.1
59,admin.,married,basic.6y,no,no,no,cellular,nov,fri,550,5,999,2,success,0.19999999999999996,94.575,-55.1,2.605,4799.1
56,admin.,married,university.degree,unknown,no,no,cellular,nov,fri,307,5,999,0,success,3.1,95.494,-44.4,6.059,4891.0
45,admin.,single,high.school,unknown,yes,no,telephone,nov,tue,989,5,999,0,success,3.4,95.965,-49.8,6.1610000000000005,4928.1
53,admin.,divorced,high.school,no,yes,no,cellular,may,fri,523,9,999,0,success,3.1,95.494,-44.4,6.064,4891.0
74,admin.,married,basic.4y,unknown,no,no,cellular,nov,mon,647,5,999,0,success,3.1,95.494,-44.4,6.057,4891.0
56,admin.,married,unknown,unknown,no,no,cellular,nov,wed,1049,8,999,0,success,3.4,95.418,-50.7,6.157,4928.1
53,admin.,married,university.degree,no,yes,no,cellular,nov,tue,340,5,999,0,nonexistent,0.19999999999999996,94.343,-58.0,2.887,4799.1
52,admin.,married,basic.4y,unknown,no,no,cellular,nov,tue,341,5,999,0,success,3.1,95.494,-44.4,6.057,4891.0
57,admin.,married,university.degree,no,no,yes,cellular,nov,fri,1744,5,999,0,success,1.9,94.7,-50.0,5.221,4895.8
48,admin.,married,high.school,unknown,no,no,cellular,nov,fri,260,7,999,0,success,3.4,95.965,-49.8,6.167,4928.1
45,admin.,single,high.school,no,yes,no,cellular,nov,fri,471,7,999,1,success,0.19999999999999996,94.393,-54.2,2.45,4799.1
54,admin.,divorced,high.school,no,no,no,cellular,nov,mon,520,5,12,2,success,0.19999999999999996,94.869,-42.8,1.839,4708.7
56,admin.,married,basic.9y,no,no,no,cellular,nov,tue,403,6,999,0,success,3.1,95.494,-44.4,6.057,4891.0
47,admin.,married,high.school,unknown,yes,no,cellular,nov,fri,316,5,999,0,success,3.1,95.494,-44.4,6.055000000000001,4891.0
49,admin.,single,university.degree,no,no,no,cellular,nov,mon,629,5,999,0,success,0.19999999999999996,94.393,-54.2,2.444,4799.1
42,admin.,single,university.degree,unknown,no,no,cellular,nov,tue,350,5,999,0,success,3.4,95.418,-50.7,6.1610000000000005,4928.1
43,admin.,married,high.school,no,yes,no,cellular,nov,tue,577,9,999,0,success,-1.4,94.149,-38.1,1.915,4717.5
48,admin.,married,university.degree,no,no,yes,cellular,nov,thu,260,6,999,1,success,0.19999999999999996,94.869,-42.8,1.85,4708.7
49,blue-collar,married,basic.9y,no,yes,no,cellular,nov,mon,550,6,11,1,success,0.19999999999999996,94.393,-54.2,2.444,4799.1
67,admin.,married,basic.9y,no,yes,no,cellular,nov,mon,530,6,999,0,success,3.4,95.418,-50.7,6.16,4928.1
72,admin.,married,basic.6y,no,no,no,cellular,nov,tue,386,8,999,1,success,0.19999999999999996,94.393,-54.2,2.544,4799.1
47,self-employed,married,professional.course,no,no,yes,telephone,jun,tue,1389,5,999,0,success,3.4,95.965,-49.8,6.1610000000000005,4928.1
51,admin.,married,high.school,no,no,no,cellular,jul,mon,253,11,999,0,success,3.4,95.418,-50.7,6.16,4928.1
62,admin.,married,high.school,no,no,no,cellular,may,mon,316,6,999,0,success,0.19999999999999996,94.393,-54.2,2.444,4799.1
51,admin.,married,university.degree,no,yes,yes,cellular,nov,wed,408,6,999,0,nonexistent,3.4,95.418,-50.7,6.162,4928.1
44,services,single,high.school,no,yes,no,cellular,nov,mon,532,6,999,1,failure,0.19999999999999996,94.393,-54.2,2.444,4799.1
65,admin.,married,basic.4y,unknown,no,no,telephone,aug,tue,322,6,999,0,success,3.4,94.944,-44.1,6.168,4928.1
73,admin.,married,basic.4y,no,yes,no,telephone,nov,thu,462,5,999,0,success,3.4,95.965,-49.8,6.066,4928.1
46,admin.,married,high.school,no,no,no,cellular,nov,wed,653,5,999,0,success,3.1,95.494,-44.4,6.056,4891.0
62,admin.,single,professional.course,unknown,no,no,cellular,jun,mon,282,6,999,0,success,3.4,95.965,-49.8,6.16,4928.1
45,admin.,married,unknown,no,no,no,cellular,nov,mon,606,7,999,0,nonexistent,3.4,95.418,-50.7,6.162,4928.1
44,admin.,single,basic.4y,no,yes,no,cellular,nov,fri,143,13,999,1,success,0.19999999999999996,94.393,-54.2,2.45,4799.1
50,admin.,single,university.degree,no,no,no,cellular,nov,wed,316,5,999,0,success,0.19999999999999996,94.393,-54.2,2.534,4799.1
62,admin.,married,university.degree,unknown,no,no,cellular,nov,wed,284,7,999,0,success,3.1,95.494,-44.4,6.057,4891.0
68,admin.,married,basic.9y,unknown,yes,no,cellular,nov,fri,797,11,999,0,success,3.4,95.965,-49.8,6.159,4928.1
46,admin.,single,high.school,no,no,no,cellular,nov,tue,260,6,999,0,success,3.4,95.418,-50.7,6.1610000000000005,4928.1
40,admin.,single,high.school,unknown,no,no,cellular,nov,fri,637,13,999,0,success,3.4,95.965,-49.8,6.159,4928.1
54,admin.,married,high.school,no,no,no,telephone,nov,wed,910,5,999,0,nonexistent,3.4,95.965,-49.8,6.159,4928.1
51,admin.,married,high.school,no,yes,no,cellular,nov,wed,365,17,999,0,success,3.4,95.418,-50.7,6.163,4928.1
49,admin.,single,university.degree,no,yes,no,cellular,nov,mon,575,6,999,1,failure,0.19999999999999996,94.343,-58.0,2.7199999999999998,4799.1
48,services,single,basic.9y,no,no,yes,cellular,nov,fri,887,13,999,0,success,3.1,95.494,-44.4,6.057,4891.0
46,admin.,divorced,university.degree,no,yes,yes,cellular,may,mon,262,7,999,0,nonexistent,0.19999999999999996,94.393,-54.2,2.5540000000000003,4799.1
67,admin.,divorced,university.degree,unknown,yes,no,telephone,nov,mon,246,8,999,0,nonexistent,0.19999999999999996,94.575,-55.1,2.605,4799.1
95,retired,divorced,basic.4y,no,no,no,cellular,oct,tue,293,5,999,0,success,-1.4,93.931,-34.9,1.944,4717.5
72,admin.,married,unknown,no,no,no,cellular,nov,wed,440,6,999,0,nonexistent,3.4,95.418,-50.7,6.163,4928.1
60,admin.,married,university.degree,no,no,no,cellular,nov,tue,262,6,999,0,success,-1.4,93.931,-34.9,1.928,4717.5
48,admin.,divorced,high.school,unknown,no,no,cellular,nov,tue,410,6,999,0,success,3.1,95.494,-44.4,6.057,4891.0
54,technician,divorced,professional.course,no,yes,no,cellular,nov,fri,773,6,999,0,success,3.1,95.494,-44.4,6.057,4891.0
56,admin.,divorced,university.degree,unknown,no,no,cellular,nov,thu,383,5,999,0,success,3.4,94.944,-44.1,6.164000000000001,4928.1
57,admin.,married,university.degree,unknown,no,no,cellular,nov,tue,511,5,999,0,success,3.4,94.944,-44.1,6.165,4928.1
47,admin.,married,basic.4y,no,yes,no,cellular,nov,mon,354,8,999,0,success,3.4,95.418,-50.7,6.16,4928.1
46,admin.,single,university.degree,no,yes,no,cellular,aug,tue,642,13,999,0,nonexistent,3.4,94.944,-44.1,6.163,4928.1
49,admin.,married,university.degree,no,yes,no,cellular,nov,fri,406,5,999,1,failure,0.19999999999999996,94.393,-54.2,2.513,4799.1
68,technician,married,professional.course,no,yes,no,cellular,sep,fri,811,5,999,0,success,-1.4,93.879,-37.8,2.003,4717.5
48,blue-collar,single,basic.9y,no,yes,no,cellular,nov,thu,435,5,999,0,success,1.9,94.7,-50.0,5.276,4895.8
44,admin.,married,basic.4y,no,yes,yes,cellular,jul,mon,287,5,999,0,success,3.4,95.418,-50.7,6.16,4928.1
54,management,single,university.degree,no,no,no,cellular,nov,fri,1834,6,999,1,success,0.19999999999999996,94.575,-55.1,2.605,4799.1
74,admin.,divorced,basic.4y,unknown,yes,yes,cellular,nov,mon,1461,10,999,0,nonexistent,3.4,95.418,-50.7,6.162,4928.1
69,blue-collar,married,basic.9y,no,yes,no,cellular,nov,fri,550,6,3,1,success,-0.8999999999999999,94.463,-48.8,2.468,4776.2
63,unemployed,married,high.school,no,yes,no,cellular,apr,fri,786,7,999,0,success,0.19999999999999996,94.575,-55.1,2.605,4799.1
49,technician,single,university.degree,no,yes,yes,cellular,nov,wed,939,7,999,0,success,3.4,94.944,-44.1,6.167,4928.1
41,admin.,single,high.school,no,no,no,cellular,nov,fri,583,6,4,1,success,-1.4,93.931,-34.9,1.93,4717.5
53,admin.,divorced,university.degree,no,no,no,cellular,may,mon,262,7,999,0,success,0.19999999999999996,94.393,-54.2,2.4989999999999997,4799.1
40,admin.,single,professional.course,no,yes,no,cellular,nov,thu,811,5,999,0,success,3.4,95.418,-50.7,6.163,4928.1
57,admin.,married,high.school,unknown,yes,no,telephone,nov,tue,527,6,999,0,success,3.1,95.494,-44.4,6.056,4891.0
44,blue-collar,married,basic.9y,no,no,no,cellular,nov,wed,345,6,999,0,success,3.4,95.418,-50.7,6.163,4928.1
49,services,married,high.school,no,no,no,cellular,nov,fri,136,18,999,0,success,3.4,95.965,-49.8,6.159,4928.1
41,admin.,married,high.school,no,yes,no,cellular,nov,fri,728,5,7,1,success,-1.4,94.149,-38.1,1.914,4717.5
69,blue-collar,married,basic.4y,no,yes,no,cellular,nov,mon,197,7,999,0,success,3.4,94.944,-44.1,6.165,4928.1
44,admin.,married,basic.6y,no,no,no,cellular,nov,fri,224,7,999,0,success,0.19999999999999996,94.393,-54.2,2.45,4799.1
43,admin.,single,university.degree,unknown,no,no,cellular,nov,tue,363,8,999,0,success,0.19999999999999996,94.393,-54.2,2.4909999999999997,4799.1
42,admin.,single,high.school,no,no,no,cellular,nov,fri,275,8,999,0,nonexistent,3.1,95.494,-44.4,6.055000000000001,4891.0
71,admin.,married,basic.9y,no,yes,no,cellular,aug,thu,1547,9,999,0,success,3.4,94.944,-44.1,6.163,4928.1
40,admin.,single,unknown,no,no,no,cellular,nov,mon,538,7,999,1,failure,0.19999999999999996,95.249,-42.6,1.843,4708.7
85,admin.,divorced,basic.4y,no,no,no,cellular,nov,thu,822,6,6,2,success,0.30000000000000004,95.715,-48.3,2.046,4691.6
78,admin.,married,basic.9y,no,yes,no,cellular,nov,fri,415,5,999,0,nonexistent,0.19999999999999996,95.249,-42.6,1.845,4708.7
45,admin.,single,university.degree,no,yes,no,cellular,nov,thu,1882,7,999,0,success,3.4,94.944,-44.1,6.162,4928.1
68,admin.,married,high.school,unknown,yes,yes,cellular,nov,mon,232,8,999,0,nonexistent,0.19999999999999996,94.575,-55.1,2.605,4799.1
53,admin.,married,high.school,no,yes,no,cellular,nov,thu,212,22,999,0,success,3.4,95.418,-50.7,6.168,4928.1
100,retired,divorced,basic.4y,no,yes,no,cellular,nov,wed,350,8,999,0,nonexistent,0.19999999999999996,94.393,-54.2,2.4699999999999998,4799.1
50,admin.,married,university.degree,no,no,no,cellular,nov,tue,250,5,999,0,success,0.19999999999999996,94.575,-55.1,2.623,4799.1
66,blue-collar,divorced,basic.4y,no,yes,no,cellular,may,wed,444,6,999,0,success,3.1,95.494,-44.4,6.057,4891.0
67,admin.,divorced,unknown,no,no,no,cellular,nov,tue,320,12,999,0,success,3.4,95.418,-50.7,6.1610000000000005,4928.1
71,admin.,married,university.degree,unknown,yes,no,cellular,nov,wed,336,10,999,0,success,3.4,94.944,-44.1,6.164000000000001,4928.1
55,admin.,married,university.degree,no,yes,no,cellular,nov,thu,847,11,999,0,success,3.1,95.494,-44.4,6.0600000000000005,4891.0
43,admin.,married,high.school,no,no,yes,cellular,nov,fri,174,22,999,0,success,3.1,95.494,-44.4,6.064,4891.0
44,admin.,single,university.degree,no,yes,no,cellular,nov,wed,401,6,999,0,success,3.4,95.418,-50.7,6.157,4928.1
50,admin.,married,university.degree,no,no,no,cellular,nov,mon,835,6,999,0,nonexistent,1.9,94.7,-50.0,5.391,4895.8
53,admin.,single,university.degree,no,unknown,unknown,cellular,nov,tue,161,5,999,0,success,3.4,95.965,-49.8,6.064,4928.1
46,entrepreneur,married,professional.course,no,yes,no,telephone,nov,fri,192,6,999,0,success,3.4,95.965,-49.8,6.159,4928.1
68,unknown,married,high.school,unknown,yes,no,cellular,nov,wed,345,5,999,0,nonexistent,3.1,95.494,-44.4,6.058,4891.0
54,admin.,married,university.degree,no,yes,no,cellular,nov,fri,584,6,999,0,success,3.4,95.965,-49.8,6.159,4928.1
47,admin.,married,basic.6y,unknown,yes,no,cellular,nov,wed,397,6,999,0,success,1.9,94.7,-50.0,5.32,4895.8
48,admin.,single,university.degree,no,yes,no,cellular,nov,wed,239,6,999,0,success,3.4,94.944,-44.1,6.165,4928.1
65,admin.,divorced,university.degree,no,yes,no,cellular,nov,thu,536,6,999,0,success,3.4,95.418,-50.7,6.158,4928.1
48,admin.,married,university.degree,no,yes,no,cellular,nov,wed,669,14,999,0,success,3.4,95.965,-49.8,6.159,4928.1
52,admin.,single,university.degree,no,yes,no,cellular,mar,fri,898,5,999,0,success,0.19999999999999996,94.343,-58.0,2.84,4799.1
52,unemployed,married,professional.course,no,no,yes,cellular,may,thu,318,5,999,0,nonexistent,3.1,95.494,-44.4,6.055000000000001,4891.0
48,admin.,divorced,professional.course,no,yes,yes,cellular,nov,mon,1342,5,999,0,success,3.4,94.944,-44.1,6.17,4928.1
61,admin.,married,high.school,no,yes,no,cellular,nov,mon,1144,5,999,0,success,1.9,94.7,-50.0,5.391,4895.8
49,management,divorced,university.degree,no,no,yes,cellular,nov,tue,698,9,999,0,success,3.4,95.418,-50.7,6.1610000000000005,4928.1
49,admin.,single,university.degree,no,no,yes,cellular,nov,mon,534,7,999,0,success,3.4,94.944,-44.1,6.17,4928.1
56,admin.,divorced,university.degree,no,yes,no,cellular,nov,fri,574,5,999,1,success,0.30000000000000004,95.527,-46.3,2.105,4691.6
53,admin.,married,basic.4y,unknown,no,no,cellular,nov,tue,2024,5,999,0,success,3.4,95.418,-50.7,6.1610000000000005,4928.1
54,admin.,single,basic.9y,no,yes,no,cellular,nov,mon,1643,6,999,0,nonexistent,0.19999999999999996,94.393,-54.2,2.5540000000000003,4799.1
67,admin.,married,university.degree,no,yes,no,cellular,nov,thu,529,6,999,0,success,0.19999999999999996,95.376,-48.0,1.877,4708.7
43,admin.,single,high.school,no,yes,yes,cellular,nov,mon,532,7,999,0,success,3.1,95.494,-44.4,6.058,4891.0
55,admin.,married,high.school,no,no,no,telephone,nov,mon,260,5,999,0,success,3.4,95.965,-49.8,6.16,4928.1
63,admin.,married,professional.course,unknown,no,no,cellular,nov,tue,493,7,999,0,success,3.1,95.494,-44.4,6.057,4891.0
63,services,married,basic.6y,unknown,yes,no,cellular,nov,tue,235,10,999,0,success,3.4,95.418,-50.7,6.1610000000000005,4928.1
46,admin.,married,university.degree,no,yes,no,telephone,may,tue,298,5,999,0,success,3.1,95.494,-44.4,6.057,4891.0
68,admin.,married,university.degree,unknown,yes,no,cellular,may,tue,143,10,999,0,success,3.1,95.494,-44.4,6.057,4891.0
41,blue-collar,single,high.school,no,no,no,cellular,nov,fri,503,8,999,0,success,3.1,95.494,-44.4,6.055000000000001,4891.0
42,admin.,single,university.degree,no,no,no,cellular,nov,tue,169,5,999,0,success,3.4,95.418,-50.7,6.1610000000000005,4928.1
43,admin.,married,basic.4y,unknown,yes,no,cellular,nov,wed,1137,5,999,0,success,3.1,95.494,-44.4,6.059,4891.0
74,admin.,married,high.school,no,unknown,unknown,cellular,nov,thu,487,6,999,0,success,3.4,94.944,-44.1,6.168,4928.1
52,admin.,married,professional.course,no,yes,no,cellular,nov,tue,415,5,999,0,success,1.9,94.7,-50.0,5.353,4895.8
54,admin.,married,high.school,no,yes,yes,cellular,may,wed,433,6,999,0,success,3.1,95.494,-44.4,6.059,4891.0
41,admin.,single,basic.4y,no,yes,yes,cellular,nov,wed,507,7,999,0,success,3.4,95.418,-50.7,6.162,4928.1
46,blue-collar,single,basic.9y,no,yes,no,cellular,nov,tue,160,12,999,0,success,0.19999999999999996,94.393,-54.2,2.4909999999999997,4799.1
52,admin.,married,professional.course,no,no,no,cellular,nov,tue,669,6,999,0,success,3.1,95.494,-44.4,6.057,4891.0
70,admin.,married,high.school,no,no,no,cellular,nov,mon,422,5,999,0,success,3.4,95.418,-50.7,6.16,4928.1
57,admin.,married,high.school,no,yes,no,cellular,nov,mon,566,6,999,0,success,3.1,95.494,-44.4,6.057,4891.0
68,technician,married,professional.course,no,yes,no,cellular,nov,thu,662,5,999,0,nonexistent,0.19999999999999996,94.575,-55.1,2.565,4799.1
51,admin.,single,basic.9y,no,no,no,telephone,may,thu,307,5,999,0,nonexistent,3.1,95.494,-44.4,6.0600000000000005,4891.0
49,admin.,married,high.school,no,no,yes,cellular,nov,wed,772,6,999,1,success,0.19999999999999996,94.393,-54.2,2.534,4799.1
39,admin.,single,basic.9y,unknown,no,no,cellular,nov,wed,1027,7,999,0,success,3.1,95.494,-44.4,6.057,4891.0
49,admin.,divorced,university.degree,no,no,no,cellular,nov,thu,284,14,999,0,success,3.4,95.418,-50.7,6.162,4928.1
61,admin.,divorced,high.school,no,yes,no,cellular,nov,thu,278,5,999,0,success,1.9,94.7,-50.0,5.276,4895.8
53,admin.,single,professional.course,no,yes,no,cellular,nov,fri,277,5,999,0,success,3.4,94.944,-44.1,6.166,4928.1
37,services,single,high.school,no,yes,no,cellular,nov,fri,377,6,999,0,success,3.4,95.418,-50.7,6.163,4928.1
48,admin.,married,professional.course,no,yes,no,cellular,nov,tue,199,5,999,0,success,0.19999999999999996,94.393,-54.2,2.544,4799.1
66,unemployed,divorced,high.school,unknown,yes,no,cellular,nov,thu,457,6,999,0,success,1.9,94.7,-50.0,5.276,4895.8
56,admin.,divorced,university.degree,no,no,no,telephone,nov,mon,197,16,999,0,success,3.4,95.965,-49.8,6.065,4928.1
52,admin.,married,basic.9y,no,yes,no,cellular,jul,mon,565,7,999,0,success,3.4,95.418,-50.7,6.162,4928.1
65,housemaid,divorced,high.school,no,no,no,telephone,nov,fri,439,6,999,0,success,3.1,95.494,-44.4,6.055000000000001,4891.0
51,admin.,married,high.school,no,no,no,cellular,aug,mon,284,6,999,0,success,3.4,94.944,-44.1,6.163,4928.1
54,admin.,single,basic.9y,unknown,yes,no,cellular,nov,mon,1623,8,999,0,success,3.4,95.418,-50.7,6.16,4928.1
70,admin.,married,professional.course,unknown,yes,no,telephone,nov,mon,363,5,999,0,success,3.1,95.494,-44.4,6.057,4891.0
49,admin.,married,professional.course,no,no,no,cellular,nov,mon,660,10,6,1,success,0.19999999999999996,94.869,-42.8,1.846,4708.7
52,admin.,single,university.degree,no,yes,no,cellular,nov,thu,206,5,999,0,success,0.19999999999999996,94.575,-55.1,2.565,4799.1
59,admin.,single,high.school,no,yes,no,cellular,nov,fri,410,6,999,0,success,0.19999999999999996,94.393,-54.2,2.513,4799.1
45,admin.,married,basic.9y,no,no,yes,cellular,nov,fri,260,6,999,0,success,3.4,95.965,-49.8,6.159,4928.1
41,blue-collar,married,basic.9y,no,no,no,cellular,nov,thu,721,6,999,0,success,0.19999999999999996,94.575,-55.1,2.61,4799.1
57,admin.,single,university.degree,no,yes,no,cellular,nov,tue,250,8,999,0,success,3.1,95.494,-44.4,6.056,4891.0
55,admin.,married,university.degree,no,yes,yes,cellular,nov,wed,1535,6,999,0,success,3.1,95.494,-44.4,6.058,4891.0
48,services,single,high.school,no,yes,no,cellular,nov,tue,635,5,999,0,nonexistent,3.4,95.418,-50.7,6.162,4928.1
50,admin.,married,basic.9y,no,no,no,cellular,nov,tue,179,6,999,0,success,3.4,95.965,-49.8,6.1610000000000005,4928.1
44,admin.,single,professional.course,no,no,yes,cellular,nov,tue,493,6,999,1,success,0.19999999999999996,94.869,-42.8,1.8519999999999999,4708.7
53,blue-collar,married,basic.9y,no,no,no,cellular,nov,fri,224,5,999,0,success,3.1,95.494,-44.4,6.057,4891.0
61,admin.,married,basic.6y,unknown,no,no,cellular,jul,mon,1020,9,999,0,success,3.4,95.418,-50.7,6.16,4928.1
58,admin.,single,professional.course,no,no,no,cellular,nov,tue,687,6,999,0,success,3.4,95.965,-49.8,6.1610000000000005,4928.1
51,admin.,married,university.degree,no,yes,no,cellular,nov,thu,374,5,999,1,failure,0.19999999999999996,94.343,-58.0,2.738,4799.1
57,admin.,married,university.degree,no,no,no,cellular,nov,tue,302,6,999,0,success,3.4,94.944,-44.1,6.168,4928.1
44,admin.,single,university.degree,no,yes,no,cellular,nov,thu,734,6,999,0,success,1.9,94.7,-50.0,5.276,4895.8
50,services,married,high.school,no,yes,no,cellular,nov,tue,242,5,999,0,success,3.4,94.944,-44.1,6.166,4928.1
67,admin.,married,professional.course,no,yes,no,cellular,nov,fri,586,5,999,1,success,-1.4,94.149,-38.1,1.914,4717.5
63,admin.,married,university.degree,no,no,no,cellular,nov,thu,775,5,999,0,nonexistent,1.9,94.7,-50.0,5.276,4895.8
51,admin.,married,unknown,no,yes,no,cellular,may,tue,275,6,999,0,success,0.19999999999999996,94.393,-54.2,2.4909999999999997,4799.1
55,admin.,married,professional.course,no,no,no,cellular,nov,mon,286,10,999,0,success,3.4,95.965,-49.8,6.16,4928.1
58,admin.,divorced,university.degree,no,no,no,telephone,nov,tue,761,6,999,0,success,3.4,95.965,-49.8,6.064,4928.1
47,admin.,married,professional.course,no,yes,no,telephone,nov,tue,838,5,999,0,success,1.9,94.7,-50.0,5.9,4895.8
47,admin.,married,basic.4y,unknown,yes,no,cellular,nov,tue,709,5,999,0,success,3.4,95.965,-49.8,6.064,4928.1
40,admin.,single,high.school,no,yes,no,cellular,nov,mon,152,6,999,0,success,0.19999999999999996,94.393,-54.2,2.444,4799.1
47,admin.,married,high.school,no,yes,yes,cellular,nov,mon,163,5,999,2,success,0.19999999999999996,94.575,-55.1,2.605,4799.1
62,admin.,married,basic.6y,unknown,unknown,unknown,cellular,nov,wed,147,12,999,0,success,3.4,95.965,-49.8,6.162,4928.1
66,admin.,married,basic.6y,no,no,no,cellular,nov,fri,2532,5,999,0,success,3.1,95.494,-44.4,6.059,4891.0
65,admin.,married,professional.course,unknown,yes,no,cellular,nov,mon,482,7,999,0,success,3.4,95.418,-50.7,6.162,4928.1
87,admin.,married,basic.4y,no,no,yes,cellular,nov,fri,989,8,8,1,success,0.30000000000000004,95.715,-48.3,2.022,4691.6
47,admin.,single,university.degree,no,no,no,telephone,nov,thu,237,6,999,0,success,1.9,94.7,-50.0,5.276,4895.8
93,admin.,married,basic.4y,no,yes,yes,cellular,nov,tue,255,5,999,0,success,0.19999999999999996,94.575,-55.1,2.605,4799.1
68,admin.,married,university.degree,no,yes,no,cellular,nov,thu,665,7,999,0,nonexistent,3.1,95.494,-44.4,6.055000000000001,4891.0
44,admin.,single,professional.course,no,no,no,cellular,nov,thu,889,7,999,0,nonexistent,0.19999999999999996,94.575,-55.1,2.565,4799.1
45,admin.,single,professional.course,no,no,no,cellular,nov,tue,154,8,999,0,success,3.4,95.965,-49.8,6.1610000000000005,4928.1
53,admin.,married,professional.course,no,yes,yes,cellular,apr,thu,331,5,999,0,success,0.19999999999999996,94.575,-55.1,2.606,4799.1
55,admin.,married,university.degree,no,yes,no,cellular,nov,wed,430,5,999,0,nonexistent,-1.4,93.931,-34.9,1.924,4717.5
63,admin.,divorced,university.degree,no,no,no,cellular,nov,tue,2032,7,999,0,success,0.19999999999999996,94.393,-54.2,2.4909999999999997,4799.1
62,blue-collar,divorced,basic.9y,no,yes,yes,cellular,jul,mon,368,7,999,0,success,3.4,95.418,-50.7,6.162,4928.1
58,admin.,married,university.degree,unknown,yes,no,cellular,may,thu,187,5,999,0,success,3.1,95.494,-44.4,6.0600000000000005,4891.0
67,admin.,single,basic.4y,no,yes,no,cellular,nov,thu,671,8,999,0,nonexistent,3.4,95.418,-50.7,6.166,4928.1
59,admin.,married,professional.course,no,no,no,cellular,nov,mon,143,10,999,1,success,0.19999999999999996,94.393,-54.2,2.4989999999999997,4799.1
49,blue-collar,single,basic.4y,unknown,yes,no,cellular,nov,thu,287,6,999,1,success,0.19999999999999996,94.393,-54.2,2.466,4799.1
58,admin.,married,basic.4y,unknown,yes,yes,cellular,may,tue,1187,6,999,0,nonexistent,3.1,95.494,-44.4,6.057,4891.0
50,admin.,married,high.school,unknown,yes,no,cellular,nov,wed,583,5,999,0,success,0.19999999999999996,94.393,-54.2,2.534,4799.1
59,technician,married,professional.course,no,no,no,cellular,nov,tue,226,10,999,0,success,3.4,94.944,-44.1,6.165,4928.1
57,admin.,married,university.degree,no,yes,no,cellular,nov,mon,590,7,999,0,success,3.1,95.494,-44.4,6.057,4891.0
42,admin.,single,high.school,no,yes,yes,cellular,jul,wed,404,6,999,0,success,3.4,95.418,-50.7,6.163,4928.1
71,admin.,married,high.school,no,no,no,cellular,nov,mon,136,12,999,0,success,0.19999999999999996,94.393,-54.2,2.5540000000000003,4799.1
47,blue-collar,married,basic.9y,no,no,no,cellular,nov,wed,426,5,999,0,success,3.1,95.494,-44.4,6.059,4891.0
46,admin.,single,university.degree,no,no,yes,cellular,apr,tue,719,7,999,0,success,0.19999999999999996,94.575,-55.1,2.605,4799.1
61,admin.,married,university.degree,no,yes,no,cellular,nov,wed,251,5,999,0,nonexistent,3.4,94.944,-44.1,6.165,4928.1
48,admin.,single,basic.9y,unknown,yes,no,cellular,nov,fri,1202,5,999,0,success,3.1,95.494,-44.4,6.059,4891.0
67,services,married,basic.6y,no,no,no,cellular,nov,mon,403,5,999,1,success,0.19999999999999996,94.575,-55.1,2.605,4799.1
64,admin.,married,basic.4y,unknown,no,yes,cellular,nov,tue,617,9,999,0,success,3.4,94.944,-44.1,6.165,4928.1
47,admin.,married,university.degree,no,unknown,unknown,cellular,nov,fri,869,5,999,0,success,0.19999999999999996,94.393,-54.2,2.45,4799.1
52,admin.,married,high.school,unknown,no,yes,cellular,nov,thu,304,10,999,0,success,0.19999999999999996,94.393,-54.2,2.466,4799.1
45,services,single,high.school,no,yes,no,cellular,nov,fri,268,5,999,0,success,0.19999999999999996,94.393,-54.2,2.45,4799.1
47,admin.,married,university.degree,no,no,no,cellular,nov,fri,264,8,999,0,success,3.4,95.965,-49.8,6.147,4928.1
47,admin.,single,basic.9y,no,no,no,cellular,nov,fri,428,5,999,0,success,3.1,95.494,-44.4,6.064,4891.0
68,admin.,married,basic.9y,no,yes,no,cellular,jun,mon,397,14,999,0,success,3.4,95.965,-49.8,6.1610000000000005,4928.1
59,admin.,single,university.degree,no,yes,no,cellular,nov,thu,160,8,999,0,success,1.9,94.7,-50.0,5.276,4895.8
51,admin.,married,university.degree,unknown,yes,yes,cellular,may,mon,971,9,999,0,success,3.1,95.494,-44.4,6.057,4891.0
47,admin.,single,high.school,no,yes,no,cellular,nov,tue,352,6,999,0,success,3.4,94.944,-44.1,6.163,4928.1
65,admin.,married,university.degree,no,yes,no,cellular,nov,thu,584,5,999,1,failure,-1.4,93.931,-34.9,1.954,4717.5
48,technician,married,professional.course,no,no,no,cellular,nov,thu,264,7,999,0,success,3.4,94.944,-44.1,6.162,4928.1
93,admin.,married,basic.4y,no,yes,no,telephone,mar,fri,370,5,999,0,success,0.19999999999999996,94.869,-42.8,1.8359999999999999,4708.7
50,admin.,married,high.school,no,yes,no,cellular,nov,fri,2064,9,999,0,nonexistent,3.1,95.494,-44.4,6.055000000000001,4891.0
69,admin.,married,basic.4y,no,yes,no,cellular,nov,tue,390,6,999,1,success,1.9,94.7,-50.0,5.353,4895.8
50,admin.,married,professional.course,no,no,no,cellular,nov,tue,296,7,999,0,nonexistent,1.9,94.7,-50.0,5.353,4895.8
49,admin.,married,university.degree,no,no,no,cellular,nov,mon,262,9,999,0,success,3.1,95.494,-44.4,6.057,4891.0
46,admin.,married,university.degree,no,yes,no,cellular,nov,tue,676,5,999,0,nonexistent,0.19999999999999996,94.393,-54.2,2.466,4799.1
46,admin.,single,basic.9y,no,no,no,telephone,nov,tue,453,10,999,0,nonexistent,3.1,95.494,-44.4,6.056,4891.0
38,services,single,high.school,no,no,no,cellular,nov,thu,475,14,999,0,nonexistent,3.4,95.965,-49.8,6.1610000000000005,4928.1
45,admin.,single,university.degree,no,yes,yes,cellular,oct,mon,1412,5,999,0,success,1.9,95.298,-48.4,6.2,4895.8
56,admin.,single,university.degree,no,no,no,cellular,nov,wed,748,6,999,0,nonexistent,3.1,95.494,-44.4,6.059,4891.0
44,admin.,married,basic.6y,no,no,yes,cellular,nov,tue,228,5,999,0,success,3.1,95.494,-44.4,6.056,4891.0
71,admin.,married,unknown,no,yes,no,telephone,nov,tue,277,6,999,0,success,3.4,95.965,-49.8,6.1610000000000005,4928.1
59,admin.,married,basic.4y,unknown,yes,no,cellular,jul,mon,291,5,999,0,success,3.4,95.418,-50.7,6.16,4928.1
42,unknown,single,university.degree,no,yes,no,cellular,nov,wed,1317,8,3,2,success,0.30000000000000004,95.555,-47.8,1.967,4691.6
57,admin.,married,basic.4y,unknown,yes,no,cellular,nov,thu,181,5,999,0,nonexistent,3.4,95.965,-49.8,6.066,4928.1
55,admin.,married,high.school,no,no,no,cellular,nov,thu,464,6,999,0,success,3.1,95.494,-44.4,6.0600000000000005,4891.0
56,blue-collar,married,professional.course,no,yes,no,cellular,nov,fri,1184,10,999,0,success,3.4,95.965,-49.8,6.159,4928.1
49,admin.,married,high.school,no,yes,yes,cellular,nov,fri,444,5,999,0,success,3.1,95.494,-44.4,6.059,4891.0
43,admin.,married,university.degree,unknown,no,no,cellular,nov,fri,523,5,999,1,success,0.19999999999999996,94.575,-55.1,2.605,4799.1
93,retired,married,unknown,no,no,no,cellular,nov,thu,610,5,6,2,success,0.19999999999999996,94.869,-42.8,1.835,4708.7
51,admin.,single,high.school,no,yes,yes,cellular,nov,thu,619,5,999,0,success,0.19999999999999996,94.393,-54.2,2.527,4799.1
50,admin.,married,university.degree,no,yes,no,cellular,aug,fri,871,5,999,0,success,3.4,94.944,-44.1,6.166,4928.1
64,admin.,married,university.degree,no,no,no,cellular,sep,fri,318,10,999,3,success,0.8999999999999999,95.699,-45.5,2.083,4663.6
52,admin.,single,university.degree,unknown,no,yes,telephone,nov,mon,278,8,999,0,success,3.4,95.965,-49.8,6.147,4928.1
43,blue-collar,married,basic.6y,no,no,no,cellular,nov,wed,570,5,999,0,success,3.1,95.494,-44.4,6.056,4891.0
52,admin.,married,university.degree,no,no,no,cellular,nov,mon,628,6,6,1,success,0.8999999999999999,96.267,-58.8,2.25,4663.6
49,admin.,single,university.degree,no,yes,yes,cellular,nov,thu,188,5,999,0,success,3.4,94.944,-44.1,6.164000000000001,4928.1
47,admin.,married,basic.4y,no,yes,no,cellular,nov,fri,948,7,999,0,nonexistent,0.19999999999999996,94.393,-54.2,2.45,4799.1
44,admin.,single,university.degree,no,yes,no,cellular,nov,thu,658,5,999,0,nonexistent,3.4,94.944,-44.1,6.163,4928.1
40,admin.,single,university.degree,no,no,no,cellular,nov,thu,507,5,999,0,nonexistent,0.30000000000000004,95.527,-46.3,2.104,4691.6
58,admin.,married,high.school,unknown,yes,no,cellular,nov,wed,575,6,999,0,nonexistent,0.19999999999999996,94.575,-55.1,2.698,4799.1
36,student,single,basic.9y,no,no,no,cellular,nov,mon,226,6,999,0,success,-1.4,94.149,-38.1,1.922,4717.5
67,management,married,basic.4y,no,no,no,telephone,nov,tue,417,9,999,0,success,3.4,95.965,-49.8,6.158,4928.1
54,admin.,married,university.degree,unknown,no,no,cellular,nov,thu,289,16,999,0,nonexistent,3.4,95.418,-50.7,6.168,4928.1
62,management,married,university.degree,no,no,no,cellular,nov,tue,278,5,999,0,success,3.4,94.944,-44.1,6.168,4928.1
51,admin.,married,university.degree,no,yes,no,cellular,nov,wed,241,5,999,0,nonexistent,3.4,95.965,-49.8,6.158,4928.1
63,admin.,divorced,professional.course,no,yes,no,cellular,nov,mon,514,5,999,1,success,1.9,94.7,-50.0,5.391,4895.8
66,admin.,married,high.school,no,yes,no,cellular,nov,thu,197,6,999,1,failure,0.19999999999999996,94.393,-54.2,2.527,4799.1
72,admin.,married,high.school,no,no,no,cellular,nov,mon,804,5,999,0,success,0.19999999999999996,94.393,-54.2,2.444,4799.1
58,unemployed,married,professional.course,no,no,no,cellular,jun,fri,188,6,999,0,nonexistent,3.4,95.965,-49.8,6.159,4928.1
68,blue-collar,divorced,basic.4y,no,yes,no,cellular,nov,fri,781,10,999,1,success,0.19999999999999996,94.393,-54.2,2.45,4799.1
56,services,married,high.school,no,unknown,unknown,cellular,aug,wed,662,5,999,0,success,-0.8999999999999999,93.701,-39.4,2.0789999999999997,4776.2
54,admin.,divorced,basic.4y,no,yes,yes,cellular,nov,wed,2491,6,999,0,nonexistent,3.4,95.418,-50.7,6.162,4928.1
56,admin.,single,professional.course,no,yes,no,cellular,nov,mon,302,5,999,0,success,0.19999999999999996,94.343,-58.0,2.903,4799.1
42,admin.,single,basic.6y,no,yes,yes,cellular,nov,wed,919,7,999,0,success,3.4,95.965,-49.8,6.064,4928.1
54,admin.,married,high.school,no,no,no,cellular,nov,wed,608,5,999,0,success,3.4,94.944,-44.1,6.165,4928.1
50,admin.,single,university.degree,no,yes,no,cellular,nov,tue,579,6,999,1,success,0.19999999999999996,94.393,-54.2,2.4909999999999997,4799.1
61,admin.,married,university.degree,no,no,no,cellular,nov,tue,602,6,999,0,success,3.1,95.494,-44.4,6.057,4891.0
36,admin.,single,basic.4y,no,no,no,cellular,jun,fri,395,5,999,0,success,-0.8999999999999999,94.463,-48.8,2.468,4776.2
39,admin.,single,high.school,no,no,no,cellular,nov,fri,617,5,999,0,success,-0.8999999999999999,93.701,-39.4,2.049,4776.2
54,blue-collar,married,basic.4y,unknown,yes,yes,cellular,jul,tue,403,9,999,0,success,3.4,95.418,-50.7,6.1610000000000005,4928.1
48,admin.,single,university.degree,no,unknown,unknown,cellular,nov,thu,424,7,999,0,nonexistent,3.4,95.965,-49.8,6.066,4928.1
51,admin.,married,basic.9y,no,no,no,cellular,nov,wed,768,6,999,0,success,3.1,95.494,-44.4,6.059,4891.0
71,admin.,married,basic.9y,unknown,no,yes,cellular,nov,thu,226,7,999,0,success,3.4,94.944,-44.1,6.163,4928.1
41,student,single,high.school,no,yes,no,cellular,nov,mon,251,5,999,0,success,0.19999999999999996,94.393,-54.2,2.4989999999999997,4799.1
33,admin.,single,unknown,no,yes,no,cellular,nov,fri,1133,5,999,0,success,-1.4,93.879,-37.8,2.003,4717.5
45,admin.,single,high.school,no,no,no,cellular,may,mon,320,6,999,0,nonexistent,0.19999999999999996,94.393,-54.2,2.444,4799.1
45,admin.,single,high.school,no,yes,yes,cellular,nov,wed,545,7,999,0,success,1.9,94.7,-50.0,5.32,4895.8
100,admin.,married,unknown,no,no,yes,cellular,nov,wed,786,5,3,4,success,0.30000000000000004,95.527,-46.3,2.1029999999999998,4691.6
74,admin.,married,basic.4y,no,yes,yes,cellular,nov,thu,597,5,999,0,success,3.4,94.944,-44.1,6.164000000000001,4928.1
60,admin.,single,high.school,no,no,no,cellular,nov,mon,2797,7,999,0,nonexistent,0.19999999999999996,94.393,-54.2,2.4989999999999997,4799.1
61,admin.,married,basic.4y,unknown,no,no,cellular,nov,tue,485,8,999,0,success,3.4,95.418,-50.7,6.1610000000000005,4928.1
45,admin.,single,high.school,no,yes,yes,cellular,nov,tue,530,5,999,1,success,1.9,94.7,-50.0,5.353,4895.8
61,admin.,married,high.school,no,no,no,cellular,nov,thu,890,5,999,0,success,3.4,95.965,-49.8,6.066,4928.1
54,admin.,married,high.school,no,yes,yes,cellular,nov,tue,685,6,999,0,nonexistent,3.4,95.965,-49.8,6.1610000000000005,4928.1
45,admin.,single,high.school,unknown,yes,no,cellular,nov,wed,246,7,999,0,success,0.19999999999999996,94.393,-54.2,2.534,4799.1
52,admin.,married,university.degree,no,yes,no,cellular,nov,mon,143,9,999,0,success,0.19999999999999996,94.575,-55.1,2.605,4799.1
68,admin.,divorced,basic.4y,no,yes,no,cellular,nov,fri,181,6,999,0,nonexistent,3.1,95.494,-44.4,6.057,4891.0
65,admin.,married,basic.9y,unknown,yes,no,cellular,jun,fri,737,6,999,0,success,3.4,95.965,-49.8,6.159,4928.1
47,admin.,divorced,professional.course,no,no,no,cellular,nov,tue,327,6,999,0,success,0.19999999999999996,94.343,-58.0,2.7560000000000002,4799.1
62,admin.,married,basic.9y,no,yes,yes,cellular,nov,fri,1551,7,999,1,success,0.19999999999999996,94.575,-55.1,2.605,4799.1
51,admin.,single,high.school,no,no,yes,cellular,nov,tue,566,6,999,0,nonexistent,3.4,95.418,-50.7,6.1610000000000005,4928.1
85,admin.,married,basic.4y,unknown,yes,no,cellular,aug,thu,696,5,999,0,success,-0.8999999999999999,93.701,-39.4,2.083,4776.2
54,admin.,married,basic.9y,unknown,no,no,cellular,nov,wed,314,5,999,0,success,3.4,95.418,-50.7,6.162,4928.1
38,admin.,single,university.degree,no,yes,yes,cellular,nov,tue,1205,15,999,0,nonexistent,3.4,95.418,-50.7,6.1610000000000005,4928.1
61,self-employed,married,university.degree,no,yes,yes,cellular,nov,wed,701,5,999,0,success,3.1,95.494,-44.4,6.058,4891.0
56,admin.,married,basic.9y,no,yes,no,cellular,nov,thu,989,6,999,0,success,3.1,95.494,-44.4,6.0600000000000005,4891.0
58,admin.,married,high.school,no,no,no,telephone,nov,fri,430,7,999,0,success,3.1,95.494,-44.4,6.057,4891.0
49,admin.,single,university.degree,no,yes,no,cellular,nov,wed,412,5,999,0,success,3.4,94.944,-44.1,6.164000000000001,4928.1
69,admin.,married,high.school,no,no,yes,cellular,aug,tue,390,6,999,0,success,3.4,94.944,-44.1,6.166,4928.1
64,admin.,married,university.degree,unknown,yes,no,cellular,nov,mon,719,6,999,0,success,3.4,95.418,-50.7,6.162,4928.1
44,admin.,married,high.school,no,yes,no,cellular,nov,tue,1346,5,999,0,nonexistent,3.4,95.418,-50.7,6.162,4928.1
55,admin.,married,university.degree,no,no,yes,cellular,nov,tue,921,7,999,0,success,3.4,94.944,-44.1,6.168,4928.1
54,admin.,married,university.degree,no,yes,no,cellular,nov,mon,223,5,999,0,nonexistent,3.4,94.944,-44.1,6.165,4928.1
41,admin.,single,high.school,no,yes,no,telephone,nov,fri,341,6,999,0,success,3.1,95.494,-44.4,6.064,4891.0
70,admin.,married,university.degree,no,yes,yes,cellular,nov,fri,352,6,999,1,success,0.30000000000000004,95.715,-48.3,1.99,4691.6
47,technician,single,high.school,no,no,no,telephone,nov,wed,550,15,999,0,success,3.4,95.418,-50.7,6.163,4928.1
65,admin.,single,university.degree,no,yes,no,cellular,aug,thu,280,5,999,0,success,3.4,94.944,-44.1,6.164000000000001,4928.1
44,admin.,divorced,university.degree,no,no,no,cellular,jun,mon,457,7,999,0,success,3.4,95.965,-49.8,6.16,4928.1
52,admin.,single,basic.9y,no,no,no,cellular,nov,thu,500,5,999,0,success,3.4,95.418,-50.7,6.162,4928.1
45,admin.,divorced,basic.6y,no,no,no,cellular,nov,tue,257,7,999,0,success,3.4,95.418,-50.7,6.1610000000000005,4928.1
74,admin.,married,professional.course,unknown,yes,yes,cellular,may,mon,1423,5,999,0,success,3.1,95.494,-44.4,6.057,4891.0
45,admin.,married,basic.6y,no,no,no,cellular,nov,thu,415,6,999,1,success,0.19999999999999996,94.393,-54.2,2.466,4799.1
49,admin.,married,basic.6y,no,yes,yes,cellular,nov,wed,377,6,999,0,nonexistent,0.19999999999999996,94.393,-54.2,2.481,4799.1
47,admin.,married,university.degree,no,yes,no,cellular,nov,mon,259,5,999,0,success,-1.4,94.149,-38.1,1.914,4717.5
54,admin.,married,basic.6y,no,no,no,cellular,jun,tue,473,8,999,0,success,3.4,95.965,-49.8,6.1610000000000005,4928.1
43,admin.,married,university.degree,no,yes,no,cellular,nov,wed,1371,5,999,0,success,3.4,95.418,-50.7,6.163,4928.1
48,admin.,single,university.degree,no,yes,yes,cellular,nov,thu,199,5,999,0,success,3.4,94.944,-44.1,6.162,4928.1
47,admin.,single,professional.course,no,no,no,cellular,nov,mon,262,5,999,0,success,3.1,95.494,-44.4,6.057,4891.0
65,admin.,married,university.degree,no,yes,no,cellular,nov,fri,408,5,999,0,success,0.19999999999999996,94.575,-55.1,2.5999999999999996,4799.1
69,admin.,divorced,unknown,unknown,no,no,cellular,nov,wed,188,6,999,0,success,3.4,95.965,-49.8,6.064,4928.1
44,admin.,married,high.school,no,yes,no,cellular,nov,wed,273,5,999,1,success,-1.4,94.149,-38.1,1.919,4717.5
42,admin.,married,university.degree,no,no,no,cellular,nov,fri,241,9,999,0,nonexistent,3.4,95.418,-50.7,6.162,4928.1
57,admin.,married,university.degree,no,no,no,cellular,may,mon,241,6,999,0,success,3.1,95.494,-44.4,6.057,4891.0
63,admin.,married,high.school,no,no,no,cellular,nov,mon,682,5,999,0,success,1.9,95.298,-48.4,6.2,4895.8
57,admin.,married,basic.4y,unknown,no,no,cellular,apr,fri,1123,5,999,0,nonexistent,0.19999999999999996,94.575,-55.1,2.605,4799.1
47,admin.,divorced,professional.course,no,yes,yes,cellular,nov,tue,948,5,999,0,success,0.19999999999999996,94.343,-58.0,2.7560000000000002,4799.1
52,admin.,married,basic.9y,no,yes,no,cellular,nov,fri,260,5,999,0,success,3.4,94.944,-44.1,6.164000000000001,4928.1
43,unemployed,married,basic.9y,no,yes,no,cellular,nov,fri,748,5,999,0,success,0.19999999999999996,94.393,-54.2,2.513,4799.1
42,services,single,high.school,no,yes,yes,cellular,nov,fri,476,9,999,0,nonexistent,3.1,95.494,-44.4,6.059,4891.0
44,admin.,married,university.degree,no,yes,no,cellular,nov,mon,421,5,999,0,success,0.19999999999999996,94.393,-54.2,2.444,4799.1
48,blue-collar,married,basic.9y,unknown,yes,no,telephone,nov,mon,278,6,999,0,success,3.1,95.494,-44.4,6.057,4891.0
39,admin.,single,professional.course,no,yes,no,cellular,jul,wed,748,5,999,0,success,3.4,95.418,-50.7,6.162,4928.1
51,admin.,single,university.degree,no,yes,no,cellular,nov,tue,561,5,999,0,success,3.4,94.944,-44.1,6.163,4928.1
43,admin.,single,high.school,unknown,yes,yes,cellular,may,thu,615,6,999,0,nonexistent,0.19999999999999996,94.393,-54.2,2.527,4799.1
60,admin.,divorced,university.degree,no,yes,no,cellular,nov,mon,822,9,999,0,nonexistent,3.4,94.944,-44.1,6.165,4928.1
48,management,single,high.school,no,no,no,telephone,nov,thu,147,5,999,0,success,0.30000000000000004,95.555,-47.8,1.942,4691.6
72,admin.,married,university.degree,no,yes,yes,cellular,nov,tue,307,5,999,0,success,3.4,95.418,-50.7,6.1610000000000005,4928.1
48,admin.,single,basic.4y,no,yes,no,cellular,nov,fri,161,7,999,1,success,0.19999999999999996,94.393,-54.2,2.45,4799.1
44,admin.,single,university.degree,no,no,no,cellular,nov,tue,291,5,999,0,success,0.19999999999999996,94.575,-55.1,2.605,4799.1
45,admin.,single,basic.9y,no,yes,yes,cellular,nov,thu,923,5,999,0,success,3.4,95.418,-50.7,6.163,4928.1
57,admin.,single,unknown,no,no,no,cellular,nov,thu,1259,10,999,0,success,3.1,95.494,-44.4,6.0600000000000005,4891.0
50,admin.,married,high.school,no,yes,no,cellular,nov,tue,142,10,999,1,failure,0.19999999999999996,94.393,-54.2,2.4909999999999997,4799.1
64,entrepreneur,single,university.degree,no,yes,no,cellular,nov,wed,260,10,5,1,success,-0.8999999999999999,93.701,-39.4,2.034,4776.2
53,admin.,married,university.degree,no,yes,no,cellular,aug,tue,889,16,999,0,success,3.4,94.944,-44.1,6.165,4928.1
45,admin.,single,university.degree,no,yes,no,cellular,nov,mon,701,5,999,0,success,3.4,95.418,-50.7,6.16,4928.1
58,admin.,single,university.degree,no,yes,yes,cellular,nov,wed,262,7,999,0,nonexistent,3.4,94.944,-44.1,6.167,4928.1
50,admin.,married,basic.4y,unknown,no,no,telephone,nov,tue,593,10,999,0,success,3.4,95.965,-49.8,6.064,4928.1
44,admin.,single,university.degree,no,no,no,cellular,nov,tue,525,6,999,0,success,3.4,95.418,-50.7,6.162,4928.1
61,blue-collar,married,basic.6y,no,no,no,cellular,jun,fri,296,5,999,0,success,3.4,95.965,-49.8,6.159,4928.1
71,admin.,married,university.degree,no,no,no,cellular,nov,wed,599,6,999,0,nonexistent,1.9,94.7,-50.0,5.32,4895.8
64,admin.,married,basic.4y,no,unknown,unknown,cellular,nov,tue,205,5,999,0,success,3.1,95.494,-44.4,6.057,4891.0
67,admin.,married,basic.9y,no,yes,yes,cellular,nov,mon,241,9,999,0,success,0.19999999999999996,94.575,-55.1,2.605,4799.1
58,admin.,married,basic.9y,no,no,yes,cellular,may,mon,997,5,3,1,success,0.19999999999999996,94.393,-54.2,2.464,4799.1
48,admin.,married,university.degree,no,yes,no,cellular,nov,tue,415,7,999,0,success,0.19999999999999996,94.393,-54.2,2.466,4799.1
54,admin.,single,basic.4y,unknown,no,no,cellular,nov,fri,147,7,999,0,success,3.4,95.965,-49.8,6.159,4928.1
66,admin.,married,high.school,no,yes,no,cellular,nov,mon,757,7,6,3,success,0.8999999999999999,96.267,-58.8,2.25,4663.6
51,admin.,married,university.degree,no,yes,no,cellular,nov,tue,361,11,999,0,success,3.4,95.965,-49.8,6.1610000000000005,4928.1
42,admin.,single,high.school,no,yes,yes,cellular,nov,fri,161,8,999,0,success,3.4,95.965,-49.8,6.159,4928.1
41,admin.,single,university.degree,no,yes,no,cellular,nov,thu,840,6,999,0,success,0.19999999999999996,94.393,-54.2,2.466,4799.1
58,admin.,married,basic.9y,no,yes,no,cellular,jun,tue,350,5,999,0,nonexistent,3.4,95.965,-49.8,6.1610000000000005,4928.1
44,admin.,married,university.degree,no,yes,yes,cellular,nov,fri,656,5,999,0,success,0.19999999999999996,94.393,-54.2,2.45,4799.1
49,admin.,married,basic.9y,no,no,no,cellular,may,fri,554,5,999,1,success,0.19999999999999996,94.393,-54.2,2.45,4799.1
48,admin.,married,university.degree,no,yes,no,cellular,nov,mon,280,7,999,0,success,3.1,95.494,-44.4,6.057,4891.0
44,entrepreneur,single,professional.course,no,no,no,telephone,nov,wed,1216,5,999,0,success,3.4,95.965,-49.8,6.162,4928.1
49,admin.,divorced,university.degree,no,yes,no,cellular,nov,tue,1164,9,999,0,success,3.4,95.418,-50.7,6.1610000000000005,4928.1
74,admin.,married,high.school,no,yes,no,cellular,nov,mon,786,6,999,0,success,3.4,94.944,-44.1,6.17,4928.1
52,admin.,married,high.school,no,yes,no,cellular,jun,thu,1166,5,999,0,success,3.4,95.965,-49.8,6.066,4928.1
51,admin.,divorced,high.school,no,no,no,cellular,nov,wed,883,5,999,0,success,1.9,94.7,-50.0,5.32,4895.8
47,admin.,single,university.degree,no,yes,no,cellular,aug,thu,818,8,999,0,nonexistent,3.4,94.944,-44.1,6.164000000000001,4928.1
70,admin.,married,university.degree,no,unknown,unknown,cellular,nov,thu,457,6,999,0,nonexistent,1.9,94.7,-50.0,5.276,4895.8
68,admin.,divorced,basic.4y,unknown,no,yes,cellular,nov,tue,406,7,999,0,success,3.4,95.418,-50.7,6.1610000000000005,4928.1
43,admin.,single,basic.9y,no,no,no,cellular,nov,wed,586,6,999,0,nonexistent,3.1,95.494,-44.4,6.057,4891.0
55,admin.,married,basic.6y,no,no,no,cellular,nov,mon,1007,6,999,0,success,3.4,95.965,-49.8,6.1610000000000005,4928.1
49,admin.,married,basic.9y,unknown,no,yes,cellular,nov,mon,208,9,999,1,success,0.19999999999999996,94.575,-55.1,2.605,4799.1
42,admin.,married,high.school,unknown,no,no,cellular,nov,wed,431,7,999,0,success,3.1,95.494,-44.4,6.057,4891.0
51,admin.,married,professional.course,no,yes,no,cellular,nov,thu,286,6,999,1,failure,-0.8999999999999999,93.701,-39.4,2.073,4776.2
40,technician,single,professional.course,no,yes,no,cellular,nov,tue,361,8,999,0,success,3.4,95.418,-50.7,6.1610000000000005,4928.1
47,admin.,married,unknown,no,yes,no,cellular,nov,fri,313,6,999,0,nonexistent,3.4,95.418,-50.7,6.163,4928.1
73,admin.,married,university.degree,no,no,no,cellular,nov,mon,523,6,999,1,success,1.9,94.7,-50.0,5.391,4895.8
50,admin.,single,university.degree,no,no,no,cellular,nov,wed,487,5,999,0,success,3.1,95.494,-44.4,6.057,4891.0
48,admin.,married,high.school,no,yes,no,cellular,nov,mon,320,7,999,0,success,3.4,95.965,-49.8,6.065,4928.1
54,admin.,single,high.school,no,no,no,telephone,nov,thu,280,5,999,0,nonexistent,3.4,95.418,-50.7,6.166,4928.1
64,housemaid,married,professional.course,no,no,no,cellular,nov,thu,1137,5,999,0,nonexistent,3.1,95.494,-44.4,6.0600000000000005,4891.0
69,admin.,married,basic.4y,no,no,no,cellular,nov,thu,307,5,999,1,success,0.19999999999999996,94.575,-55.1,2.61,4799.1
46,admin.,married,basic.9y,no,no,no,cellular,nov,tue,179,10,999,0,success,3.1,95.494,-44.4,6.057,4891.0
44,technician,single,university.degree,no,no,yes,cellular,nov,wed,763,11,999,0,success,3.4,95.418,-50.7,6.157,4928.1
46,admin.,married,high.school,no,yes,no,cellular,nov,fri,354,5,999,0,nonexistent,3.4,95.965,-49.8,6.167,4928.1
45,technician,single,high.school,no,yes,no,cellular,nov,mon,354,6,999,0,success,3.4,95.418,-50.7,6.16,4928.1
57,admin.,divorced,high.school,no,yes,no,cellular,nov,fri,298,7,999,0,success,3.1,95.494,-44.4,6.057,4891.0
54,admin.,single,basic.9y,no,no,no,cellular,nov,thu,680,6,999,0,success,0.19999999999999996,94.575,-55.1,2.683,4799.1
36,admin.,single,basic.9y,no,no,no,cellular,nov,wed,773,5,6,1,success,0.19999999999999996,94.869,-42.8,1.855,4708.7
59,admin.,married,university.degree,no,yes,no,cellular,nov,mon,820,6,999,0,success,3.4,94.944,-44.1,6.165,4928.1
49,admin.,married,basic.9y,no,yes,no,cellular,nov,fri,548,5,999,1,failure,0.19999999999999996,94.575,-55.1,2.605,4799.1
65,admin.,married,unknown,unknown,yes,no,cellular,nov,tue,322,5,999,0,success,3.4,95.418,-50.7,6.1610000000000005,4928.1
48,admin.,married,professional.course,no,yes,no,cellular,sep,wed,604,5,999,0,success,0.8999999999999999,95.699,-45.5,2.086,4663.6
54,admin.,married,university.degree,no,yes,no,cellular,nov,tue,291,5,999,0,success,1.9,94.7,-50.0,5.353,4895.8
45,admin.,divorced,high.school,no,yes,no,cellular,nov,fri,221,6,999,0,success,3.4,95.965,-49.8,6.167,4928.1
45,student,single,university.degree,no,yes,no,cellular,may,tue,1515,7,999,0,success,0.19999999999999996,94.393,-54.2,2.4909999999999997,4799.1
71,admin.,married,basic.4y,unknown,no,no,cellular,aug,wed,329,6,999,0,success,3.4,94.944,-44.1,6.164000000000001,4928.1
73,admin.,married,university.degree,no,yes,no,cellular,nov,tue,615,8,999,0,success,3.4,95.418,-50.7,6.1610000000000005,4928.1
37,admin.,single,basic.9y,no,no,no,cellular,oct,fri,518,6,6,1,success,-1.4,93.931,-34.9,1.93,4717.5
40,admin.,single,high.school,no,no,no,cellular,nov,fri,156,11,999,0,success,3.4,95.965,-49.8,6.159,4928.1
52,admin.,married,university.degree,unknown,no,no,cellular,nov,mon,388,5,999,0,success,3.4,94.944,-44.1,6.17,4928.1
53,admin.,single,university.degree,no,yes,no,cellular,nov,thu,332,6,999,0,nonexistent,3.4,94.944,-44.1,6.163,4928.1
68,admin.,married,basic.6y,no,yes,no,cellular,nov,wed,772,23,999,0,success,3.4,95.418,-50.7,6.163,4928.1
58,admin.,single,basic.4y,no,no,no,cellular,nov,tue,640,5,999,0,success,3.1,95.494,-44.4,6.057,4891.0
40,admin.,married,basic.4y,no,no,no,cellular,nov,fri,325,6,999,0,nonexistent,0.19999999999999996,94.393,-54.2,2.45,4799.1
69,admin.,married,basic.4y,unknown,yes,no,cellular,nov,mon,1645,9,999,0,nonexistent,0.19999999999999996,94.575,-55.1,2.605,4799.1
39,admin.,divorced,basic.9y,no,no,no,cellular,nov,wed,871,5,999,0,success,0.19999999999999996,94.393,-54.2,2.481,4799.1
53,blue-collar,married,basic.6y,no,yes,no,cellular,nov,fri,421,6,999,0,success,3.4,95.965,-49.8,6.159,4928.1
49,admin.,single,high.school,no,yes,no,cellular,nov,wed,260,5,12,1,success,0.19999999999999996,94.393,-54.2,2.534,4799.1
46,admin.,single,basic.9y,no,no,no,telephone,may,wed,377,5,999,0,success,3.1,95.494,-44.4,6.056,4891.0
62,housemaid,divorced,basic.4y,unknown,yes,yes,telephone,nov,wed,975,6,999,0,success,1.9,94.7,-50.0,5.32,4895.8
66,admin.,married,professional.course,no,yes,no,cellular,nov,thu,160,5,999,0,success,3.4,95.965,-49.8,6.1610000000000005,4928.1
47,admin.,single,professional.course,no,yes,no,cellular,nov,tue,350,5,999,0,success,3.4,94.944,-44.1,6.165,4928.1
50,admin.,divorced,university.degree,no,no,no,cellular,nov,tue,575,5,999,1,success,0.19999999999999996,94.575,-55.1,2.653,4799.1
48,admin.,single,university.degree,no,yes,no,cellular,nov,fri,867,6,999,0,success,3.4,95.418,-50.7,6.157,4928.1
44,admin.,single,university.degree,no,yes,yes,cellular,nov,mon,338,16,999,0,success,-0.8999999999999999,93.701,-39.4,2.021,4776.2
52,admin.,married,high.school,no,no,yes,cellular,nov,tue,347,7,999,0,success,3.4,95.418,-50.7,6.1610000000000005,4928.1
60,management,married,university.degree,no,yes,yes,cellular,nov,thu,597,7,999,0,success,0.19999999999999996,94.393,-54.2,2.527,4799.1
66,admin.,married,professional.course,no,yes,no,cellular,nov,wed,554,7,999,0,success,-1.0,94.213,-41.0,1.9,4723.5
45,admin.,single,professional.course,no,unknown,unknown,telephone,nov,thu,241,5,999,0,success,3.4,95.965,-49.8,6.066,4928.1
74,blue-collar,married,basic.4y,no,yes,no,cellular,nov,mon,343,6,999,0,success,0.19999999999999996,94.869,-42.8,1.8519999999999999,4708.7
41,admin.,married,high.school,no,no,no,cellular,nov,thu,345,6,999,0,nonexistent,3.4,95.418,-50.7,6.162,4928.1
53,blue-collar,married,basic.9y,no,no,no,cellular,jun,fri,1367,7,999,0,nonexistent,3.4,95.965,-49.8,6.159,4928.1
62,blue-collar,married,basic.9y,no,no,no,cellular,nov,tue,633,5,999,0,success,3.1,95.494,-44.4,6.057,4891.0
41,blue-collar,married,basic.9y,no,no,no,cellular,nov,wed,201,6,999,2,failure,0.19999999999999996,94.393,-54.2,2.534,4799.1
46,admin.,married,basic.9y,unknown,yes,no,cellular,jun,mon,818,5,999,0,success,-0.8999999999999999,94.463,-48.8,2.466,4776.2
48,admin.,married,professional.course,no,no,no,cellular,nov,fri,201,7,999,0,success,3.4,94.944,-44.1,6.166,4928.1
90,retired,married,unknown,no,no,no,cellular,sep,tue,464,5,999,1,success,-1.4,93.879,-37.8,1.988,4717.5
44,admin.,single,university.degree,no,yes,no,cellular,nov,mon,669,7,999,0,success,3.4,95.418,-50.7,6.162,4928.1
54,admin.,married,high.school,no,yes,no,cellular,nov,mon,482,5,999,0,success,3.4,95.418,-50.7,6.16,4928.1
59,admin.,married,university.degree,no,no,no,cellular,nov,fri,259,9,999,0,success,1.9,94.7,-50.0,5.221,4895.8
59,admin.,single,basic.9y,no,yes,no,cellular,nov,mon,284,5,999,0,nonexistent,3.1,95.494,-44.4,6.057,4891.0
68,self-employed,married,university.degree,unknown,no,no,cellular,jul,fri,550,6,999,0,nonexistent,3.4,95.418,-50.7,6.157,4928.1
62,entrepreneur,divorced,high.school,no,no,no,cellular,nov,thu,134,11,999,0,nonexistent,0.19999999999999996,94.393,-54.2,2.466,4799.1
56,admin.,married,unknown,unknown,no,no,cellular,jun,tue,480,8,999,0,success,3.4,95.965,-49.8,6.064,4928.1
47,admin.,married,university.degree,no,yes,no,cellular,nov,wed,849,6,999,0,nonexistent,1.9,94.7,-50.0,5.32,4895.8
61,admin.,married,basic.4y,no,no,no,cellular,jul,wed,545,5,999,0,success,3.4,95.418,-50.7,6.162,4928.1
54,admin.,single,high.school,unknown,yes,no,telephone,may,thu,212,6,999,0,success,3.1,95.494,-44.4,6.0600000000000005,4891.0
60,admin.,divorced,high.school,no,yes,no,cellular,nov,mon,1166,5,999,0,success,1.9,94.7,-50.0,5.391,4895.8
52,admin.,married,university.degree,no,yes,no,cellular,nov,fri,687,5,999,0,nonexistent,0.8999999999999999,96.267,-58.8,2.24,4663.6
66,admin.,divorced,high.school,no,yes,yes,cellular,nov,tue,138,10,999,0,success,0.19999999999999996,94.393,-54.2,2.4909999999999997,4799.1
40,admin.,married,university.degree,no,no,no,cellular,nov,mon,178,12,10,1,success,0.19999999999999996,94.393,-54.2,2.444,4799.1
48,admin.,married,university.degree,unknown,yes,yes,cellular,nov,tue,584,12,999,0,nonexistent,0.19999999999999996,94.575,-55.1,2.623,4799.1
45,admin.,single,professional.course,no,yes,no,cellular,nov,tue,491,5,999,0,success,3.4,95.418,-50.7,6.162,4928.1
60,services,divorced,basic.9y,no,no,no,cellular,nov,mon,536,5,999,0,success,0.19999999999999996,94.575,-55.1,2.605,4799.1
39,admin.,single,high.school,no,yes,no,cellular,nov,fri,316,5,999,0,success,-0.8999999999999999,94.463,-48.8,2.468,4776.2
68,admin.,married,professional.course,no,yes,no,cellular,nov,tue,673,6,999,0,success,3.4,95.418,-50.7,6.155,4928.1
49,admin.,married,basic.9y,unknown,yes,no,cellular,nov,fri,341,5,999,0,success,3.1,95.494,-44.4,6.064,4891.0
61,admin.,married,basic.4y,no,no,no,cellular,nov,wed,647,5,999,0,success,3.4,94.944,-44.1,6.164000000000001,4928.1
33,admin.,single,basic.6y,no,no,yes,cellular,nov,fri,782,6,999,0,success,-1.4,93.931,-34.9,1.92,4717.5
53,services,married,high.school,no,yes,no,cellular,nov,thu,379,5,999,0,success,0.19999999999999996,94.575,-55.1,2.61,4799.1
58,admin.,married,high.school,no,yes,no,cellular,apr,wed,1362,11,999,0,success,0.19999999999999996,94.575,-55.1,2.645,4799.1
48,admin.,single,professional.course,no,yes,no,cellular,aug,wed,282,5,999,0,success,3.4,94.944,-44.1,6.167,4928.1
49,admin.,married,high.school,no,no,no,cellular,jul,fri,730,5,999,0,success,3.4,95.418,-50.7,6.159,4928.1
62,admin.,married,basic.6y,no,no,no,cellular,nov,mon,415,6,6,3,success,0.8999999999999999,95.699,-45.5,2.082,4663.6
45,admin.,married,university.degree,no,no,no,cellular,nov,thu,469,9,999,0,success,3.4,94.944,-44.1,6.168,4928.1
62,blue-collar,divorced,basic.4y,no,no,yes,cellular,jun,wed,930,6,999,0,success,3.4,95.965,-49.8,6.159,4928.1
57,admin.,married,university.degree,no,no,no,cellular,nov,wed,224,5,999,0,success,3.4,94.944,-44.1,6.165,4928.1
50,admin.,single,high.school,no,no,no,cellular,nov,tue,410,5,999,0,nonexistent,3.4,95.418,-50.7,6.162,4928.1
62,technician,married,professional.course,no,no,no,cellular,nov,mon,484,5,999,0,success,3.1,95.494,-44.4,6.058,4891.0
51,admin.,married,university.degree,unknown,yes,yes,cellular,nov,fri,655,5,999,0,success,3.1,95.494,-44.4,6.057,4891.0
56,admin.,married,basic.9y,unknown,no,no,cellular,nov,mon,309,6,999,0,success,3.1,95.494,-44.4,6.058,4891.0
41,admin.,single,high.school,no,yes,yes,cellular,nov,fri,1718,5,6,2,success,0.19999999999999996,95.249,-42.6,1.845,4708.7
47,admin.,single,university.degree,no,yes,no,cellular,nov,fri,296,5,999,1,success,0.19999999999999996,94.393,-54.2,2.45,4799.1
52,admin.,married,university.degree,no,yes,no,cellular,nov,fri,689,6,999,0,nonexistent,3.4,95.965,-49.8,6.167,4928.1
72,admin.,married,professional.course,no,yes,no,cellular,nov,thu,385,5,999,0,success,3.4,95.418,-50.7,6.162,4928.1
67,admin.,married,professional.course,no,no,no,cellular,nov,fri,194,11,999,0,success,3.4,95.965,-49.8,6.159,4928.1
66,admin.,married,university.degree,unknown,no,yes,cellular,nov,thu,287,5,999,0,success,3.4,95.965,-49.8,6.155,4928.1
50,admin.,married,professional.course,no,yes,no,cellular,nov,thu,446,6,999,0,success,3.4,95.965,-49.8,6.066,4928.1
62,services,divorced,high.school,no,no,no,cellular,nov,mon,442,6,999,0,success,3.1,95.494,-44.4,6.058,4891.0
96,admin.,divorced,basic.4y,no,yes,no,cellular,nov,mon,392,10,999,0,success,-1.4,94.149,-38.1,1.919,4717.5
53,admin.,married,university.degree,no,yes,yes,cellular,nov,wed,678,5,999,0,success,-1.0,94.213,-41.0,1.9209999999999998,4723.5
64,admin.,married,university.degree,no,no,no,cellular,nov,thu,192,7,999,0,success,1.9,94.7,-50.0,5.276,4895.8
52,admin.,married,university.degree,no,yes,no,cellular,nov,fri,142,9,999,1,failure,1.9,94.7,-50.0,5.221,4895.8
53,admin.,married,professional.course,unknown,no,no,cellular,nov,mon,523,7,999,0,success,3.4,95.418,-50.7,6.16,4928.1
46,admin.,married,university.degree,no,yes,no,cellular,nov,tue,2060,5,999,0,success,0.19999999999999996,94.393,-54.2,2.466,4799.1
50,admin.,married,university.degree,no,no,no,cellular,nov,tue,462,7,7,3,success,-1.4,94.149,-38.1,1.916,4717.5
46,admin.,married,basic.9y,no,yes,no,cellular,nov,wed,3112,7,999,0,success,1.9,94.7,-50.0,5.32,4895.8
46,admin.,single,university.degree,no,yes,no,cellular,nov,wed,377,7,999,0,success,1.9,94.7,-50.0,5.32,4895.8
69,admin.,married,professional.course,no,yes,yes,cellular,nov,thu,235,6,999,0,success,3.4,94.944,-44.1,6.164000000000001,4928.1
41,admin.,single,professional.course,no,no,yes,cellular,nov,wed,422,6,999,0,success,3.4,95.418,-50.7,6.157,4928.1
45,admin.,married,university.degree,no,yes,no,cellular,nov,thu,1760,6,999,0,nonexistent,3.1,95.494,-44.4,6.0600000000000005,4891.0
51,admin.,single,unknown,no,yes,no,telephone,nov,wed,707,5,999,0,success,3.1,95.494,-44.4,6.056,4891.0
51,admin.,married,high.school,no,yes,no,cellular,nov,tue,586,9,999,0,success,3.1,95.494,-44.4,6.056,4891.0
54,admin.,married,high.school,no,yes,yes,cellular,nov,fri,136,23,999,0,success,3.4,95.965,-49.8,6.159,4928.1
47,admin.,single,university.degree,unknown,yes,yes,cellular,nov,wed,197,5,999,0,success,3.4,94.944,-44.1,6.167,4928.1
67,blue-collar,married,basic.4y,no,yes,no,telephone,nov,thu,635,6,999,0,success,3.1,95.494,-44.4,6.0600000000000005,4891.0
43,admin.,single,high.school,no,yes,no,telephone,may,fri,597,5,999,0,success,3.1,95.494,-44.4,6.059,4891.0
57,admin.,single,university.degree,no,no,no,cellular,nov,wed,548,8,999,0,success,1.9,94.7,-50.0,5.32,4895.8
59,technician,married,unknown,no,no,yes,cellular,nov,tue,370,6,999,0,success,-1.4,93.931,-34.9,1.928,4717.5
60,admin.,married,basic.6y,unknown,no,no,cellular,nov,fri,356,5,999,0,success,3.1,95.494,-44.4,6.057,4891.0
53,admin.,married,basic.9y,no,no,yes,cellular,nov,wed,988,6,999,0,success,0.19999999999999996,94.393,-54.2,2.481,4799.1
72,admin.,divorced,professional.course,no,unknown,unknown,cellular,nov,fri,277,5,999,0,success,1.9,94.7,-50.0,5.221,4895.8
72,blue-collar,divorced,basic.9y,no,yes,no,cellular,nov,tue,201,6,999,0,nonexistent,3.4,95.965,-49.8,6.064,4928.1
68,admin.,married,professional.course,no,no,no,cellular,nov,thu,511,6,3,1,success,-0.8999999999999999,94.463,-48.8,2.46,4776.2
40,admin.,single,university.degree,no,yes,no,cellular,aug,mon,413,5,6,1,success,-0.8999999999999999,93.701,-39.4,2.061,4776.2
52,blue-collar,married,basic.9y,no,yes,no,cellular,jun,fri,170,5,999,0,success,3.4,95.965,-49.8,6.167,4928.1
50,admin.,married,high.school,no,no,no,telephone,nov,wed,300,7,999,0,success,3.1,95.494,-44.4,6.059,4891.0
44,admin.,married,high.school,no,no,yes,cellular,nov,wed,295,12,999,0,success,3.4,95.965,-49.8,6.162,4928.1
51,admin.,married,high.school,unknown,yes,no,cellular,nov,wed,322,6,999,0,success,3.4,94.944,-44.1,6.164000000000001,4928.1
54,admin.,single,university.degree,no,yes,yes,cellular,nov,mon,136,8,999,1,failure,0.19999999999999996,94.393,-54.2,2.444,4799.1
66,admin.,married,university.degree,no,no,no,telephone,may,tue,277,8,999,0,success,3.1,95.494,-44.4,6.057,4891.0
46,admin.,married,unknown,no,yes,no,cellular,nov,wed,494,5,999,0,success,0.19999999999999996,94.393,-54.2,2.534,4799.1
53,blue-collar,married,basic.4y,unknown,yes,no,telephone,nov,wed,176,10,999,0,success,3.4,95.418,-50.7,6.157,4928.1
54,admin.,married,basic.9y,no,yes,yes,cellular,may,mon,412,8,999,0,success,3.1,95.494,-44.4,6.057,4891.0
39,technician,single,professional.course,no,no,yes,cellular,nov,tue,372,6,999,0,success,3.1,95.494,-44.4,6.057,4891.0
65,admin.,married,basic.6y,unknown,no,no,cellular,nov,fri,305,10,999,0,success,0.19999999999999996,94.393,-54.2,2.513,4799.1
46,admin.,divorced,basic.4y,no,yes,no,cellular,nov,wed,206,5,999,0,success,3.4,95.965,-49.8,6.162,4928.1
42,admin.,single,high.school,unknown,no,no,cellular,nov,thu,255,5,999,0,success,3.1,95.494,-44.4,6.0600000000000005,4891.0
50,admin.,married,university.degree,no,yes,no,cellular,nov,mon,1362,5,999,0,success,1.9,94.7,-50.0,5.391,4895.8
43,admin.,single,university.degree,no,yes,no,cellular,nov,thu,2210,5,4,1,success,-0.8999999999999999,94.463,-48.8,2.46,4776.2
44,admin.,single,university.degree,no,no,no,cellular,nov,thu,1355,5,999,0,nonexistent,3.4,95.418,-50.7,6.158,4928.1
54,blue-collar,single,basic.9y,no,yes,no,cellular,nov,mon,273,5,999,0,success,0.19999999999999996,94.393,-54.2,2.4989999999999997,4799.1
46,admin.,single,university.degree,no,yes,no,cellular,aug,tue,354,5,999,0,success,3.4,94.944,-44.1,6.166,4928.1
72,admin.,married,high.school,unknown,yes,no,cellular,nov,mon,655,6,999,0,nonexistent,0.19999999999999996,94.575,-55.1,2.605,4799.1
71,admin.,married,professional.course,no,yes,no,cellular,nov,mon,989,9,999,0,success,0.19999999999999996,95.376,-48.0,1.8820000000000001,4708.7
50,admin.,married,professional.course,no,no,no,cellular,nov,wed,1229,6,999,0,success,1.9,94.7,-50.0,5.32,4895.8
48,entrepreneur,married,basic.6y,no,no,no,cellular,nov,wed,282,6,999,1,failure,1.9,94.7,-50.0,5.32,4895.8
50,admin.,married,professional.course,no,yes,yes,cellular,nov,mon,712,8,999,0,success,3.4,95.965,-49.8,6.1610000000000005,4928.1
61,admin.,married,university.degree,no,no,no,cellular,nov,mon,194,5,999,0,nonexistent,3.4,95.418,-50.7,6.16,4928.1
57,admin.,single,university.degree,no,no,no,cellular,nov,tue,248,7,999,0,success,3.1,95.494,-44.4,6.056,4891.0
68,admin.,married,basic.9y,no,no,no,cellular,nov,mon,460,7,999,0,success,3.1,95.494,-44.4,6.057,4891.0
57,admin.,married,high.school,no,yes,no,cellular,nov,fri,311,5,999,1,success,0.19999999999999996,94.393,-54.2,2.513,4799.1
66,admin.,single,high.school,unknown,no,no,cellular,nov,fri,313,8,999,0,success,1.9,94.7,-50.0,5.221,4895.8
51,admin.,married,high.school,no,no,no,cellular,nov,thu,214,6,999,0,success,1.9,94.7,-50.0,5.276,4895.8
50,admin.,married,university.degree,no,yes,no,cellular,jun,tue,239,5,999,0,success,-0.8999999999999999,94.463,-48.8,2.452,4776.2
53,admin.,single,basic.4y,unknown,no,no,cellular,nov,tue,194,9,999,0,success,3.4,95.418,-50.7,6.1610000000000005,4928.1
44,admin.,divorced,basic.9y,no,yes,no,cellular,nov,thu,325,8,999,0,success,0.19999999999999996,94.575,-55.1,2.61,4799.1
41,admin.,single,basic.9y,unknown,yes,no,cellular,nov,tue,417,6,999,1,success,0.19999999999999996,94.393,-54.2,2.4909999999999997,4799.1
74,admin.,married,high.school,unknown,yes,no,cellular,aug,thu,385,6,999,0,success,3.4,94.944,-44.1,6.162,4928.1
43,technician,single,professional.course,no,no,no,cellular,nov,thu,919,5,999,0,success,0.19999999999999996,94.575,-55.1,2.683,4799.1
41,admin.,single,high.school,no,no,yes,telephone,nov,fri,377,6,999,0,success,3.1,95.494,-44.4,6.064,4891.0
68,admin.,married,high.school,no,no,no,cellular,nov,thu,232,6,999,0,success,3.4,94.944,-44.1,6.163,4928.1
38,admin.,single,basic.9y,no,no,yes,cellular,nov,fri,1133,5,999,0,success,0.19999999999999996,94.393,-54.2,2.4589999999999996,4799.1
62,admin.,married,high.school,no,no,no,telephone,nov,fri,622,6,999,0,success,3.1,95.494,-44.4,6.059,4891.0
47,admin.,married,professional.course,no,yes,yes,cellular,nov,tue,597,5,999,0,nonexistent,1.9,94.7,-50.0,5.353,4895.8
72,admin.,married,high.school,no,no,no,cellular,nov,thu,2334,5,999,0,nonexistent,3.4,94.944,-44.1,6.168,4928.1
63,admin.,single,university.degree,no,yes,no,cellular,jun,thu,719,6,999,0,success,3.4,95.965,-49.8,6.066,4928.1
75,admin.,married,basic.9y,no,no,no,cellular,nov,fri,163,15,999,0,success,3.4,94.944,-44.1,6.163,4928.1
58,admin.,married,unknown,no,no,no,cellular,may,fri,487,6,999,0,nonexistent,3.1,95.494,-44.4,6.055000000000001,4891.0
47,admin.,married,high.school,no,yes,no,cellular,nov,wed,350,5,999,1,success,0.19999999999999996,94.393,-54.2,2.534,4799.1
60,admin.,single,professional.course,unknown,yes,no,cellular,may,wed,259,8,999,0,success,3.1,95.494,-44.4,6.059,4891.0
54,admin.,married,high.school,no,no,no,cellular,nov,wed,451,10,999,0,success,3.4,95.418,-50.7,6.163,4928.1
46,blue-collar,married,basic.6y,unknown,no,no,cellular,nov,wed,316,5,999,0,success,3.1,95.494,-44.4,6.056,4891.0
40,admin.,married,university.degree,unknown,yes,no,cellular,nov,tue,770,7,999,0,success,3.4,95.965,-49.8,6.064,4928.1
55,admin.,married,basic.9y,no,yes,no,cellular,nov,tue,241,5,999,1,success,1.9,94.7,-50.0,5.353,4895.8
42,admin.,married,basic.9y,no,no,no,cellular,nov,thu,300,7,999,0,success,3.4,95.418,-50.7,6.166,4928.1
71,admin.,divorced,university.degree,unknown,no,yes,cellular,nov,thu,143,6,999,0,success,3.4,95.418,-50.7,6.168,4928.1
43,technician,single,high.school,no,no,no,cellular,nov,tue,491,6,999,0,success,3.4,95.418,-50.7,6.1610000000000005,4928.1
58,admin.,married,university.degree,unknown,yes,no,cellular,nov,tue,673,5,999,0,success,3.4,95.418,-50.7,6.1610000000000005,4928.1
47,admin.,married,basic.9y,no,yes,no,cellular,nov,thu,325,5,999,1,failure,0.19999999999999996,94.575,-55.1,2.61,4799.1
52,admin.,divorced,basic.9y,unknown,yes,no,cellular,nov,mon,665,6,999,0,success,3.4,95.965,-49.8,6.065,4928.1
60,admin.,married,basic.9y,no,no,no,cellular,nov,thu,197,5,999,0,success,0.19999999999999996,94.393,-54.2,2.466,4799.1
58,admin.,married,high.school,no,no,yes,cellular,nov,tue,262,6,3,2,success,-0.8999999999999999,93.701,-39.4,2.038,4776.2
49,admin.,single,high.school,no,yes,no,cellular,nov,mon,338,6,999,1,success,-1.4,94.149,-38.1,1.922,4717.5
51,admin.,married,high.school,unknown,yes,no,cellular,nov,mon,2701,6,999,1,success,0.19999999999999996,94.393,-54.2,2.444,4799.1
53,admin.,married,university.degree,no,no,no,cellular,nov,fri,455,5,999,1,success,0.19999999999999996,94.393,-54.2,2.513,4799.1
70,admin.,married,professional.course,no,yes,no,cellular,nov,fri,259,11,999,0,success,3.4,94.944,-44.1,6.163,4928.1
35,admin.,single,unknown,no,yes,no,cellular,nov,wed,451,8,999,0,nonexistent,0.19999999999999996,94.575,-55.1,2.698,4799.1
63,entrepreneur,married,high.school,no,yes,no,cellular,nov,mon,257,6,999,0,success,3.1,95.494,-44.4,6.057,4891.0
63,admin.,married,basic.4y,unknown,no,no,telephone,may,tue,332,6,999,0,success,3.1,95.494,-44.4,6.057,4891.0
44,admin.,single,professional.course,no,unknown,unknown,cellular,nov,wed,583,6,999,1,failure,-1.4,94.149,-38.1,1.919,4717.5
65,admin.,married,university.degree,no,no,no,cellular,nov,mon,296,7,999,0,success,3.4,94.944,-44.1,6.165,4928.1
37,services,single,basic.9y,no,no,no,cellular,nov,tue,426,5,999,0,success,3.1,95.494,-44.4,6.057,4891.0
53,admin.,married,basic.6y,no,no,no,cellular,nov,thu,183,5,999,0,success,0.19999999999999996,94.393,-54.2,2.466,4799.1
55,admin.,married,high.school,no,yes,no,cellular,nov,thu,842,5,999,0,nonexistent,0.19999999999999996,94.575,-55.1,2.565,4799.1
53,admin.,married,professional.course,no,no,no,cellular,nov,thu,163,5,999,1,success,1.9,94.7,-50.0,5.276,4895.8
57,admin.,married,university.degree,no,yes,no,cellular,nov,mon,786,9,999,0,success,0.19999999999999996,94.393,-54.2,2.5540000000000003,4799.1
47,admin.,single,professional.course,no,no,no,cellular,nov,fri,1380,7,999,0,success,3.1,95.494,-44.4,6.057,4891.0
56,admin.,divorced,high.school,no,unknown,unknown,cellular,nov,thu,610,5,999,0,success,0.30000000000000004,95.527,-46.3,2.104,4691.6
46,admin.,divorced,professional.course,no,yes,yes,cellular,nov,thu,935,6,999,0,success,3.1,95.494,-44.4,6.055000000000001,4891.0
56,admin.,married,university.degree,no,no,no,cellular,nov,tue,754,9,999,0,nonexistent,3.1,95.494,-44.4,6.056,4891.0
51,admin.,divorced,high.school,no,no,no,cellular,jul,wed,3648,7,999,0,success,3.4,95.418,-50.7,6.163,4928.1
61,admin.,married,high.school,no,no,no,telephone,nov,tue,228,7,999,0,nonexistent,3.1,95.494,-44.4,6.057,4891.0
55,admin.,single,basic.4y,no,yes,yes,cellular,nov,tue,381,5,999,0,success,0.19999999999999996,94.575,-55.1,2.653,4799.1
67,admin.,married,high.school,unknown,yes,no,cellular,nov,thu,331,6,999,0,success,3.4,95.418,-50.7,6.162,4928.1
45,admin.,single,high.school,no,no,no,cellular,nov,tue,214,5,999,0,success,1.9,94.7,-50.0,5.353,4895.8
46,admin.,married,university.degree,no,no,yes,cellular,nov,tue,908,5,999,0,success,3.4,94.944,-44.1,6.163,4928.1
43,admin.,single,university.degree,no,no,no,cellular,nov,fri,935,7,999,0,success,3.4,95.418,-50.7,6.157,4928.1
39,admin.,single,professional.course,no,no,no,cellular,jul,fri,251,8,999,0,success,3.4,95.418,-50.7,6.157,4928.1
68,technician,married,professional.course,unknown,yes,yes,cellular,jul,fri,595,6,999,0,success,3.4,95.418,-50.7,6.157,4928.1
67,admin.,divorced,university.degree,no,yes,no,cellular,nov,mon,264,7,999,0,success,3.4,95.965,-49.8,6.1610000000000005,4928.1
64,admin.,divorced,basic.4y,unknown,yes,no,cellular,nov,tue,352,5,999,0,success,3.4,95.418,-50.7,6.1610000000000005,4928.1
47,admin.,married,university.degree,no,no,no,cellular,nov,mon,419,7,12,2,success,0.19999999999999996,94.393,-54.2,2.464,4799.1
62,admin.,married,university.degree,no,no,no,cellular,aug,tue,314,9,999,0,success,3.4,94.944,-44.1,6.165,4928.1
47,admin.,married,university.degree,no,no,yes,cellular,nov,mon,169,5,999,0,success,1.9,95.298,-48.4,6.112,4895.8
46,admin.,married,basic.4y,unknown,yes,no,cellular,nov,wed,390,5,999,0,success,0.19999999999999996,94.393,-54.2,2.534,4799.1
55,admin.,married,basic.6y,no,no,no,cellular,nov,wed,397,9,999,0,nonexistent,3.1,95.494,-44.4,6.058,4891.0
43,admin.,single,university.degree,no,unknown,unknown,cellular,nov,mon,386,5,999,2,failure,-0.8999999999999999,93.701,-39.4,2.061,4776.2
66,admin.,married,basic.4y,no,yes,no,cellular,nov,mon,226,6,999,0,success,0.19999999999999996,94.393,-54.2,2.5540000000000003,4799.1
49,admin.,married,basic.9y,no,no,no,cellular,nov,wed,1207,5,999,0,success,0.30000000000000004,95.715,-48.3,2.04,4691.6
59,admin.,married,basic.6y,no,yes,no,cellular,nov,fri,615,6,999,0,success,1.9,94.7,-50.0,5.221,4895.8
44,admin.,single,professional.course,no,yes,no,cellular,nov,thu,478,5,999,0,success,3.4,94.944,-44.1,6.168,4928.1
55,admin.,married,basic.6y,unknown,no,no,cellular,may,thu,849,5,999,0,nonexistent,3.1,95.494,-44.4,6.055000000000001,4891.0
56,admin.,single,high.school,no,yes,no,cellular,nov,mon,467,9,999,0,success,3.1,95.494,-44.4,6.057,4891.0
71,admin.,married,unknown,unknown,yes,no,cellular,nov,fri,275,8,999,0,nonexistent,3.4,95.418,-50.7,6.162,4928.1
43,admin.,married,basic.6y,no,no,no,cellular,may,wed,950,5,999,0,success,3.1,95.494,-44.4,6.057,4891.0
54,services,married,high.school,no,no,no,cellular,nov,fri,453,6,999,0,nonexistent,0.19999999999999996,94.575,-55.1,2.605,4799.1
60,blue-collar,married,basic.6y,no,yes,no,cellular,may,mon,651,5,999,0,success,0.19999999999999996,94.393,-54.2,2.4989999999999997,4799.1
41,admin.,single,high.school,no,no,no,cellular,nov,mon,1180,5,999,0,success,3.4,95.965,-49.8,6.1610000000000005,4928.1
46,admin.,married,professional.course,no,yes,no,cellular,nov,fri,606,7,999,0,nonexistent,3.4,94.944,-44.1,6.164000000000001,4928.1
39,admin.,married,basic.9y,no,unknown,unknown,cellular,nov,fri,701,9,999,0,success,0.19999999999999996,94.393,-54.2,2.45,4799.1
54,admin.,married,high.school,no,yes,no,cellular,nov,thu,727,6,999,0,success,3.4,95.965,-49.8,6.066,4928.1
57,entrepreneur,married,professional.course,no,yes,no,cellular,nov,thu,1157,11,999,0,success,3.4,95.418,-50.7,6.168,4928.1
46,admin.,single,university.degree,no,yes,no,cellular,nov,fri,174,5,999,0,nonexistent,1.9,94.7,-50.0,5.221,4895.8
62,admin.,married,basic.4y,unknown,no,yes,cellular,nov,fri,318,5,999,0,nonexistent,3.4,95.418,-50.7,6.162,4928.1
35,student,single,unknown,no,no,no,cellular,nov,mon,367,7,999,3,success,0.8999999999999999,96.101,-57.5,2.177,4663.6
68,admin.,divorced,university.degree,no,yes,no,cellular,nov,tue,244,5,999,0,success,1.9,94.7,-50.0,5.353,4895.8
58,admin.,married,unknown,unknown,no,no,cellular,nov,mon,779,6,999,0,success,3.1,95.494,-44.4,6.057,4891.0
56,admin.,married,basic.9y,no,no,no,cellular,nov,wed,676,5,999,1,success,0.19999999999999996,94.393,-54.2,2.534,4799.1
38,admin.,single,basic.9y,no,no,no,cellular,nov,tue,347,7,999,0,success,3.4,95.418,-50.7,6.1610000000000005,4928.1
48,admin.,single,basic.6y,unknown,no,no,cellular,nov,mon,1769,6,999,0,success,3.1,95.494,-44.4,6.057,4891.0
50,admin.,single,university.degree,no,yes,no,cellular,nov,mon,1105,10,999,0,success,3.4,94.944,-44.1,6.163,4928.1
49,admin.,married,university.degree,no,yes,no,cellular,nov,fri,264,5,999,0,success,3.4,94.944,-44.1,6.166,4928.1
97,admin.,married,unknown,no,no,no,cellular,nov,wed,698,5,999,0,success,0.19999999999999996,94.575,-55.1,2.645,4799.1
47,admin.,single,basic.9y,no,yes,no,cellular,nov,mon,664,5,999,1,success,1.9,94.7,-50.0,5.391,4895.8
70,blue-collar,divorced,basic.4y,no,yes,no,cellular,nov,tue,268,7,999,0,success,3.4,95.418,-50.7,6.1610000000000005,4928.1
48,admin.,single,university.degree,no,no,no,cellular,nov,tue,361,10,999,0,success,3.4,94.944,-44.1,6.163,4928.1
65,admin.,married,basic.9y,unknown,no,no,telephone,nov,wed,1331,6,999,0,success,3.1,95.494,-44.4,6.059,4891.0
48,admin.,married,university.degree,no,yes,yes,telephone,nov,wed,226,5,999,0,nonexistent,3.4,95.965,-49.8,6.159,4928.1
52,blue-collar,single,basic.9y,unknown,yes,no,cellular,nov,mon,566,6,999,0,success,3.1,95.494,-44.4,6.057,4891.0
60,admin.,divorced,university.degree,no,yes,no,cellular,nov,mon,422,8,999,0,nonexistent,3.4,95.418,-50.7,6.162,4928.1
47,admin.,married,high.school,no,yes,yes,cellular,nov,wed,536,6,999,0,success,0.19999999999999996,94.393,-54.2,2.534,4799.1
59,services,divorced,high.school,no,yes,yes,cellular,nov,mon,415,5,999,0,nonexistent,1.9,94.7,-50.0,5.391,4895.8
48,admin.,married,high.school,no,yes,no,cellular,nov,fri,547,6,999,0,success,0.19999999999999996,94.393,-54.2,2.45,4799.1
74,admin.,married,basic.4y,no,yes,no,cellular,nov,tue,883,6,999,0,success,3.1,95.494,-44.4,6.057,4891.0
58,admin.,married,basic.4y,unknown,yes,yes,cellular,nov,tue,568,7,999,1,success,1.9,94.7,-50.0,5.353,4895.8
43,technician,married,basic.9y,no,no,no,cellular,nov,tue,590,5,12,1,success,0.19999999999999996,94.393,-54.2,2.4909999999999997,4799.1
40,services,single,high.school,no,yes,no,cellular,nov,thu,550,6,3,1,success,-0.8999999999999999,94.463,-48.8,2.46,4776.2
63,admin.,married,basic.9y,no,yes,no,cellular,may,fri,185,5,999,0,success,0.19999999999999996,94.393,-54.2,2.45,4799.1
58,admin.,married,basic.4y,no,no,no,cellular,nov,thu,361,5,999,0,success,3.1,95.494,-44.4,6.055000000000001,4891.0
42,admin.,married,basic.9y,no,no,yes,cellular,nov,mon,433,7,999,0,success,3.4,95.418,-50.7,6.162,4928.1
53,admin.,married,basic.4y,unknown,yes,no,cellular,nov,tue,629,10,999,0,nonexistent,3.4,95.418,-50.7,6.1610000000000005,4928.1
46,services,married,high.school,no,yes,no,cellular,nov,thu,516,5,999,0,success,1.9,94.7,-50.0,5.276,4895.8
51,admin.,married,high.school,no,no,no,cellular,nov,fri,964,7,999,0,success,0.19999999999999996,94.575,-55.1,2.605,4799.1
62,admin.,married,basic.9y,no,yes,no,cellular,apr,mon,548,5,999,0,nonexistent,0.19999999999999996,94.575,-55.1,2.605,4799.1
56,admin.,married,basic.9y,no,yes,no,cellular,nov,wed,775,5,999,1,success,0.19999999999999996,94.393,-54.2,2.481,4799.1
85,admin.,married,basic.4y,no,yes,yes,cellular,nov,tue,284,5,3,1,success,-1.4,93.879,-37.8,1.97,4717.5
51,admin.,married,high.school,no,no,no,cellular,nov,fri,466,24,999,0,nonexistent,3.1,95.494,-44.4,6.059,4891.0
54,admin.,married,university.degree,no,no,no,cellular,jul,thu,458,5,999,0,nonexistent,3.4,95.418,-50.7,6.163,4928.1
62,admin.,married,basic.9y,unknown,yes,no,cellular,nov,mon,363,14,999,0,success,3.4,95.418,-50.7,6.162,4928.1
63,admin.,divorced,professional.course,no,yes,no,telephone,nov,fri,889,7,999,0,success,3.1,95.494,-44.4,6.059,4891.0
53,admin.,married,high.school,no,no,no,cellular,jul,thu,266,5,999,0,success,3.4,95.418,-50.7,6.168,4928.1
48,admin.,married,basic.9y,no,no,no,telephone,nov,mon,365,5,999,0,nonexistent,3.4,95.965,-49.8,6.1610000000000005,4928.1
46,admin.,single,high.school,unknown,yes,no,cellular,nov,tue,457,6,999,0,nonexistent,3.4,95.965,-49.8,6.064,4928.1
54,admin.,married,university.degree,no,yes,no,cellular,nov,mon,435,7,999,0,success,3.1,95.494,-44.4,6.057,4891.0
41,admin.,single,high.school,no,no,no,cellular,nov,mon,1742,5,999,0,nonexistent,3.4,95.965,-49.8,6.1610000000000005,4928.1
55,admin.,divorced,high.school,no,no,no,cellular,nov,wed,3317,7,999,0,success,3.4,95.418,-50.7,6.163,4928.1
48,admin.,divorced,high.school,no,yes,no,cellular,nov,fri,223,7,999,0,success,3.4,94.944,-44.1,6.166,4928.1
47,admin.,divorced,basic.9y,no,no,no,cellular,nov,mon,309,5,999,0,success,0.19999999999999996,94.575,-55.1,2.605,4799.1
66,admin.,divorced,basic.9y,no,yes,no,cellular,nov,fri,399,6,999,0,success,1.9,94.7,-50.0,5.221,4895.8
47,admin.,married,university.degree,no,no,no,cellular,nov,thu,1974,5,6,1,success,0.19999999999999996,94.393,-54.2,2.527,4799.1
59,admin.,divorced,unknown,no,no,yes,cellular,nov,thu,289,5,999,0,success,3.1,95.494,-44.4,6.0600000000000005,4891.0
60,admin.,divorced,university.degree,no,yes,no,cellular,nov,thu,358,5,999,0,success,0.19999999999999996,94.575,-55.1,2.635,4799.1
54,admin.,single,high.school,no,yes,yes,cellular,nov,mon,296,5,999,0,success,3.4,95.965,-49.8,6.147,4928.1
56,admin.,single,basic.9y,no,yes,no,cellular,nov,wed,1195,5,999,0,success,0.19999999999999996,94.393,-54.2,2.534,4799.1
73,admin.,divorced,basic.4y,unknown,no,no,cellular,nov,wed,665,5,999,0,success,3.4,95.418,-50.7,6.157,4928.1
59,admin.,single,basic.9y,no,yes,no,cellular,nov,tue,2149,15,999,0,nonexistent,3.4,95.418,-50.7,6.1610000000000005,4928.1
63,admin.,married,unknown,unknown,no,no,cellular,nov,tue,694,6,999,1,success,1.9,94.7,-50.0,5.353,4895.8
52,admin.,married,university.degree,no,yes,no,telephone,jun,tue,431,6,999,0,success,3.4,95.965,-49.8,6.1610000000000005,4928.1
59,admin.,married,high.school,no,yes,no,cellular,nov,mon,1042,7,999,0,success,3.4,95.418,-50.7,6.162,4928.1
51,admin.,married,university.degree,unknown,yes,no,telephone,nov,wed,365,6,999,0,success,3.1,95.494,-44.4,6.059,4891.0
70,admin.,married,high.school,unknown,no,no,cellular,nov,tue,417,5,999,0,nonexistent,0.19999999999999996,94.393,-54.2,2.4909999999999997,4799.1
44,admin.,married,high.school,no,no,no,cellular,nov,wed,331,6,999,0,success,1.9,94.7,-50.0,5.32,4895.8
57,admin.,divorced,university.degree,no,yes,no,cellular,nov,fri,547,6,999,1,failure,0.19999999999999996,94.575,-55.1,2.605,4799.1
53,unknown,married,basic.6y,no,no,no,cellular,jun,wed,255,7,999,0,success,3.4,95.965,-49.8,6.064,4928.1
45,admin.,single,professional.course,no,no,no,cellular,nov,tue,849,7,999,0,success,3.4,94.944,-44.1,6.163,4928.1
52,admin.,single,professional.course,no,yes,no,cellular,nov,mon,257,5,999,0,nonexistent,3.4,94.944,-44.1,6.165,4928.1
63,admin.,married,university.degree,no,yes,no,cellular,nov,fri,1292,13,999,0,nonexistent,3.4,94.944,-44.1,6.164000000000001,4928.1
46,admin.,single,university.degree,unknown,yes,yes,cellular,nov,mon,491,5,999,0,success,3.1,95.494,-44.4,6.058,4891.0
51,admin.,married,university.degree,no,yes,no,telephone,nov,mon,368,6,999,0,success,3.1,95.494,-44.4,6.057,4891.0
49,admin.,married,basic.4y,no,no,yes,cellular,may,tue,302,6,999,1,failure,0.19999999999999996,94.393,-54.2,2.4909999999999997,4799.1
58,technician,divorced,high.school,unknown,yes,no,cellular,nov,thu,566,5,999,0,success,3.4,94.944,-44.1,6.162,4928.1
53,admin.,single,high.school,no,yes,no,cellular,nov,wed,3117,7,999,0,nonexistent,0.19999999999999996,94.575,-55.1,2.645,4799.1
51,admin.,married,high.school,no,yes,no,cellular,nov,thu,320,7,999,1,success,1.9,94.7,-50.0,5.276,4895.8
46,admin.,single,basic.9y,no,no,no,cellular,nov,fri,1999,9,999,0,success,3.1,95.494,-44.4,6.064,4891.0
49,admin.,married,basic.9y,no,yes,no,cellular,nov,mon,691,5,999,0,success,0.19999999999999996,94.575,-55.1,2.605,4799.1
50,admin.,single,university.degree,unknown,no,no,cellular,nov,thu,1232,5,999,0,success,3.4,95.965,-49.8,6.1610000000000005,4928.1
46,admin.,single,high.school,no,yes,yes,cellular,nov,tue,1126,6,999,0,success,3.4,94.944,-44.1,6.166,4928.1
45,admin.,married,high.school,no,yes,no,cellular,nov,mon,505,5,999,0,success,3.4,94.944,-44.1,6.165,4928.1
45,admin.,single,high.school,no,yes,no,cellular,nov,thu,386,6,999,0,nonexistent,-0.8999999999999999,93.701,-39.4,2.073,4776.2
46,admin.,married,basic.6y,unknown,no,no,cellular,nov,fri,194,5,999,1,success,0.19999999999999996,94.393,-54.2,2.513,4799.1
48,admin.,married,high.school,no,no,no,cellular,nov,tue,624,9,999,0,nonexistent,3.4,95.418,-50.7,6.1610000000000005,4928.1
57,admin.,married,university.degree,no,no,no,cellular,jul,wed,2516,7,999,0,success,3.4,95.418,-50.7,6.163,4928.1
61,admin.,married,basic.9y,unknown,no,no,cellular,nov,thu,343,5,999,0,success,3.4,94.944,-44.1,6.168,4928.1
44,admin.,single,university.degree,no,yes,no,cellular,nov,tue,673,5,999,0,success,-0.8999999999999999,93.701,-39.4,2.059,4776.2
71,admin.,divorced,university.degree,no,no,no,cellular,nov,tue,503,5,999,0,success,3.4,95.418,-50.7,6.1610000000000005,4928.1
68,admin.,married,high.school,no,yes,no,cellular,jun,thu,289,6,999,0,success,-0.8999999999999999,94.463,-48.8,2.46,4776.2
42,admin.,single,high.school,no,yes,yes,cellular,nov,wed,203,8,999,0,success,0.19999999999999996,94.393,-54.2,2.481,4799.1
67,admin.,married,basic.9y,unknown,no,no,cellular,may,wed,601,8,999,0,success,3.1,95.494,-44.4,6.057,4891.0
42,admin.,single,basic.9y,no,yes,no,cellular,nov,mon,651,7,999,0,success,3.4,95.418,-50.7,6.16,4928.1
63,admin.,single,university.degree,no,yes,no,cellular,may,wed,372,6,999,0,success,3.1,95.494,-44.4,6.056,4891.0
56,admin.,married,basic.4y,unknown,unknown,unknown,cellular,nov,thu,685,5,999,0,success,0.19999999999999996,94.393,-54.2,2.527,4799.1
50,admin.,married,basic.6y,no,no,no,cellular,nov,mon,325,9,999,0,success,3.4,95.965,-49.8,6.16,4928.1
53,admin.,single,professional.course,no,yes,no,cellular,nov,thu,323,5,999,0,success,-0.8999999999999999,94.463,-48.8,2.46,4776.2
53,admin.,married,high.school,no,yes,yes,cellular,may,mon,1031,5,999,0,success,3.1,95.494,-44.4,6.057,4891.0
45,admin.,single,high.school,no,no,no,cellular,aug,fri,577,5,999,0,nonexistent,3.4,94.944,-44.1,6.164000000000001,4928.1
47,technician,single,professional.course,no,no,no,cellular,nov,wed,561,5,999,0,nonexistent,3.1,95.494,-44.4,6.056,4891.0
45,admin.,married,basic.9y,no,no,no,cellular,nov,mon,293,6,999,0,success,3.4,95.418,-50.7,6.162,4928.1
47,admin.,single,university.degree,unknown,no,no,cellular,nov,fri,293,7,999,0,success,3.1,95.494,-44.4,6.064,4891.0
73,admin.,married,basic.4y,unknown,yes,no,cellular,nov,wed,1285,10,999,0,nonexistent,3.4,95.418,-50.7,6.163,4928.1
54,admin.,married,high.school,no,no,no,cellular,nov,tue,770,6,999,0,nonexistent,1.9,94.7,-50.0,5.353,4895.8
53,admin.,married,basic.4y,unknown,yes,no,cellular,nov,thu,1364,5,999,0,success,0.19999999999999996,94.575,-55.1,2.61,4799.1
70,blue-collar,married,basic.4y,unknown,yes,no,cellular,may,fri,329,9,999,0,success,3.1,95.494,-44.4,6.057,4891.0
68,blue-collar,married,professional.course,no,yes,yes,cellular,nov,mon,502,7,999,0,success,1.9,94.7,-50.0,5.391,4895.8
69,admin.,divorced,basic.4y,no,no,no,telephone,nov,mon,808,6,999,0,nonexistent,3.1,95.494,-44.4,6.058,4891.0
66,admin.,married,high.school,no,yes,no,cellular,nov,wed,199,7,999,0,success,3.4,95.418,-50.7,6.163,4928.1
47,admin.,single,high.school,unknown,yes,no,cellular,may,wed,876,7,999,0,success,0.19999999999999996,94.393,-54.2,2.481,4799.1
40,admin.,single,high.school,unknown,no,no,cellular,jun,mon,251,5,999,0,nonexistent,3.4,95.965,-49.8,6.1610000000000005,4928.1
44,management,single,university.degree,no,yes,no,cellular,nov,mon,575,6,999,0,success,3.1,95.494,-44.4,6.057,4891.0
50,admin.,married,high.school,no,no,no,telephone,nov,fri,442,25,999,0,success,3.4,95.965,-49.8,6.159,4928.1
45,admin.,single,university.degree,no,yes,no,cellular,nov,thu,1691,12,999,0,success,3.4,95.418,-50.7,6.162,4928.1
46,admin.,single,university.degree,no,no,yes,cellular,nov,mon,439,5,999,0,success,3.1,95.494,-44.4,6.057,4891.0
70,admin.,married,high.school,no,yes,no,cellular,nov,thu,178,28,999,0,success,3.4,95.418,-50.7,6.168,4928.1
63,admin.,married,high.school,no,no,no,cellular,nov,tue,397,5,999,0,success,3.4,95.418,-50.7,6.162,4928.1
59,admin.,single,high.school,no,no,no,cellular,nov,mon,451,5,999,0,success,0.19999999999999996,94.393,-54.2,2.444,4799.1
52,admin.,single,professional.course,no,no,yes,cellular,nov,thu,210,5,999,0,success,3.4,95.418,-50.7,6.168,4928.1
46,admin.,single,university.degree,no,yes,no,cellular,nov,wed,275,7,999,0,success,3.4,94.944,-44.1,6.165,4928.1
42,admin.,married,professional.course,no,no,no,cellular,nov,tue,831,6,999,0,success,3.1,95.494,-44.4,6.057,4891.0
60,management,married,university.degree,no,yes,yes,cellular,may,thu,1573,6,999,0,success,3.1,95.494,-44.4,6.055000000000001,4891.0
60,admin.,married,professional.course,no,yes,yes,cellular,nov,thu,359,13,999,0,success,3.4,94.944,-44.1,6.162,4928.1
49,admin.,married,university.degree,no,no,no,cellular,nov,fri,476,6,999,0,success,3.4,95.965,-49.8,6.147,4928.1
61,admin.,married,university.degree,no,yes,no,cellular,jul,mon,394,8,999,0,success,3.4,95.418,-50.7,6.162,4928.1
46,blue-collar,single,basic.9y,no,yes,no,cellular,nov,fri,701,8,999,0,success,3.1,95.494,-44.4,6.059,4891.0
42,admin.,married,professional.course,no,no,no,cellular,nov,thu,959,5,999,0,success,0.19999999999999996,94.393,-54.2,2.466,4799.1
53,self-employed,single,basic.9y,unknown,yes,yes,cellular,jun,fri,795,9,999,0,success,3.4,95.965,-49.8,6.159,4928.1
48,admin.,single,basic.6y,unknown,yes,yes,cellular,nov,fri,305,6,999,0,success,3.4,95.418,-50.7,6.163,4928.1
62,admin.,married,university.degree,no,no,no,cellular,aug,thu,287,5,999,0,nonexistent,3.4,94.944,-44.1,6.164000000000001,4928.1
70,admin.,married,university.degree,unknown,yes,yes,cellular,may,wed,538,6,999,0,success,3.1,95.494,-44.4,6.058,4891.0
52,admin.,married,basic.9y,no,no,no,cellular,nov,mon,341,6,999,0,nonexistent,3.4,95.965,-49.8,6.147,4928.1
65,admin.,married,high.school,unknown,yes,yes,telephone,nov,fri,624,5,999,0,success,3.1,95.494,-44.4,6.055000000000001,4891.0
53,admin.,single,high.school,no,no,no,cellular,nov,tue,570,6,999,0,nonexistent,3.4,94.944,-44.1,6.168,4928.1
45,admin.,single,university.degree,no,no,no,cellular,nov,thu,903,5,999,0,success,0.19999999999999996,94.575,-55.1,2.635,4799.1
49,admin.,married,basic.9y,unknown,no,yes,cellular,nov,tue,313,6,999,0,success,3.1,95.494,-44.4,6.057,4891.0
57,admin.,married,university.degree,no,no,no,cellular,nov,fri,491,5,999,0,success,3.1,95.494,-44.4,6.057,4891.0
62,admin.,married,university.degree,no,no,yes,cellular,jun,tue,163,5,999,0,success,3.4,95.965,-49.8,6.1610000000000005,4928.1
48,admin.,married,university.degree,no,no,no,cellular,nov,wed,340,8,999,0,success,3.1,95.494,-44.4,6.059,4891.0
63,admin.,married,unknown,unknown,yes,no,cellular,nov,mon,493,11,999,0,success,3.4,95.418,-50.7,6.162,4928.1
44,admin.,married,university.degree,no,yes,yes,telephone,nov,wed,626,7,999,0,success,3.4,95.965,-49.8,6.158,4928.1
44,admin.,single,professional.course,no,yes,yes,cellular,nov,tue,437,5,999,0,success,0.19999999999999996,94.869,-42.8,1.8519999999999999,4708.7
69,admin.,married,professional.course,no,yes,no,cellular,nov,thu,431,6,999,0,success,0.19999999999999996,94.575,-55.1,2.683,4799.1
65,admin.,married,university.degree,no,yes,no,cellular,nov,wed,2188,9,999,0,success,3.4,94.944,-44.1,6.165,4928.1
68,admin.,divorced,high.school,no,unknown,unknown,telephone,nov,wed,1153,6,999,0,success,3.1,95.494,-44.4,6.059,4891.0
56,admin.,single,university.degree,no,yes,no,cellular,nov,tue,309,9,999,1,failure,1.9,94.7,-50.0,5.353,4895.8
66,admin.,married,basic.4y,unknown,yes,yes,cellular,nov,fri,352,5,999,0,success,3.4,94.944,-44.1,6.166,4928.1
47,admin.,married,basic.4y,unknown,yes,no,cellular,nov,wed,385,5,999,0,success,3.4,95.418,-50.7,6.162,4928.1
35,admin.,single,basic.9y,no,yes,no,cellular,nov,thu,770,7,6,3,success,0.30000000000000004,95.715,-48.3,2.046,4691.6
39,admin.,single,high.school,no,yes,no,cellular,dec,thu,1427,7,999,0,success,-1.0,94.213,-41.0,1.912,4723.5
65,admin.,single,university.degree,unknown,no,yes,cellular,nov,fri,246,6,999,0,success,3.4,94.944,-44.1,6.163,4928.1
56,technician,single,professional.course,no,unknown,unknown,cellular,nov,tue,341,5,999,0,nonexistent,3.4,94.944,-44.1,6.165,4928.1
59,admin.,married,high.school,unknown,yes,no,cellular,nov,fri,257,5,999,1,success,1.9,94.7,-50.0,5.221,4895.8
53,admin.,divorced,high.school,no,yes,yes,telephone,nov,tue,442,6,999,0,nonexistent,3.1,95.494,-44.4,6.057,4891.0
45,admin.,married,high.school,no,no,no,cellular,nov,tue,262,5,999,0,success,3.4,94.944,-44.1,6.163,4928.1
49,admin.,single,university.degree,no,yes,no,cellular,nov,mon,1270,6,999,0,nonexistent,0.19999999999999996,94.575,-55.1,2.605,4799.1
46,admin.,married,basic.9y,no,no,no,cellular,nov,tue,662,5,999,0,success,3.1,95.494,-44.4,6.057,4891.0
49,admin.,single,university.degree,no,no,no,cellular,nov,tue,336,7,999,0,success,3.4,95.418,-50.7,6.162,4928.1
71,admin.,married,basic.4y,no,yes,no,cellular,nov,thu,266,7,999,0,success,3.4,95.418,-50.7,6.162,4928.1
80,admin.,married,unknown,no,no,no,cellular,may,tue,692,5,999,0,success,0.19999999999999996,94.393,-54.2,2.466,4799.1
44,admin.,single,university.degree,no,yes,no,cellular,nov,mon,467,5,999,0,success,3.1,95.494,-44.4,6.058,4891.0
46,admin.,single,university.degree,no,no,no,telephone,nov,mon,307,5,999,0,success,3.4,95.965,-49.8,6.1610000000000005,4928.1
44,admin.,single,university.degree,no,no,no,cellular,nov,wed,674,8,999,0,success,1.9,94.7,-50.0,5.32,4895.8
46,admin.,single,university.degree,no,yes,no,cellular,nov,mon,174,6,999,0,success,3.4,95.418,-50.7,6.162,4928.1
64,admin.,married,professional.course,no,yes,no,cellular,nov,thu,286,5,999,0,nonexistent,3.4,95.418,-50.7,6.162,4928.1
68,admin.,divorced,university.degree,no,unknown,unknown,cellular,nov,wed,1265,16,999,0,success,3.4,95.965,-49.8,6.162,4928.1
54,admin.,married,university.degree,no,no,yes,cellular,apr,fri,250,6,999,1,success,0.19999999999999996,94.575,-55.1,2.605,4799.1
71,admin.,married,basic.4y,no,yes,no,cellular,nov,thu,779,5,999,0,success,3.4,94.944,-44.1,6.164000000000001,4928.1
62,admin.,single,university.degree,no,yes,no,cellular,nov,tue,410,5,999,1,success,-0.8999999999999999,93.701,-39.4,2.059,4776.2
57,admin.,divorced,university.degree,no,yes,no,cellular,sep,wed,500,5,999,1,failure,0.8999999999999999,95.699,-45.5,2.086,4663.6
54,admin.,married,university.degree,no,yes,no,cellular,nov,fri,138,11,999,0,nonexistent,1.9,94.7,-50.0,5.221,4895.8
50,technician,married,professional.course,no,yes,yes,cellular,nov,thu,259,7,999,0,success,3.4,95.418,-50.7,6.162,4928.1
70,admin.,married,university.degree,no,no,no,cellular,nov,mon,287,5,999,0,success,3.4,95.418,-50.7,6.16,4928.1
51,admin.,single,high.school,no,no,no,cellular,nov,fri,885,6,999,0,nonexistent,3.4,95.418,-50.7,6.163,4928.1
54,admin.,married,basic.4y,no,yes,no,cellular,nov,wed,140,5,999,1,success,1.8,94.256,-53.9,4.943,4876.3
46,admin.,single,high.school,no,no,no,cellular,nov,wed,482,5,999,0,nonexistent,1.9,94.7,-50.0,5.32,4895.8
52,admin.,single,basic.6y,unknown,no,no,cellular,nov,mon,187,5,999,0,success,3.4,95.418,-50.7,6.16,4928.1
50,admin.,divorced,university.degree,no,no,no,cellular,nov,tue,289,7,999,0,success,3.1,95.494,-44.4,6.056,4891.0
43,admin.,married,basic.6y,unknown,no,no,cellular,nov,thu,592,5,999,0,success,3.1,95.494,-44.4,6.055000000000001,4891.0
67,technician,single,professional.course,no,no,no,telephone,nov,mon,271,5,999,0,success,0.30000000000000004,95.715,-48.3,2.089,4691.6
59,technician,divorced,high.school,no,no,no,cellular,aug,tue,458,7,999,0,nonexistent,-0.8999999999999999,93.701,-39.4,2.038,4776.2
51,admin.,divorced,university.degree,no,yes,no,cellular,nov,thu,226,7,999,0,success,3.4,95.418,-50.7,6.158,4928.1
60,admin.,married,high.school,no,no,no,cellular,nov,thu,1967,6,999,0,success,3.4,94.944,-44.1,6.163,4928.1
64,technician,married,university.degree,no,yes,no,cellular,may,thu,876,6,999,0,success,3.1,95.494,-44.4,6.0600000000000005,4891.0
46,admin.,married,basic.6y,unknown,no,no,cellular,may,wed,458,5,999,1,success,0.19999999999999996,94.393,-54.2,2.534,4799.1
47,management,single,university.degree,no,yes,no,cellular,nov,tue,3198,6,999,0,nonexistent,0.19999999999999996,94.393,-54.2,2.4909999999999997,4799.1
52,admin.,single,university.degree,no,yes,yes,cellular,nov,fri,1310,5,999,0,success,1.9,94.7,-50.0,5.221,4895.8
47,self-employed,single,university.degree,no,no,no,cellular,nov,thu,829,5,999,0,success,0.19999999999999996,94.575,-55.1,2.635,4799.1
59,admin.,married,basic.6y,no,yes,no,cellular,nov,wed,370,5,999,0,success,0.19999999999999996,94.575,-55.1,2.615,4799.1
44,admin.,married,professional.course,no,yes,no,cellular,nov,wed,466,5,999,0,nonexistent,3.1,95.494,-44.4,6.056,4891.0
59,admin.,married,basic.4y,no,no,no,cellular,jun,thu,714,5,999,0,success,3.4,95.965,-49.8,6.1610000000000005,4928.1
58,admin.,divorced,high.school,no,no,no,cellular,nov,fri,476,6,999,0,success,3.1,95.494,-44.4,6.057,4891.0
62,admin.,divorced,professional.course,no,no,yes,cellular,nov,tue,575,5,999,1,success,1.9,94.7,-50.0,5.353,4895.8
67,admin.,married,university.degree,no,yes,yes,cellular,nov,mon,410,5,999,1,success,1.9,94.7,-50.0,5.391,4895.8
58,admin.,married,high.school,no,yes,no,cellular,nov,tue,250,8,6,1,success,-1.0,94.213,-41.0,1.915,4723.5
70,admin.,married,basic.9y,no,no,no,cellular,nov,wed,334,5,999,0,success,3.1,95.494,-44.4,6.057,4891.0
45,technician,single,university.degree,no,yes,no,cellular,nov,thu,284,6,999,0,success,3.4,95.418,-50.7,6.158,4928.1
63,admin.,divorced,high.school,no,no,no,cellular,nov,tue,687,5,999,0,nonexistent,3.1,95.494,-44.4,6.056,4891.0
55,blue-collar,divorced,professional.course,no,no,no,cellular,nov,wed,327,6,3,1,success,-0.8999999999999999,94.463,-48.8,2.46,4776.2
39,services,married,high.school,no,yes,no,cellular,nov,mon,620,5,999,0,success,0.19999999999999996,94.393,-54.2,2.4989999999999997,4799.1
65,self-employed,married,university.degree,no,yes,no,cellular,nov,tue,399,5,999,0,nonexistent,3.4,94.944,-44.1,6.166,4928.1
49,admin.,married,professional.course,no,yes,no,cellular,nov,thu,316,8,999,0,success,3.4,95.418,-50.7,6.158,4928.1
57,admin.,married,basic.6y,no,yes,yes,cellular,nov,tue,453,5,7,3,success,0.19999999999999996,94.869,-42.8,1.8519999999999999,4708.7
49,self-employed,married,professional.course,no,no,no,cellular,nov,thu,489,5,999,0,nonexistent,3.1,95.494,-44.4,6.0600000000000005,4891.0
47,admin.,married,university.degree,no,no,no,cellular,nov,wed,527,6,999,0,success,3.4,95.418,-50.7,6.162,4928.1
46,admin.,single,basic.9y,no,yes,yes,cellular,nov,mon,512,5,999,0,nonexistent,0.19999999999999996,94.575,-55.1,2.605,4799.1
50,admin.,single,basic.6y,no,no,no,cellular,nov,fri,266,6,999,0,success,3.4,95.965,-49.8,6.159,4928.1
45,admin.,single,high.school,no,yes,no,cellular,nov,mon,444,7,999,1,success,0.19999999999999996,94.575,-55.1,2.605,4799.1
50,admin.,married,professional.course,no,no,no,cellular,may,thu,647,5,999,0,nonexistent,0.19999999999999996,94.393,-54.2,2.527,4799.1
39,admin.,single,high.school,no,yes,no,cellular,nov,mon,363,5,999,1,success,0.19999999999999996,95.249,-42.6,1.845,4708.7
61,admin.,married,university.degree,no,yes,no,cellular,nov,thu,833,5,999,0,success,-0.8999999999999999,93.969,-41.6,2.2720000000000002,4776.2
44,admin.,married,high.school,no,no,no,cellular,nov,tue,505,6,999,0,nonexistent,3.1,95.494,-44.4,6.056,4891.0
41,admin.,single,high.school,no,no,no,cellular,nov,tue,611,6,6,1,success,0.19999999999999996,94.869,-42.8,1.8519999999999999,4708.7
65,admin.,married,high.school,no,yes,no,cellular,nov,fri,901,6,999,0,nonexistent,-1.4,93.879,-37.8,2.003,4717.5
50,admin.,single,high.school,no,yes,no,cellular,may,wed,453,6,999,1,success,0.19999999999999996,94.393,-54.2,2.481,4799.1
73,admin.,married,unknown,unknown,no,no,cellular,nov,thu,646,5,999,0,success,3.4,95.965,-49.8,6.066,4928.1
44,admin.,married,university.degree,no,yes,yes,telephone,nov,fri,291,6,999,0,success,3.4,95.965,-49.8,6.159,4928.1
52,services,divorced,basic.9y,no,no,no,cellular,nov,wed,1713,5,999,0,nonexistent,3.4,95.418,-50.7,6.157,4928.1
55,admin.,divorced,basic.4y,no,no,no,cellular,nov,thu,341,5,999,0,success,3.4,95.418,-50.7,6.163,4928.1
49,admin.,married,university.degree,no,yes,no,cellular,aug,mon,529,6,999,0,success,-0.8999999999999999,93.701,-39.4,2.043,4776.2
46,technician,single,university.degree,no,yes,no,cellular,nov,mon,345,10,999,0,success,3.1,95.494,-44.4,6.057,4891.0
54,blue-collar,single,basic.4y,no,no,no,cellular,nov,thu,340,10,999,0,success,3.1,95.494,-44.4,6.0600000000000005,4891.0
53,admin.,divorced,basic.4y,no,yes,no,cellular,jul,tue,1007,9,999,0,success,3.4,95.418,-50.7,6.1610000000000005,4928.1
58,admin.,married,professional.course,unknown,yes,no,cellular,aug,mon,1286,11,999,0,success,3.4,94.944,-44.1,6.165,4928.1
54,admin.,married,university.degree,no,yes,no,cellular,nov,thu,588,5,999,0,success,1.9,94.7,-50.0,5.276,4895.8
54,admin.,married,basic.4y,unknown,no,no,cellular,nov,mon,277,5,999,0,success,3.4,95.965,-49.8,6.1610000000000005,4928.1
63,admin.,married,high.school,unknown,yes,yes,telephone,nov,mon,327,8,999,0,success,3.1,95.494,-44.4,6.058,4891.0
67,admin.,married,basic.9y,no,no,no,cellular,jul,wed,2228,6,999,0,nonexistent,3.4,95.418,-50.7,6.163,4928.1
45,admin.,married,high.school,no,no,no,cellular,nov,tue,1304,5,999,0,success,0.19999999999999996,94.869,-42.8,1.855,4708.7
59,admin.,married,university.degree,unknown,yes,no,cellular,nov,fri,343,6,999,0,success,3.1,95.494,-44.4,6.057,4891.0
49,admin.,single,basic.4y,no,yes,no,cellular,nov,tue,827,8,999,0,success,-1.4,94.149,-38.1,1.915,4717.5
51,admin.,married,high.school,unknown,no,no,cellular,nov,fri,280,5,999,0,success,0.19999999999999996,94.393,-54.2,2.513,4799.1
73,admin.,married,basic.4y,no,yes,no,telephone,nov,tue,577,5,999,0,success,3.4,95.965,-49.8,6.1610000000000005,4928.1
64,admin.,married,basic.4y,no,yes,no,cellular,nov,fri,277,5,999,0,nonexistent,0.19999999999999996,94.393,-54.2,2.513,4799.1
48,admin.,married,basic.6y,no,yes,no,cellular,nov,tue,1384,6,999,0,success,3.4,95.418,-50.7,6.1610000000000005,4928.1
45,services,married,high.school,no,yes,no,cellular,nov,tue,1007,5,999,0,success,1.9,94.7,-50.0,5.353,4895.8
46,admin.,married,high.school,no,no,no,cellular,nov,fri,341,7,999,0,nonexistent,0.19999999999999996,94.393,-54.2,2.513,4799.1
70,housemaid,married,basic.4y,no,no,no,cellular,nov,fri,296,5,999,0,nonexistent,3.1,95.494,-44.4,6.057,4891.0
43,admin.,single,university.degree,no,no,no,cellular,nov,wed,347,5,999,0,success,3.1,95.494,-44.4,6.056,4891.0
46,admin.,single,university.degree,no,yes,no,cellular,nov,thu,372,5,999,0,success,1.9,94.7,-50.0,5.276,4895.8
59,admin.,single,basic.9y,no,no,no,cellular,nov,mon,327,5,999,1,success,1.9,94.7,-50.0,5.391,4895.8
44,admin.,single,university.degree,no,yes,no,cellular,nov,fri,487,5,999,0,success,3.4,94.944,-44.1,6.163,4928.1
74,admin.,married,basic.9y,unknown,no,no,cellular,nov,fri,455,5,999,0,success,3.4,94.944,-44.1,6.164000000000001,4928.1
67,admin.,married,university.degree,no,yes,no,cellular,nov,thu,709,6,999,1,success,0.19999999999999996,94.575,-55.1,2.635,4799.1
40,admin.,single,basic.4y,no,no,no,telephone,nov,tue,307,7,999,0,success,3.4,95.418,-50.7,6.162,4928.1
63,admin.,divorced,high.school,no,no,no,cellular,nov,wed,1303,5,6,1,success,0.30000000000000004,95.555,-47.8,1.904,4691.6
52,admin.,married,basic.9y,no,yes,yes,cellular,nov,fri,476,5,999,0,success,3.1,95.494,-44.4,6.055000000000001,4891.0
51,blue-collar,married,basic.4y,no,no,no,cellular,nov,thu,295,5,999,0,success,3.4,95.965,-49.8,6.1610000000000005,4928.1
51,admin.,married,professional.course,no,no,no,cellular,nov,wed,449,13,999,0,success,3.4,95.965,-49.8,6.159,4928.1
71,admin.,married,high.school,no,yes,no,cellular,nov,fri,356,6,999,0,nonexistent,3.4,95.418,-50.7,6.163,4928.1
58,admin.,married,basic.4y,no,yes,no,cellular,nov,fri,964,6,999,0,success,3.1,95.494,-44.4,6.057,4891.0
62,admin.,married,basic.4y,no,yes,no,cellular,nov,mon,1240,6,999,0,success,3.1,95.494,-44.4,6.058,4891.0
54,technician,divorced,high.school,no,no,no,cellular,mar,mon,433,5,3,1,success,0.19999999999999996,94.869,-42.8,1.839,4708.7
65,admin.,married,high.school,unknown,no,no,cellular,nov,tue,440,7,999,0,success,3.1,95.494,-44.4,6.057,4891.0
53,admin.,divorced,high.school,no,yes,no,cellular,nov,mon,325,6,999,0,success,3.1,95.494,-44.4,6.058,4891.0
45,admin.,married,basic.9y,unknown,no,no,telephone,nov,fri,464,32,999,0,success,3.4,95.965,-49.8,6.147,4928.1
71,admin.,married,university.degree,no,no,no,cellular,nov,wed,262,5,999,0,success,3.4,95.965,-49.8,6.064,4928.1
65,admin.,married,university.degree,no,no,no,cellular,nov,fri,664,6,999,1,success,1.9,94.7,-50.0,5.221,4895.8
51,admin.,divorced,high.school,no,yes,yes,cellular,nov,wed,386,6,999,0,success,3.4,95.418,-50.7,6.162,4928.1
45,student,single,university.degree,no,yes,yes,cellular,nov,mon,187,5,999,0,nonexistent,0.19999999999999996,94.575,-55.1,2.605,4799.1
65,admin.,married,professional.course,no,yes,yes,cellular,aug,thu,451,5,999,0,nonexistent,3.4,94.944,-44.1,6.168,4928.1
55,admin.,married,basic.6y,no,no,no,cellular,nov,tue,689,5,11,1,success,0.19999999999999996,94.393,-54.2,2.544,4799.1
62,admin.,married,basic.4y,no,no,no,telephone,nov,mon,347,6,999,0,success,3.1,95.494,-44.4,6.057,4891.0
42,admin.,single,high.school,no,yes,no,cellular,nov,fri,248,7,999,0,success,3.4,95.418,-50.7,6.157,4928.1
37,admin.,married,basic.9y,no,yes,no,cellular,jul,tue,496,6,999,0,success,3.4,95.418,-50.7,6.1610000000000005,4928.1
50,admin.,married,university.degree,no,yes,no,cellular,nov,fri,953,8,999,0,success,3.4,95.965,-49.8,6.167,4928.1
54,admin.,married,professional.course,no,no,no,cellular,nov,thu,410,11,999,0,nonexistent,1.9,94.7,-50.0,5.276,4895.8
46,admin.,married,basic.9y,no,yes,no,cellular,nov,mon,154,10,999,0,success,0.19999999999999996,94.575,-55.1,2.605,4799.1
51,technician,married,professional.course,no,no,no,cellular,nov,mon,422,5,999,0,success,3.4,94.944,-44.1,6.163,4928.1
45,self-employed,single,university.degree,no,yes,no,cellular,nov,thu,278,5,999,1,success,1.9,94.7,-50.0,5.276,4895.8
51,admin.,married,high.school,no,yes,no,cellular,nov,fri,176,7,999,0,success,3.1,95.494,-44.4,6.055000000000001,4891.0
62,entrepreneur,married,university.degree,no,no,no,cellular,nov,thu,491,7,999,0,success,0.19999999999999996,94.575,-55.1,2.61,4799.1
45,admin.,single,university.degree,no,yes,no,cellular,nov,thu,140,16,999,0,success,3.4,95.418,-50.7,6.158,4928.1
62,admin.,married,professional.course,no,yes,no,cellular,nov,fri,550,6,999,1,success,0.19999999999999996,94.575,-55.1,2.605,4799.1
46,admin.,single,university.degree,no,no,no,telephone,nov,fri,550,6,999,0,success,3.1,95.494,-44.4,6.059,4891.0
67,admin.,married,basic.4y,unknown,no,no,telephone,nov,wed,410,5,999,0,nonexistent,3.1,95.494,-44.4,6.056,4891.0
47,admin.,single,professional.course,no,yes,no,cellular,nov,fri,527,5,999,0,success,1.9,94.7,-50.0,5.221,4895.8
46,admin.,married,high.school,no,yes,no,cellular,may,tue,817,6,999,1,success,0.19999999999999996,94.393,-54.2,2.544,4799.1
64,blue-collar,married,basic.4y,unknown,no,no,cellular,nov,fri,327,5,999,0,success,3.4,95.965,-49.8,6.159,4928.1
60,admin.,married,professional.course,no,yes,no,cellular,nov,mon,154,27,999,0,success,3.4,95.418,-50.7,6.162,4928.1
48,admin.,married,university.degree,no,no,no,cellular,nov,tue,523,5,999,0,success,-0.8999999999999999,94.463,-48.8,2.299,4776.2
46,admin.,married,basic.9y,no,no,no,cellular,may,thu,579,5,999,0,success,0.19999999999999996,94.393,-54.2,2.466,4799.1
47,admin.,single,high.school,no,yes,no,cellular,nov,wed,401,5,999,0,success,3.4,95.418,-50.7,6.157,4928.1
48,admin.,married,basic.9y,no,no,no,cellular,nov,mon,338,8,999,0,success,3.4,95.418,-50.7,6.16,4928.1
61,admin.,married,university.degree,unknown,unknown,unknown,telephone,nov,wed,401,13,999,0,success,3.4,95.965,-49.8,6.162,4928.1
68,admin.,married,basic.4y,no,no,no,cellular,nov,thu,313,6,999,0,success,3.1,95.494,-44.4,6.0600000000000005,4891.0
61,admin.,married,high.school,unknown,no,no,telephone,may,fri,363,7,999,0,success,3.1,95.494,-44.4,6.059,4891.0
52,admin.,married,professional.course,no,yes,yes,cellular,aug,tue,291,5,999,0,success,3.4,94.944,-44.1,6.166,4928.1
55,admin.,married,basic.9y,no,no,no,cellular,nov,wed,694,5,999,0,nonexistent,1.9,94.7,-50.0,5.32,4895.8
47,admin.,married,basic.9y,no,yes,no,cellular,nov,mon,304,6,999,0,success,0.19999999999999996,94.393,-54.2,2.4989999999999997,4799.1
38,admin.,single,basic.9y,no,yes,no,cellular,may,mon,1330,5,999,0,success,0.19999999999999996,94.393,-54.2,2.4989999999999997,4799.1
52,admin.,single,university.degree,no,yes,no,cellular,nov,thu,257,7,999,0,success,1.9,94.7,-50.0,5.276,4895.8
49,admin.,married,professional.course,no,no,no,cellular,nov,thu,379,5,999,0,success,1.9,94.7,-50.0,5.276,4895.8
66,admin.,married,basic.6y,no,yes,no,cellular,nov,thu,592,6,999,0,success,-0.8999999999999999,94.463,-48.8,2.46,4776.2
47,admin.,married,professional.course,no,yes,no,cellular,nov,tue,359,6,999,0,success,3.4,94.944,-44.1,6.168,4928.1
61,admin.,married,university.degree,no,yes,no,cellular,nov,wed,1254,5,999,0,success,0.8999999999999999,95.699,-45.5,2.08,4663.6
73,admin.,married,university.degree,no,yes,no,cellular,nov,fri,250,7,999,0,nonexistent,3.4,94.944,-44.1,6.166,4928.1
56,admin.,married,high.school,no,no,no,cellular,may,mon,595,6,999,0,success,3.1,95.494,-44.4,6.057,4891.0
40,technician,single,basic.9y,no,yes,no,cellular,jun,fri,305,6,999,0,success,-0.8999999999999999,94.463,-48.8,2.468,4776.2
75,admin.,married,basic.6y,unknown,no,no,cellular,nov,fri,363,5,999,0,success,3.4,95.418,-50.7,6.162,4928.1
72,admin.,married,basic.9y,unknown,yes,yes,cellular,nov,tue,340,5,999,0,success,3.1,95.494,-44.4,6.057,4891.0
58,admin.,married,high.school,no,yes,no,cellular,nov,thu,633,5,999,0,success,3.1,95.494,-44.4,6.0600000000000005,4891.0
50,admin.,single,high.school,no,no,no,cellular,nov,mon,194,7,999,0,success,3.4,95.965,-49.8,6.16,4928.1
54,admin.,single,university.degree,no,yes,no,cellular,nov,wed,215,7,999,1,success,0.19999999999999996,94.393,-54.2,2.481,4799.1
40,admin.,single,unknown,no,no,no,cellular,apr,mon,356,6,999,1,success,0.19999999999999996,95.249,-42.6,1.843,4708.7
47,admin.,single,high.school,no,yes,no,cellular,nov,thu,251,8,999,0,success,1.9,94.7,-50.0,5.276,4895.8
73,self-employed,married,university.degree,no,no,no,cellular,nov,wed,311,5,999,0,success,-1.4,94.149,-38.1,1.916,4717.5
50,admin.,single,professional.course,no,yes,yes,cellular,aug,thu,219,5,999,0,success,3.4,94.944,-44.1,6.164000000000001,4928.1
44,admin.,married,professional.course,unknown,yes,yes,cellular,jul,wed,1349,6,999,0,nonexistent,3.4,95.418,-50.7,6.163,4928.1
89,admin.,divorced,basic.4y,no,yes,no,cellular,nov,wed,1085,5,13,1,success,-0.8999999999999999,93.701,-39.4,2.054,4776.2
52,technician,married,high.school,unknown,yes,no,cellular,nov,tue,244,6,999,0,success,3.4,94.944,-44.1,6.166,4928.1
45,admin.,married,high.school,no,no,no,cellular,nov,thu,212,5,999,0,success,3.4,94.944,-44.1,6.168,4928.1
64,technician,married,professional.course,no,yes,no,cellular,nov,fri,1162,6,999,0,success,3.4,95.418,-50.7,6.157,4928.1
63,self-employed,married,basic.9y,unknown,no,no,cellular,nov,mon,176,5,999,0,success,3.1,95.494,-44.4,6.057,4891.0
63,admin.,single,basic.9y,no,no,no,cellular,nov,wed,374,6,999,0,success,1.9,94.7,-50.0,5.32,4895.8
52,admin.,married,university.degree,no,no,no,cellular,nov,fri,424,6,999,0,success,1.9,94.7,-50.0,5.221,4895.8
45,admin.,divorced,university.degree,no,no,no,cellular,nov,mon,239,9,999,0,success,3.4,94.944,-44.1,6.165,4928.1
54,admin.,married,high.school,no,yes,no,cellular,nov,fri,1114,7,999,1,success,1.9,94.7,-50.0,5.221,4895.8
65,admin.,married,university.degree,no,no,yes,cellular,nov,wed,286,8,999,0,success,3.4,94.944,-44.1,6.164000000000001,4928.1
54,admin.,single,high.school,no,yes,no,cellular,nov,fri,1276,5,999,0,success,0.19999999999999996,94.393,-54.2,2.45,4799.1
62,housemaid,married,university.degree,no,no,no,cellular,nov,tue,287,10,999,0,success,3.1,95.494,-44.4,6.056,4891.0
51,admin.,married,high.school,unknown,yes,no,cellular,nov,wed,536,5,999,0,nonexistent,3.4,94.944,-44.1,6.164000000000001,4928.1
51,admin.,single,professional.course,no,no,no,cellular,jun,fri,383,6,999,0,success,-0.8999999999999999,94.463,-48.8,2.468,4776.2
49,admin.,married,university.degree,no,no,no,cellular,nov,fri,273,5,999,1,failure,0.19999999999999996,94.575,-55.1,2.605,4799.1
45,admin.,married,unknown,no,no,yes,cellular,nov,tue,235,6,999,0,success,3.4,95.418,-50.7,6.1610000000000005,4928.1
91,admin.,married,unknown,no,no,no,cellular,nov,fri,1702,5,999,0,success,-1.4,93.879,-37.8,2.003,4717.5
68,blue-collar,married,basic.6y,no,yes,no,cellular,aug,mon,232,10,999,0,success,3.4,94.944,-44.1,6.165,4928.1
65,admin.,married,basic.4y,unknown,no,no,cellular,nov,wed,298,6,999,0,success,3.4,95.965,-49.8,6.064,4928.1
44,admin.,single,university.degree,no,yes,no,cellular,nov,fri,653,5,999,0,success,3.4,94.944,-44.1,6.164000000000001,4928.1
42,admin.,single,university.degree,no,yes,no,cellular,may,fri,266,5,999,0,success,0.19999999999999996,94.393,-54.2,2.4589999999999996,4799.1
43,admin.,single,professional.course,no,unknown,unknown,cellular,nov,thu,248,6,999,1,success,0.19999999999999996,94.575,-55.1,2.61,4799.1
54,blue-collar,divorced,basic.9y,no,yes,no,cellular,nov,tue,448,10,999,0,success,3.1,95.494,-44.4,6.056,4891.0
52,blue-collar,single,basic.6y,no,yes,yes,cellular,nov,mon,669,5,999,0,success,3.4,95.418,-50.7,6.16,4928.1
56,admin.,married,basic.9y,unknown,no,no,cellular,may,fri,338,5,999,0,success,3.1,95.494,-44.4,6.064,4891.0
60,admin.,married,professional.course,no,unknown,unknown,cellular,nov,fri,359,7,999,0,success,3.4,94.944,-44.1,6.163,4928.1
64,admin.,divorced,high.school,no,no,no,cellular,nov,fri,485,6,999,0,success,3.4,95.418,-50.7,6.162,4928.1
43,admin.,married,basic.9y,no,yes,no,cellular,may,thu,539,5,999,0,nonexistent,0.19999999999999996,94.393,-54.2,2.466,4799.1
48,admin.,single,basic.9y,no,no,no,cellular,nov,mon,790,18,999,0,nonexistent,3.1,95.494,-44.4,6.057,4891.0
47,technician,single,professional.course,no,yes,no,cellular,nov,wed,372,5,999,0,success,1.9,94.7,-50.0,5.32,4895.8
50,admin.,married,university.degree,no,no,yes,cellular,nov,wed,590,5,999,0,success,0.19999999999999996,94.393,-54.2,2.481,4799.1
45,admin.,married,basic.4y,no,no,no,cellular,nov,tue,280,8,999,0,success,3.4,95.965,-49.8,6.1610000000000005,4928.1
44,admin.,single,university.degree,unknown,yes,no,cellular,nov,mon,260,5,999,0,success,3.1,95.494,-44.4,6.058,4891.0
49,admin.,married,high.school,no,yes,yes,cellular,nov,thu,332,5,999,0,success,3.4,95.418,-50.7,6.168,4928.1
48,admin.,divorced,university.degree,no,yes,no,cellular,nov,thu,505,6,999,1,success,1.9,94.7,-50.0,5.276,4895.8
53,admin.,single,university.degree,no,no,no,cellular,nov,tue,491,5,999,0,success,3.4,95.965,-49.8,6.1610000000000005,4928.1
70,admin.,married,unknown,unknown,yes,no,telephone,nov,mon,610,5,999,0,success,3.1,95.494,-44.4,6.057,4891.0
41,admin.,married,basic.4y,no,yes,no,cellular,nov,mon,449,6,999,0,nonexistent,3.1,95.494,-44.4,6.058,4891.0
55,technician,married,professional.course,no,no,no,cellular,nov,mon,426,7,999,0,success,3.4,94.944,-44.1,6.163,4928.1
47,admin.,single,university.degree,no,yes,no,cellular,nov,tue,131,5,999,0,success,0.8999999999999999,95.699,-45.5,2.08,4663.6
58,admin.,married,basic.9y,no,no,no,cellular,nov,thu,563,6,999,0,success,3.4,95.965,-49.8,6.066,4928.1
75,admin.,married,professional.course,no,yes,no,cellular,nov,wed,514,6,999,0,success,-1.4,93.931,-34.9,1.924,4717.5
52,admin.,single,unknown,unknown,no,no,cellular,nov,fri,802,5,999,0,nonexistent,3.1,95.494,-44.4,6.064,4891.0
42,admin.,single,professional.course,no,no,no,cellular,nov,thu,482,7,999,0,success,3.1,95.494,-44.4,6.0600000000000005,4891.0
44,admin.,single,university.degree,no,yes,no,cellular,nov,wed,617,5,999,0,nonexistent,0.30000000000000004,95.715,-48.3,2.04,4691.6
43,admin.,single,basic.6y,no,yes,yes,cellular,nov,fri,156,10,999,0,success,0.19999999999999996,94.393,-54.2,2.45,4799.1
47,admin.,married,professional.course,no,no,no,cellular,nov,mon,156,10,999,0,success,0.19999999999999996,94.393,-54.2,2.444,4799.1
55,admin.,single,high.school,no,yes,no,cellular,nov,tue,377,8,999,0,success,0.19999999999999996,94.393,-54.2,2.4909999999999997,4799.1
68,admin.,married,university.degree,unknown,yes,no,cellular,nov,tue,1727,5,999,0,success,3.4,95.418,-50.7,6.1610000000000005,4928.1
51,technician,single,high.school,no,yes,yes,cellular,nov,tue,467,9,999,0,nonexistent,3.1,95.494,-44.4,6.057,4891.0
56,admin.,married,high.school,no,no,no,cellular,nov,wed,833,6,999,0,success,0.19999999999999996,94.343,-58.0,2.9779999999999998,4799.1
47,admin.,married,university.degree,no,no,no,cellular,nov,wed,1292,5,999,1,success,0.8999999999999999,96.267,-58.8,2.23,4663.6
75,admin.,married,high.school,no,yes,no,cellular,may,thu,397,5,999,0,success,3.1,95.494,-44.4,6.055000000000001,4891.0
74,admin.,married,university.degree,unknown,yes,no,cellular,nov,mon,991,5,999,0,success,3.4,95.965,-49.8,6.065,4928.1
42,admin.,divorced,high.school,no,no,no,telephone,nov,thu,368,5,999,0,nonexistent,3.4,95.965,-49.8,6.158,4928.1
54,admin.,divorced,high.school,unknown,no,no,cellular,nov,mon,3779,5,999,0,nonexistent,3.1,95.494,-44.4,6.057,4891.0
47,admin.,married,professional.course,no,no,no,cellular,nov,thu,430,7,999,0,success,3.4,94.944,-44.1,6.163,4928.1
54,admin.,married,university.degree,no,no,no,cellular,nov,mon,1029,7,999,0,success,0.19999999999999996,94.575,-55.1,2.605,4799.1
53,admin.,single,high.school,no,no,no,cellular,may,fri,939,6,999,1,success,0.19999999999999996,94.393,-54.2,2.513,4799.1
52,admin.,married,university.degree,no,no,no,telephone,nov,mon,1936,9,999,0,nonexistent,3.4,95.418,-50.7,6.162,4928.1
44,admin.,single,basic.9y,no,no,no,cellular,jun,mon,284,5,999,0,success,3.4,95.965,-49.8,6.1610000000000005,4928.1
63,technician,divorced,professional.course,no,no,yes,cellular,nov,mon,237,7,999,0,nonexistent,3.1,95.494,-44.4,6.058,4891.0
58,admin.,married,basic.4y,unknown,yes,no,cellular,may,wed,170,6,999,0,nonexistent,0.19999999999999996,94.393,-54.2,2.534,4799.1
64,admin.,married,basic.6y,unknown,no,no,cellular,jul,wed,518,5,999,0,success,3.4,95.418,-50.7,6.157,4928.1
46,admin.,married,high.school,no,no,no,cellular,may,fri,457,5,999,0,success,3.1,95.494,-44.4,6.055000000000001,4891.0
43,admin.,single,high.school,no,no,no,cellular,nov,fri,1016,6,999,0,success,3.1,95.494,-44.4,6.059,4891.0
60,admin.,married,basic.4y,no,no,no,cellular,jul,wed,822,5,999,0,success,3.4,95.418,-50.7,6.163,4928.1
39,blue-collar,married,professional.course,unknown,no,no,cellular,nov,thu,746,6,999,0,success,0.19999999999999996,94.575,-55.1,2.61,4799.1
75,admin.,married,basic.4y,unknown,no,no,cellular,nov,mon,521,6,999,0,success,3.4,95.965,-49.8,6.065,4928.1
46,admin.,married,basic.9y,no,no,no,cellular,nov,thu,322,5,999,0,success,3.1,95.494,-44.4,6.0600000000000005,4891.0
49,admin.,divorced,basic.4y,unknown,yes,no,cellular,nov,mon,563,6,999,0,success,3.4,95.418,-50.7,6.16,4928.1
49,admin.,single,university.degree,no,yes,no,cellular,nov,mon,656,5,999,0,nonexistent,3.4,94.944,-44.1,6.17,4928.1
73,admin.,married,university.degree,no,yes,no,cellular,nov,mon,588,5,999,0,nonexistent,3.4,95.418,-50.7,6.16,4928.1
69,housemaid,divorced,basic.4y,unknown,no,no,cellular,nov,wed,1492,6,999,0,success,3.1,95.494,-44.4,6.059,4891.0
52,admin.,married,basic.6y,unknown,yes,no,cellular,nov,wed,269,5,999,0,success,3.4,95.418,-50.7,6.163,4928.1
60,admin.,married,university.degree,no,no,no,cellular,nov,mon,262,7,999,0,success,3.4,95.965,-49.8,6.065,4928.1
49,admin.,single,basic.6y,unknown,yes,no,cellular,may,mon,1724,5,999,0,success,3.1,95.494,-44.4,6.057,4891.0
68,admin.,married,professional.course,no,yes,yes,cellular,nov,mon,316,5,999,1,success,0.19999999999999996,94.869,-42.8,1.846,4708.7
60,admin.,divorced,high.school,no,yes,yes,cellular,nov,wed,613,5,999,0,success,0.19999999999999996,94.393,-54.2,2.534,4799.1
50,admin.,married,university.degree,no,yes,no,cellular,aug,wed,939,5,999,0,success,3.4,94.944,-44.1,6.165,4928.1
63,admin.,married,high.school,no,no,no,cellular,nov,fri,741,6,999,0,success,0.19999999999999996,94.575,-55.1,2.6790000000000003,4799.1
45,admin.,married,university.degree,no,no,no,cellular,nov,wed,683,5,999,0,nonexistent,1.9,95.298,-48.4,6.027,4895.8
45,technician,married,university.degree,no,yes,no,cellular,nov,wed,291,5,999,0,success,3.4,94.944,-44.1,6.164000000000001,4928.1
56,admin.,single,university.degree,no,yes,no,cellular,nov,thu,903,9,999,0,nonexistent,3.4,95.418,-50.7,6.168,4928.1
49,admin.,divorced,professional.course,no,yes,no,cellular,nov,fri,365,8,999,0,nonexistent,3.4,94.944,-44.1,6.164000000000001,4928.1
55,admin.,single,high.school,no,no,no,cellular,nov,tue,151,10,999,0,success,0.19999999999999996,94.393,-54.2,2.544,4799.1
46,admin.,single,university.degree,no,yes,no,cellular,nov,tue,250,5,999,0,success,3.4,95.418,-50.7,6.1610000000000005,4928.1
52,admin.,single,professional.course,no,no,no,cellular,nov,tue,367,6,999,0,nonexistent,3.1,95.494,-44.4,6.057,4891.0
46,admin.,divorced,university.degree,no,yes,yes,cellular,nov,thu,710,6,999,0,success,3.1,95.494,-44.4,6.0600000000000005,4891.0
52,admin.,married,basic.9y,no,yes,no,cellular,nov,wed,359,6,1,1,success,0.19999999999999996,94.393,-54.2,2.4699999999999998,4799.1
61,admin.,single,university.degree,no,no,no,cellular,nov,mon,280,7,999,1,success,0.19999999999999996,94.575,-55.1,2.605,4799.1
73,admin.,divorced,professional.course,no,no,no,cellular,aug,fri,255,11,999,0,success,3.4,94.944,-44.1,6.164000000000001,4928.1
43,admin.,married,basic.9y,no,yes,yes,cellular,nov,mon,498,6,999,0,success,3.4,95.965,-49.8,6.16,4928.1
67,admin.,married,basic.4y,unknown,unknown,unknown,cellular,nov,thu,377,8,999,0,success,3.4,95.418,-50.7,6.162,4928.1
65,admin.,married,unknown,unknown,no,no,cellular,nov,thu,480,5,999,0,nonexistent,3.4,95.418,-50.7,6.158,4928.1
63,admin.,married,basic.6y,unknown,no,no,cellular,nov,wed,160,10,999,0,success,0.19999999999999996,94.393,-54.2,2.534,4799.1
51,admin.,married,university.degree,no,no,no,cellular,nov,thu,3250,9,999,0,nonexistent,3.4,95.418,-50.7,6.168,4928.1
51,admin.,married,university.degree,no,no,no,cellular,nov,fri,653,7,999,0,nonexistent,3.4,94.944,-44.1,6.164000000000001,4928.1
50,admin.,single,university.degree,no,yes,yes,cellular,nov,mon,910,6,999,0,success,0.19999999999999996,94.393,-54.2,2.4989999999999997,4799.1
48,admin.,married,unknown,no,yes,no,cellular,may,mon,611,5,999,0,success,3.1,95.494,-44.4,6.057,4891.0
44,admin.,married,university.degree,no,yes,no,cellular,nov,wed,478,5,9,1,success,-1.4,94.149,-38.1,1.919,4717.5
49,admin.,married,basic.9y,no,no,yes,cellular,nov,tue,925,5,999,1,success,0.30000000000000004,95.527,-46.3,2.104,4691.6
74,retired,married,university.degree,unknown,no,no,cellular,aug,thu,284,5,999,0,nonexistent,3.4,94.944,-44.1,6.164000000000001,4928.1
54,admin.,married,high.school,no,unknown,unknown,cellular,nov,mon,298,6,999,2,failure,0.19999999999999996,94.393,-54.2,2.5540000000000003,4799.1
44,admin.,single,university.degree,no,yes,no,cellular,jun,wed,649,6,3,1,success,0.30000000000000004,95.555,-47.8,1.915,4691.6
52,admin.,married,basic.9y,unknown,no,yes,cellular,nov,thu,278,11,999,0,nonexistent,3.4,95.418,-50.7,6.168,4928.1
39,admin.,single,basic.9y,no,yes,no,cellular,nov,wed,1182,7,999,0,success,3.4,95.418,-50.7,6.163,4928.1
57,admin.,married,professional.course,unknown,yes,no,cellular,nov,thu,266,5,999,0,nonexistent,3.4,94.944,-44.1,6.164000000000001,4928.1
61,admin.,divorced,basic.9y,no,yes,no,cellular,nov,tue,599,7,999,0,success,0.19999999999999996,94.575,-55.1,2.623,4799.1
48,admin.,married,university.degree,no,yes,yes,cellular,nov,thu,208,7,999,0,success,1.9,94.7,-50.0,5.276,4895.8
48,admin.,married,basic.9y,no,no,no,cellular,may,tue,269,5,999,0,nonexistent,3.1,95.494,-44.4,6.057,4891.0
46,blue-collar,married,basic.9y,no,yes,no,cellular,nov,mon,446,8,999,0,success,3.1,95.494,-44.4,6.057,4891.0
59,admin.,married,high.school,no,no,no,cellular,nov,fri,138,11,999,0,success,1.9,94.7,-50.0,5.221,4895.8
56,admin.,married,high.school,no,no,yes,cellular,nov,mon,149,5,999,0,success,3.1,95.494,-44.4,6.057,4891.0
74,housemaid,divorced,unknown,unknown,no,no,cellular,nov,mon,305,7,999,0,success,3.4,95.418,-50.7,6.162,4928.1
42,admin.,married,professional.course,no,yes,no,cellular,jul,thu,453,5,999,0,success,3.4,95.418,-50.7,6.163,4928.1
69,admin.,married,high.school,no,no,no,cellular,jun,wed,185,20,999,0,success,3.4,95.965,-49.8,6.162,4928.1
48,admin.,single,professional.course,no,yes,no,cellular,nov,wed,255,5,999,0,success,3.4,94.944,-44.1,6.164000000000001,4928.1
51,admin.,divorced,basic.9y,no,yes,no,cellular,nov,mon,880,5,12,1,success,0.19999999999999996,94.393,-54.2,2.4989999999999997,4799.1
68,admin.,married,high.school,no,no,no,cellular,nov,thu,451,5,999,1,success,1.9,94.7,-50.0,5.276,4895.8
74,admin.,married,unknown,unknown,no,no,cellular,nov,fri,1450,6,999,1,success,0.19999999999999996,94.393,-54.2,2.45,4799.1
37,admin.,single,basic.9y,no,no,no,cellular,nov,mon,655,5,999,0,success,-0.8999999999999999,93.701,-39.4,2.061,4776.2
46,admin.,married,basic.4y,no,no,no,cellular,nov,mon,588,7,999,0,nonexistent,3.4,95.965,-49.8,6.147,4928.1
50,admin.,married,professional.course,no,yes,no,cellular,nov,mon,413,5,999,0,nonexistent,3.4,94.944,-44.1,6.165,4928.1
54,admin.,married,basic.4y,unknown,yes,no,cellular,nov,wed,345,7,999,0,success,3.4,95.965,-49.8,6.159,4928.1
54,admin.,single,professional.course,no,no,no,cellular,nov,mon,237,6,999,0,success,3.4,95.418,-50.7,6.16,4928.1
57,blue-collar,married,basic.6y,unknown,no,no,cellular,nov,tue,248,5,999,0,nonexistent,3.4,95.418,-50.7,6.162,4928.1
53,admin.,married,basic.9y,unknown,no,no,cellular,nov,fri,415,5,999,0,nonexistent,0.19999999999999996,94.575,-55.1,2.605,4799.1
75,admin.,married,university.degree,no,no,no,cellular,nov,thu,1072,6,6,1,success,0.8999999999999999,95.699,-45.5,2.084,4663.6
47,admin.,married,professional.course,no,yes,yes,cellular,nov,wed,2917,5,999,0,success,1.9,94.7,-50.0,5.32,4895.8
55,admin.,divorced,university.degree,no,yes,yes,cellular,jun,fri,217,5,999,0,success,3.4,95.965,-49.8,6.159,4928.1
62,admin.,married,university.degree,no,yes,yes,cellular,nov,thu,316,8,999,0,success,1.9,94.7,-50.0,5.276,4895.8
55,admin.,married,basic.4y,no,yes,no,cellular,nov,thu,899,5,999,0,success,0.19999999999999996,94.393,-54.2,2.466,4799.1
64,admin.,married,university.degree,no,no,no,cellular,may,fri,318,5,999,0,success,3.1,95.494,-44.4,6.057,4891.0
67,admin.,married,university.degree,no,no,no,cellular,may,fri,847,6,9,1,success,0.19999999999999996,95.376,-48.0,1.884,4708.7
41,admin.,married,high.school,no,yes,no,cellular,jul,mon,437,8,999,0,nonexistent,3.4,95.418,-50.7,6.16,4928.1
56,admin.,single,basic.4y,unknown,yes,no,cellular,nov,mon,813,7,999,0,success,3.4,95.418,-50.7,6.162,4928.1
48,admin.,married,high.school,no,yes,no,cellular,nov,tue,1537,14,999,1,success,0.19999999999999996,94.393,-54.2,2.4909999999999997,4799.1
71,admin.,married,basic.4y,unknown,no,no,cellular,nov,mon,219,7,999,0,success,3.4,95.418,-50.7,6.162,4928.1
58,admin.,divorced,professional.course,no,no,no,cellular,nov,thu,1279,5,999,0,success,3.1,95.494,-44.4,6.0600000000000005,4891.0
43,blue-collar,single,basic.9y,no,no,no,cellular,nov,fri,1058,6,999,0,success,3.1,95.494,-44.4,6.064,4891.0
44,admin.,married,basic.9y,no,yes,no,cellular,nov,fri,565,9,999,0,nonexistent,3.4,95.418,-50.7,6.157,4928.1
44,admin.,single,university.degree,no,no,no,cellular,nov,thu,160,7,999,0,success,3.1,95.494,-44.4,6.0600000000000005,4891.0
44,admin.,married,university.degree,no,no,no,cellular,nov,mon,266,8,999,0,success,3.4,95.965,-49.8,6.16,4928.1
48,blue-collar,married,basic.9y,no,no,no,cellular,nov,fri,262,5,999,1,success,-0.8999999999999999,93.701,-39.4,2.081,4776.2
72,admin.,married,professional.course,no,yes,no,cellular,nov,thu,664,8,999,0,success,1.9,94.7,-50.0,5.276,4895.8
56,admin.,married,university.degree,unknown,yes,no,cellular,nov,mon,543,6,999,0,nonexistent,3.4,94.944,-44.1,6.163,4928.1
60,admin.,married,high.school,no,yes,no,cellular,nov,mon,224,5,999,1,failure,1.9,94.7,-50.0,5.391,4895.8
56,admin.,divorced,high.school,no,yes,no,telephone,may,fri,316,5,999,0,success,3.1,95.494,-44.4,6.064,4891.0
51,unemployed,single,basic.4y,unknown,no,no,cellular,nov,fri,377,5,999,0,nonexistent,3.1,95.494,-44.4,6.055000000000001,4891.0
55,admin.,married,high.school,no,no,no,telephone,nov,fri,793,5,999,0,success,3.4,95.965,-49.8,6.159,4928.1
72,technician,married,high.school,no,no,yes,cellular,nov,mon,788,5,999,1,failure,0.19999999999999996,94.393,-54.2,2.4989999999999997,4799.1
48,admin.,single,university.degree,no,yes,no,cellular,nov,thu,325,7,999,0,success,-0.8999999999999999,94.463,-48.8,2.46,4776.2
47,admin.,divorced,university.degree,no,no,no,cellular,nov,mon,311,14,999,0,success,3.4,95.965,-49.8,6.16,4928.1
54,admin.,married,university.degree,no,no,no,cellular,nov,tue,572,6,999,0,success,1.9,94.7,-50.0,5.353,4895.8
72,admin.,divorced,basic.9y,no,yes,no,cellular,jun,tue,439,5,999,0,nonexistent,3.4,95.965,-49.8,6.064,4928.1
68,admin.,married,university.degree,no,no,no,cellular,nov,tue,1481,5,999,0,nonexistent,1.9,94.7,-50.0,5.353,4895.8
59,admin.,single,university.degree,no,no,no,cellular,nov,thu,631,5,999,0,success,1.9,94.7,-50.0,5.276,4895.8
67,admin.,single,basic.9y,unknown,yes,no,cellular,nov,tue,484,5,999,0,nonexistent,3.1,95.494,-44.4,6.056,4891.0
70,admin.,married,university.degree,no,no,no,cellular,nov,mon,482,18,999,0,success,3.1,95.494,-44.4,6.058,4891.0
48,blue-collar,single,basic.9y,unknown,no,no,cellular,nov,wed,406,7,999,0,success,3.1,95.494,-44.4,6.059,4891.0
60,admin.,married,basic.9y,unknown,yes,no,cellular,nov,thu,403,5,999,0,success,3.4,95.418,-50.7,6.158,4928.1
58,admin.,married,high.school,no,yes,no,cellular,jun,fri,140,19,999,0,success,3.4,95.965,-49.8,6.159,4928.1
48,admin.,married,university.degree,no,yes,no,cellular,nov,thu,597,5,3,3,success,0.30000000000000004,95.527,-46.3,2.099,4691.6
47,admin.,married,university.degree,no,no,no,cellular,nov,wed,343,5,999,0,success,3.4,95.418,-50.7,6.157,4928.1
73,admin.,divorced,professional.course,no,yes,no,cellular,nov,mon,966,5,999,0,success,-0.8999999999999999,94.463,-48.8,2.466,4776.2
34,admin.,single,unknown,no,yes,no,cellular,apr,fri,2210,9,999,0,success,0.19999999999999996,94.575,-55.1,2.605,4799.1
46,admin.,single,university.degree,no,no,no,cellular,nov,wed,376,7,999,0,success,3.1,95.494,-44.4,6.059,4891.0
67,services,married,university.degree,no,no,no,cellular,nov,mon,334,5,999,0,success,3.4,95.965,-49.8,6.16,4928.1
54,admin.,married,professional.course,no,yes,yes,cellular,nov,mon,1065,5,999,0,success,0.19999999999999996,94.393,-54.2,2.444,4799.1
56,admin.,married,high.school,no,yes,no,telephone,nov,tue,395,7,999,0,success,3.4,95.965,-49.8,6.1610000000000005,4928.1
61,admin.,married,university.degree,unknown,no,no,cellular,nov,mon,370,5,999,0,success,3.4,94.944,-44.1,6.17,4928.1
51,admin.,married,basic.4y,unknown,yes,no,cellular,nov,fri,194,7,999,0,nonexistent,3.4,95.965,-49.8,6.159,4928.1
52,admin.,divorced,university.degree,no,no,no,cellular,may,fri,152,5,999,0,nonexistent,3.1,95.494,-44.4,6.055000000000001,4891.0
75,retired,married,high.school,no,no,no,cellular,nov,thu,1042,7,999,0,success,0.19999999999999996,94.393,-54.2,2.466,4799.1
40,admin.,single,university.degree,no,no,no,cellular,nov,mon,134,9,999,0,nonexistent,0.19999999999999996,94.393,-54.2,2.444,4799.1
45,admin.,married,high.school,no,yes,no,cellular,nov,mon,1126,8,999,0,success,3.4,95.418,-50.7,6.16,4928.1
52,admin.,married,university.degree,unknown,yes,yes,cellular,nov,mon,557,6,999,0,nonexistent,3.4,94.944,-44.1,6.165,4928.1
50,admin.,single,high.school,no,no,no,cellular,nov,fri,914,16,999,0,success,3.4,95.418,-50.7,6.162,4928.1
65,admin.,married,professional.course,no,yes,no,cellular,nov,tue,3680,5,999,0,success,1.9,94.7,-50.0,5.353,4895.8
61,admin.,married,unknown,no,no,no,cellular,nov,fri,467,5,999,0,success,0.19999999999999996,94.575,-55.1,2.605,4799.1
58,admin.,divorced,professional.course,no,yes,no,telephone,nov,mon,298,7,999,0,nonexistent,3.4,95.965,-49.8,6.1610000000000005,4928.1
42,admin.,single,professional.course,no,no,no,cellular,may,fri,860,10,999,1,success,0.19999999999999996,94.393,-54.2,2.45,4799.1
47,admin.,married,basic.4y,unknown,no,yes,cellular,nov,wed,322,5,999,0,success,3.4,95.418,-50.7,6.162,4928.1
52,admin.,single,university.degree,no,no,yes,cellular,nov,fri,302,5,999,0,success,0.19999999999999996,94.393,-54.2,2.513,4799.1
57,admin.,married,unknown,unknown,yes,no,cellular,nov,mon,647,5,999,0,nonexistent,3.1,95.494,-44.4,6.057,4891.0
70,admin.,married,basic.6y,unknown,yes,yes,cellular,nov,tue,1258,6,999,0,success,3.4,95.418,-50.7,6.162,4928.1
59,admin.,married,high.school,unknown,yes,yes,cellular,nov,fri,703,5,999,0,success,3.4,94.944,-44.1,6.166,4928.1
43,self-employed,single,university.degree,no,yes,no,cellular,nov,mon,233,5,999,0,success,0.19999999999999996,94.393,-54.2,2.5540000000000003,4799.1
49,admin.,married,university.degree,no,yes,no,cellular,nov,fri,966,5,999,0,nonexistent,1.9,94.7,-50.0,5.221,4895.8
93,admin.,divorced,basic.6y,no,no,no,cellular,nov,fri,439,6,999,0,success,-1.4,93.931,-34.9,1.92,4717.5
41,admin.,single,university.degree,no,yes,no,cellular,jul,mon,361,7,999,0,success,3.4,95.418,-50.7,6.162,4928.1
72,admin.,married,unknown,unknown,yes,no,cellular,nov,mon,705,6,999,0,success,3.1,95.494,-44.4,6.057,4891.0
63,blue-collar,married,basic.6y,no,yes,no,cellular,may,wed,340,5,999,1,success,0.19999999999999996,94.393,-54.2,2.481,4799.1
53,admin.,married,high.school,no,yes,no,cellular,nov,thu,1733,5,999,0,success,3.1,95.494,-44.4,6.0600000000000005,4891.0
57,blue-collar,divorced,high.school,no,no,no,cellular,jun,tue,581,5,999,0,success,3.4,95.965,-49.8,6.1610000000000005,4928.1
73,admin.,married,basic.6y,no,yes,no,cellular,aug,tue,372,7,999,0,success,3.4,94.944,-44.1,6.165,4928.1
41,admin.,single,basic.9y,no,yes,no,cellular,may,thu,192,5,999,0,success,0.19999999999999996,94.393,-54.2,2.466,4799.1
41,admin.,married,high.school,unknown,yes,no,telephone,nov,wed,476,9,999,0,success,3.4,95.965,-49.8,6.159,4928.1
51,admin.,single,university.degree,no,yes,no,cellular,nov,wed,248,8,999,0,success,1.9,94.7,-50.0,5.32,4895.8
68,admin.,divorced,university.degree,no,yes,no,cellular,nov,tue,232,8,999,0,nonexistent,3.4,95.418,-50.7,6.1610000000000005,4928.1
74,admin.,married,university.degree,no,no,no,cellular,nov,mon,413,6,999,0,success,3.4,94.944,-44.1,6.165,4928.1
54,admin.,married,basic.9y,no,yes,no,cellular,nov,fri,824,5,999,0,success,0.19999999999999996,94.393,-54.2,2.45,4799.1
46,admin.,married,professional.course,no,no,no,cellular,mar,mon,410,6,999,0,success,0.19999999999999996,94.869,-42.8,1.846,4708.7
70,admin.,married,basic.9y,no,yes,no,telephone,nov,wed,260,8,999,0,nonexistent,3.4,95.418,-50.7,6.163,4928.1
42,admin.,single,university.degree,no,yes,no,cellular,jul,thu,430,5,999,0,nonexistent,3.4,95.418,-50.7,6.158,4928.1
53,admin.,married,unknown,no,yes,no,cellular,nov,wed,277,7,999,0,nonexistent,3.4,95.418,-50.7,6.163,4928.1
43,admin.,single,university.degree,no,yes,no,cellular,jun,wed,759,5,999,0,success,3.4,95.965,-49.8,6.162,4928.1
58,admin.,married,basic.9y,unknown,unknown,unknown,cellular,may,tue,341,5,999,0,success,0.19999999999999996,94.393,-54.2,2.544,4799.1
98,admin.,divorced,basic.4y,no,yes,yes,cellular,nov,tue,322,5,999,0,success,-1.4,94.149,-38.1,1.916,4717.5
48,admin.,married,basic.4y,unknown,no,no,cellular,nov,thu,215,5,999,0,success,1.9,94.7,-50.0,5.276,4895.8
47,admin.,single,university.degree,no,yes,no,cellular,nov,tue,403,6,999,0,success,-1.4,93.879,-37.8,2.019,4717.5
46,technician,married,basic.9y,no,no,yes,cellular,jul,thu,2494,9,999,0,success,3.4,95.418,-50.7,6.158,4928.1
72,admin.,single,professional.course,no,no,no,cellular,jun,thu,1285,5,999,0,success,3.4,95.965,-49.8,6.066,4928.1
38,blue-collar,married,professional.course,no,yes,no,telephone,nov,tue,329,8,999,0,success,3.1,95.494,-44.4,6.056,4891.0
59,admin.,single,professional.course,no,yes,no,cellular,nov,mon,1515,9,999,1,success,0.19999999999999996,94.393,-54.2,2.5540000000000003,4799.1
63,admin.,married,basic.4y,no,no,no,cellular,nov,tue,361,11,999,0,nonexistent,3.4,94.944,-44.1,6.166,4928.1
48,admin.,single,university.degree,no,unknown,unknown,cellular,nov,fri,1016,5,999,1,success,0.19999999999999996,94.393,-54.2,2.513,4799.1
45,admin.,married,high.school,no,no,no,cellular,jun,thu,412,7,999,0,success,3.4,95.965,-49.8,6.1610000000000005,4928.1
46,admin.,single,university.degree,no,no,no,cellular,nov,mon,496,5,999,2,success,0.30000000000000004,95.527,-46.3,2.098,4691.6
36,admin.,single,basic.9y,no,yes,no,cellular,mar,wed,365,6,999,1,success,0.19999999999999996,94.869,-42.8,1.855,4708.7
60,blue-collar,married,basic.9y,unknown,no,no,cellular,may,thu,1427,5,999,0,success,3.1,95.494,-44.4,6.0600000000000005,4891.0
48,admin.,married,high.school,no,yes,yes,cellular,may,thu,611,6,999,0,success,0.19999999999999996,94.393,-54.2,2.527,4799.1
55,services,divorced,basic.9y,no,yes,no,cellular,nov,fri,273,6,999,0,success,3.4,95.418,-50.7,6.157,4928.1
42,admin.,single,professional.course,no,yes,no,cellular,nov,thu,338,7,999,0,success,3.4,95.418,-50.7,6.163,4928.1
47,admin.,married,university.degree,no,no,no,cellular,jul,mon,1364,14,999,0,success,3.4,95.418,-50.7,6.16,4928.1
54,admin.,married,high.school,no,no,yes,cellular,nov,thu,309,5,999,0,success,0.19999999999999996,94.393,-54.2,2.466,4799.1
58,admin.,married,high.school,no,no,yes,cellular,jul,fri,424,5,999,0,success,3.4,95.418,-50.7,6.159,4928.1
60,blue-collar,married,unknown,no,no,no,cellular,nov,fri,620,5,999,0,success,0.19999999999999996,94.575,-55.1,2.605,4799.1
67,admin.,married,high.school,unknown,no,no,telephone,nov,mon,1519,8,999,0,success,3.4,95.965,-49.8,6.065,4928.1
48,admin.,married,high.school,no,yes,yes,cellular,may,mon,343,5,999,1,success,0.19999999999999996,94.393,-54.2,2.4989999999999997,4799.1
96,admin.,married,basic.4y,no,no,no,cellular,may,mon,1231,6,999,0,success,0.19999999999999996,94.393,-54.2,2.5540000000000003,4799.1
51,admin.,married,basic.9y,unknown,yes,no,cellular,nov,fri,2941,6,999,0,success,3.4,95.965,-49.8,6.167,4928.1
59,admin.,married,professional.course,no,no,no,cellular,nov,wed,327,5,999,0,success,3.4,95.418,-50.7,6.163,4928.1
66,blue-collar,married,basic.9y,unknown,no,no,cellular,nov,wed,1002,6,999,0,nonexistent,3.4,94.944,-44.1,6.165,4928.1
55,admin.,married,high.school,no,yes,no,cellular,nov,fri,133,8,999,0,success,1.9,94.7,-50.0,5.221,4895.8
47,admin.,single,high.school,no,yes,no,cellular,nov,fri,1169,6,999,0,success,0.19999999999999996,94.393,-54.2,2.513,4799.1
53,admin.,married,basic.6y,unknown,yes,no,cellular,nov,mon,419,7,999,0,nonexistent,3.4,95.965,-49.8,6.1610000000000005,4928.1
56,technician,married,high.school,no,yes,yes,cellular,nov,thu,439,6,999,0,success,3.1,95.494,-44.4,6.055000000000001,4891.0
53,admin.,married,basic.9y,no,yes,no,cellular,nov,thu,586,5,999,0,success,0.19999999999999996,94.393,-54.2,2.527,4799.1
50,admin.,single,university.degree,no,yes,no,cellular,nov,fri,1312,5,12,1,success,0.19999999999999996,94.393,-54.2,2.513,4799.1
57,admin.,married,university.degree,no,yes,no,cellular,nov,mon,237,6,999,1,success,1.9,94.7,-50.0,5.391,4895.8
71,admin.,married,basic.4y,no,yes,no,cellular,nov,fri,808,7,999,0,success,1.9,94.7,-50.0,5.221,4895.8
72,admin.,married,university.degree,no,yes,no,cellular,nov,mon,410,6,999,0,success,-0.8999999999999999,94.463,-48.8,2.466,4776.2
58,admin.,single,university.degree,no,no,no,cellular,nov,mon,298,9,999,0,success,3.4,94.944,-44.1,6.165,4928.1
39,admin.,single,high.school,no,unknown,unknown,cellular,nov,thu,628,7,999,2,success,-0.8999999999999999,94.463,-48.8,2.46,4776.2
59,admin.,married,high.school,no,yes,yes,cellular,nov,mon,989,5,999,0,success,3.1,95.494,-44.4,6.057,4891.0
39,admin.,married,basic.9y,no,unknown,unknown,cellular,nov,fri,134,10,999,0,success,0.19999999999999996,94.393,-54.2,2.45,4799.1
49,admin.,married,high.school,no,no,no,cellular,may,wed,590,5,999,0,success,3.1,95.494,-44.4,6.058,4891.0
56,admin.,married,university.degree,no,no,no,cellular,may,fri,430,8,999,0,nonexistent,3.1,95.494,-44.4,6.059,4891.0
45,admin.,married,high.school,no,no,no,cellular,may,thu,466,8,999,0,success,0.19999999999999996,94.393,-54.2,2.466,4799.1
39,admin.,single,high.school,unknown,yes,no,cellular,jul,thu,586,5,999,0,success,3.4,95.418,-50.7,6.158,4928.1
47,admin.,single,university.degree,no,yes,no,cellular,nov,mon,134,11,999,0,success,0.19999999999999996,94.393,-54.2,2.444,4799.1
58,admin.,married,unknown,unknown,yes,no,cellular,nov,thu,759,10,999,0,nonexistent,1.9,94.7,-50.0,5.276,4895.8
46,blue-collar,single,basic.9y,no,no,no,cellular,nov,wed,368,5,999,0,success,3.4,95.418,-50.7,6.157,4928.1
65,admin.,married,university.degree,unknown,unknown,unknown,cellular,nov,thu,781,6,999,0,success,3.4,95.418,-50.7,6.162,4928.1
46,admin.,married,high.school,no,no,no,cellular,may,wed,460,6,999,0,nonexistent,3.1,95.494,-44.4,6.058,4891.0
44,admin.,single,basic.9y,no,no,yes,cellular,nov,wed,313,6,999,0,success,-1.4,93.931,-34.9,1.935,4717.5
47,admin.,married,professional.course,unknown,no,no,cellular,nov,thu,372,6,999,0,nonexistent,0.19999999999999996,94.575,-55.1,2.565,4799.1
57,technician,married,high.school,no,yes,no,cellular,nov,tue,856,5,999,0,success,3.4,94.944,-44.1,6.168,4928.1
46,admin.,married,university.degree,unknown,no,no,cellular,nov,tue,1216,8,999,0,nonexistent,3.4,94.944,-44.1,6.163,4928.1
50,admin.,single,university.degree,no,yes,no,cellular,nov,fri,1135,6,999,0,success,3.4,95.418,-50.7,6.163,4928.1
58,admin.,married,high.school,no,yes,yes,cellular,jul,mon,2302,5,999,0,success,3.4,95.418,-50.7,6.16,4928.1
55,admin.,single,basic.9y,no,yes,yes,cellular,nov,wed,134,11,999,0,success,0.19999999999999996,94.393,-54.2,2.481,4799.1
52,admin.,married,university.degree,no,yes,no,cellular,nov,mon,476,5,999,0,success,0.19999999999999996,94.575,-55.1,2.605,4799.1
48,admin.,divorced,university.degree,no,no,no,cellular,nov,fri,957,8,999,0,success,3.1,95.494,-44.4,6.057,4891.0
51,admin.,married,university.degree,no,no,no,cellular,nov,tue,217,7,999,0,nonexistent,3.1,95.494,-44.4,6.056,4891.0
67,admin.,married,university.degree,no,no,no,telephone,nov,mon,199,43,999,0,success,3.1,95.494,-44.4,6.058,4891.0
61,admin.,divorced,high.school,no,yes,no,cellular,nov,mon,790,5,999,0,success,-0.8999999999999999,94.463,-48.8,2.46,4776.2
51,admin.,married,university.degree,no,yes,no,cellular,nov,thu,293,8,999,0,success,0.19999999999999996,94.575,-55.1,2.635,4799.1
39,admin.,single,high.school,no,no,no,cellular,nov,wed,390,5,999,0,nonexistent,-0.8999999999999999,94.463,-48.8,2.46,4776.2
45,admin.,married,university.degree,unknown,yes,no,cellular,nov,mon,325,6,999,0,success,3.4,94.944,-44.1,6.163,4928.1
40,admin.,married,high.school,no,no,no,cellular,nov,thu,345,6,999,0,success,-0.8999999999999999,94.463,-48.8,2.46,4776.2
54,admin.,married,professional.course,no,unknown,unknown,cellular,nov,thu,1268,5,999,0,success,3.4,95.965,-49.8,6.1610000000000005,4928.1
45,admin.,single,university.degree,no,no,no,cellular,nov,fri,1038,9,999,0,success,3.1,95.494,-44.4,6.064,4891.0
54,admin.,married,basic.9y,unknown,yes,no,cellular,nov,fri,145,10,999,0,success,3.4,95.965,-49.8,6.159,4928.1
68,admin.,divorced,unknown,no,no,no,cellular,nov,wed,822,5,999,0,success,0.19999999999999996,94.393,-54.2,2.481,4799.1
59,admin.,married,university.degree,no,no,no,cellular,nov,mon,574,8,999,0,success,3.4,95.965,-49.8,6.147,4928.1
58,admin.,married,basic.4y,no,no,no,telephone,nov,tue,1241,5,999,0,success,3.1,95.494,-44.4,6.057,4891.0
44,admin.,single,high.school,no,yes,no,cellular,nov,thu,489,7,999,0,success,1.9,94.7,-50.0,5.276,4895.8
47,blue-collar,married,high.school,unknown,yes,no,cellular,nov,wed,199,11,999,0,nonexistent,3.1,95.494,-44.4,6.057,4891.0
47,admin.,single,university.degree,no,no,no,cellular,nov,mon,2350,5,999,0,success,1.9,94.7,-50.0,5.606,4895.8
41,admin.,single,university.degree,no,no,no,cellular,nov,wed,1288,5,999,0,nonexistent,0.8999999999999999,96.101,-57.5,2.159,4663.6
48,admin.,single,high.school,no,unknown,unknown,cellular,nov,thu,410,7,999,0,success,3.1,95.494,-44.4,6.0600000000000005,4891.0
73,admin.,married,unknown,unknown,yes,no,cellular,jun,mon,2096,5,999,0,nonexistent,3.4,95.965,-49.8,6.1610000000000005,4928.1
43,admin.,single,high.school,no,yes,no,cellular,nov,tue,766,5,999,2,success,-0.8999999999999999,94.463,-48.8,2.4619999999999997,4776.2
60,admin.,divorced,university.degree,no,yes,yes,cellular,may,thu,574,6,999,0,nonexistent,0.19999999999999996,94.393,-54.2,2.527,4799.1
50,admin.,single,professional.course,no,yes,no,cellular,may,thu,300,5,999,0,success,0.19999999999999996,94.393,-54.2,2.527,4799.1
69,blue-collar,married,basic.9y,no,yes,no,cellular,nov,fri,352,9,999,0,success,3.4,94.944,-44.1,6.166,4928.1
37,admin.,single,basic.6y,unknown,yes,no,cellular,jul,tue,370,7,999,0,success,3.4,95.418,-50.7,6.1610000000000005,4928.1
48,technician,single,professional.course,no,unknown,unknown,cellular,nov,wed,842,5,999,0,success,1.9,94.7,-50.0,5.32,4895.8
55,admin.,married,basic.4y,unknown,yes,no,cellular,nov,fri,268,6,999,0,success,3.1,95.494,-44.4,6.064,4891.0
52,admin.,single,high.school,no,no,no,cellular,nov,tue,417,7,999,0,success,3.1,95.494,-44.4,6.056,4891.0
47,admin.,married,university.degree,no,no,yes,cellular,nov,thu,709,7,3,1,success,-0.8999999999999999,94.463,-48.8,2.46,4776.2
52,blue-collar,single,high.school,no,yes,no,cellular,jul,mon,869,12,999,0,nonexistent,3.4,95.418,-50.7,6.16,4928.1
47,admin.,single,professional.course,no,yes,yes,cellular,may,thu,2003,5,999,0,success,0.19999999999999996,94.393,-54.2,2.527,4799.1
58,admin.,married,basic.6y,unknown,no,no,cellular,may,thu,962,5,999,0,success,3.1,95.494,-44.4,6.055000000000001,4891.0
59,services,married,high.school,no,no,no,cellular,nov,thu,347,6,999,0,success,3.1,95.494,-44.4,6.0600000000000005,4891.0
41,blue-collar,single,basic.9y,no,yes,no,cellular,nov,tue,185,6,999,0,success,3.4,95.418,-50.7,6.1610000000000005,4928.1
62,services,single,high.school,no,no,no,cellular,nov,tue,647,5,999,0,success,3.4,95.418,-50.7,6.1610000000000005,4928.1
49,admin.,married,university.degree,no,yes,yes,cellular,nov,thu,422,5,999,0,success,0.19999999999999996,94.575,-55.1,2.61,4799.1
51,blue-collar,single,high.school,no,yes,no,cellular,nov,fri,881,6,999,0,nonexistent,3.1,95.494,-44.4,6.057,4891.0
59,admin.,divorced,high.school,no,yes,no,cellular,nov,thu,1079,5,999,0,nonexistent,0.19999999999999996,94.393,-54.2,2.466,4799.1
64,admin.,married,professional.course,unknown,no,no,cellular,nov,fri,475,10,999,0,success,3.4,95.418,-50.7,6.162,4928.1
48,admin.,single,high.school,no,no,no,cellular,nov,mon,277,5,999,0,success,-1.4,93.931,-34.9,1.931,4717.5
56,admin.,married,high.school,no,no,no,cellular,nov,fri,134,16,999,0,nonexistent,3.4,95.965,-49.8,6.159,4928.1
53,blue-collar,married,basic.9y,no,no,no,cellular,nov,wed,766,6,999,0,success,3.4,95.965,-49.8,6.162,4928.1
71,admin.,married,high.school,no,no,no,cellular,nov,tue,809,5,3,1,success,0.30000000000000004,95.555,-47.8,1.9609999999999999,4691.6
51,admin.,single,high.school,no,no,yes,cellular,nov,fri,1045,6,999,0,success,0.19999999999999996,94.575,-55.1,2.6790000000000003,4799.1
51,admin.,married,high.school,no,no,no,cellular,nov,mon,275,6,999,0,success,1.9,94.7,-50.0,5.391,4895.8
39,admin.,single,high.school,no,yes,yes,cellular,nov,wed,523,5,999,0,success,0.19999999999999996,94.343,-58.0,2.802,4799.1
61,admin.,single,basic.9y,no,no,no,cellular,nov,thu,813,6,999,1,success,0.19999999999999996,94.575,-55.1,2.635,4799.1
60,admin.,divorced,professional.course,no,no,no,cellular,nov,tue,289,14,999,0,nonexistent,3.4,94.944,-44.1,6.165,4928.1
67,admin.,married,university.degree,no,yes,no,cellular,nov,wed,169,14,999,0,nonexistent,3.1,95.494,-44.4,6.058,4891.0
71,admin.,married,basic.4y,no,yes,yes,cellular,nov,thu,584,5,999,0,success,1.9,94.7,-50.0,5.276,4895.8
74,technician,married,unknown,no,no,no,cellular,nov,tue,356,8,999,0,success,3.4,95.965,-49.8,6.064,4928.1
66,admin.,married,basic.4y,unknown,yes,no,cellular,nov,wed,478,6,999,0,nonexistent,3.4,95.418,-50.7,6.162,4928.1
60,admin.,married,basic.9y,no,yes,no,telephone,nov,fri,484,6,999,0,success,3.1,95.494,-44.4,6.055000000000001,4891.0
46,admin.,single,high.school,no,no,no,cellular,nov,wed,538,6,999,0,success,3.4,94.944,-44.1,6.167,4928.1
75,retired,divorced,professional.course,no,no,no,cellular,nov,tue,937,9,999,0,success,3.4,95.418,-50.7,6.1610000000000005,4928.1
45,admin.,married,university.degree,no,yes,no,cellular,nov,thu,559,6,6,1,success,-1.0,94.213,-41.0,1.92,4723.5
54,entrepreneur,married,high.school,no,yes,no,cellular,nov,thu,559,5,999,0,nonexistent,3.4,95.418,-50.7,6.168,4928.1
50,admin.,married,professional.course,no,no,no,cellular,nov,thu,397,5,999,0,success,3.4,94.944,-44.1,6.168,4928.1
67,admin.,divorced,basic.6y,no,yes,no,cellular,nov,tue,1349,6,999,0,success,3.4,94.944,-44.1,6.168,4928.1
54,admin.,married,university.degree,no,no,no,cellular,nov,tue,278,5,999,0,success,1.9,94.7,-50.0,5.353,4895.8
64,admin.,married,high.school,no,no,no,cellular,nov,mon,656,10,999,0,nonexistent,3.4,94.944,-44.1,6.163,4928.1
46,admin.,married,high.school,no,no,no,telephone,nov,thu,665,5,999,0,success,3.1,95.494,-44.4,6.0600000000000005,4891.0
58,admin.,married,university.degree,no,yes,no,cellular,nov,tue,363,5,999,0,success,3.4,95.418,-50.7,6.1610000000000005,4928.1
41,admin.,single,high.school,no,yes,yes,cellular,nov,fri,480,6,999,0,success,-0.8999999999999999,94.463,-48.8,2.468,4776.2
85,admin.,married,basic.4y,no,yes,no,cellular,nov,mon,356,5,999,0,success,-1.4,93.931,-34.9,1.939,4717.5
56,admin.,married,basic.4y,unknown,yes,no,cellular,nov,tue,586,5,999,0,nonexistent,0.19999999999999996,94.393,-54.2,2.544,4799.1
68,admin.,married,university.degree,no,no,no,cellular,nov,thu,401,6,999,0,nonexistent,0.8999999999999999,95.699,-45.5,2.078,4663.6
50,admin.,married,university.degree,no,no,no,telephone,nov,wed,194,7,999,0,nonexistent,3.1,95.494,-44.4,6.056,4891.0
73,retired,married,professional.course,no,no,no,cellular,nov,wed,363,11,999,0,success,3.4,94.944,-44.1,6.164000000000001,4928.1
59,services,married,high.school,no,no,no,cellular,nov,mon,291,7,999,0,success,0.8999999999999999,96.101,-57.5,2.2,4663.6
48,admin.,married,high.school,no,yes,no,cellular,jul,tue,178,11,999,0,success,3.4,95.418,-50.7,6.1610000000000005,4928.1
65,admin.,married,professional.course,no,yes,no,cellular,nov,thu,340,6,999,0,success,3.4,94.944,-44.1,6.168,4928.1
63,blue-collar,married,professional.course,no,yes,no,cellular,nov,thu,142,9,999,0,success,3.4,95.418,-50.7,6.168,4928.1
57,blue-collar,married,basic.6y,unknown,no,yes,cellular,nov,wed,172,5,999,1,success,0.19999999999999996,94.393,-54.2,2.534,4799.1
41,admin.,single,high.school,no,yes,no,cellular,nov,mon,768,5,999,0,success,0.19999999999999996,94.393,-54.2,2.4989999999999997,4799.1
63,admin.,married,basic.4y,unknown,no,no,cellular,nov,mon,748,6,999,0,success,3.4,95.965,-49.8,6.1610000000000005,4928.1
47,admin.,single,university.degree,no,yes,no,cellular,jul,thu,250,9,999,0,success,3.4,95.418,-50.7,6.162,4928.1
52,admin.,single,professional.course,no,yes,no,cellular,nov,fri,356,7,999,0,success,0.19999999999999996,94.393,-54.2,2.45,4799.1
45,admin.,married,professional.course,no,no,no,cellular,nov,fri,2563,8,999,1,success,0.19999999999999996,94.393,-54.2,2.45,4799.1
54,admin.,single,university.degree,unknown,yes,no,cellular,nov,wed,863,5,999,0,success,3.4,94.944,-44.1,6.164000000000001,4928.1
51,admin.,divorced,basic.9y,no,no,no,cellular,may,wed,352,5,999,0,success,0.19999999999999996,94.393,-54.2,2.481,4799.1
46,admin.,single,high.school,no,yes,no,cellular,nov,thu,431,5,999,0,nonexistent,1.9,94.7,-50.0,5.276,4895.8
67,admin.,married,unknown,no,no,no,telephone,sep,tue,1043,17,14,2,success,-1.4,93.879,-37.8,2.019,4717.5
45,admin.,married,high.school,unknown,yes,no,cellular,nov,mon,2195,7,999,0,nonexistent,3.4,95.418,-50.7,6.162,4928.1
45,admin.,single,university.degree,no,yes,no,cellular,nov,wed,1000,7,999,0,success,1.9,94.7,-50.0,5.32,4895.8
65,admin.,divorced,basic.4y,no,no,no,cellular,nov,tue,223,5,999,0,nonexistent,0.8999999999999999,95.699,-45.5,2.077,4663.6
48,admin.,married,university.degree,no,no,no,cellular,nov,fri,1423,5,999,0,success,3.1,95.494,-44.4,6.064,4891.0
45,admin.,married,university.degree,no,yes,no,cellular,nov,mon,363,5,999,0,nonexistent,1.9,94.7,-50.0,5.391,4895.8
60,admin.,married,university.degree,no,yes,no,cellular,may,fri,408,5,999,1,failure,0.19999999999999996,94.393,-54.2,2.45,4799.1
64,admin.,divorced,professional.course,no,no,no,cellular,nov,thu,264,9,999,1,success,1.9,94.7,-50.0,5.276,4895.8
39,admin.,single,high.school,no,no,no,cellular,nov,wed,638,10,6,1,success,0.30000000000000004,95.555,-47.8,1.927,4691.6
46,admin.,married,university.degree,no,yes,no,cellular,nov,fri,388,9,999,0,success,1.9,94.7,-50.0,5.221,4895.8
67,blue-collar,married,basic.9y,no,no,no,cellular,nov,fri,1576,5,999,0,success,3.4,94.944,-44.1,6.166,4928.1
45,admin.,single,professional.course,no,yes,no,cellular,nov,fri,455,6,999,0,nonexistent,0.19999999999999996,94.575,-55.1,2.605,4799.1
55,admin.,married,basic.6y,unknown,yes,no,cellular,jul,mon,349,7,999,0,nonexistent,3.4,95.418,-50.7,6.162,4928.1
56,admin.,divorced,high.school,no,yes,no,cellular,nov,mon,161,10,999,0,success,0.19999999999999996,94.393,-54.2,2.444,4799.1
54,admin.,married,basic.6y,no,yes,no,cellular,nov,wed,181,13,999,0,success,0.19999999999999996,94.393,-54.2,2.534,4799.1
49,admin.,married,university.degree,no,yes,no,cellular,nov,wed,304,8,999,0,success,3.4,95.965,-49.8,6.162,4928.1
57,admin.,married,university.degree,no,no,yes,cellular,nov,tue,1290,6,999,0,success,3.4,95.418,-50.7,6.155,4928.1
70,admin.,married,basic.4y,unknown,no,no,telephone,nov,wed,2966,6,999,0,success,3.1,95.494,-44.4,6.056,4891.0
46,admin.,single,university.degree,no,yes,no,cellular,nov,fri,365,5,999,0,success,3.4,94.944,-44.1,6.166,4928.1
98,retired,married,unknown,no,yes,no,cellular,nov,mon,255,6,999,0,nonexistent,-1.4,93.879,-37.8,1.971,4717.5
61,admin.,married,university.degree,unknown,no,no,cellular,nov,wed,190,9,999,0,success,3.4,94.944,-44.1,6.164000000000001,4928.1
59,admin.,married,university.degree,no,yes,no,cellular,apr,thu,367,6,999,0,success,0.19999999999999996,94.575,-55.1,2.61,4799.1
68,admin.,divorced,university.degree,no,no,no,cellular,nov,tue,1031,5,999,0,success,3.4,94.944,-44.1,6.166,4928.1
59,admin.,married,basic.4y,unknown,yes,no,cellular,nov,wed,766,5,999,0,success,3.4,94.944,-44.1,6.164000000000001,4928.1
73,blue-collar,married,basic.9y,no,no,no,cellular,jul,thu,489,5,999,0,success,3.4,95.418,-50.7,6.162,4928.1
54,admin.,married,university.degree,no,no,yes,cellular,nov,mon,257,8,999,0,success,0.19999999999999996,94.575,-55.1,2.605,4799.1
90,admin.,married,basic.4y,no,no,no,cellular,apr,tue,316,5,999,1,success,0.19999999999999996,94.575,-55.1,2.605,4799.1
54,admin.,married,university.degree,no,yes,no,cellular,apr,mon,669,6,999,1,failure,0.19999999999999996,94.575,-55.1,2.605,4799.1
67,admin.,unknown,professional.course,no,yes,no,cellular,jun,fri,133,6,999,0,success,3.4,95.965,-49.8,6.159,4928.1
39,admin.,single,professional.course,no,no,yes,cellular,nov,fri,161,12,999,0,success,0.19999999999999996,94.393,-54.2,2.45,4799.1
48,admin.,married,university.degree,no,yes,no,cellular,nov,tue,739,6,3,1,success,-1.4,94.149,-38.1,1.915,4717.5
61,admin.,married,professional.course,no,no,no,cellular,nov,fri,813,5,999,0,success,3.4,94.944,-44.1,6.166,4928.1
51,blue-collar,married,basic.9y,no,yes,yes,cellular,nov,tue,298,5,999,0,success,0.19999999999999996,94.575,-55.1,2.653,4799.1
75,admin.,married,unknown,unknown,yes,no,cellular,may,mon,129,6,999,0,success,3.1,95.494,-44.4,6.057,4891.0
43,admin.,divorced,university.degree,no,yes,no,cellular,nov,mon,565,5,999,0,success,3.4,95.418,-50.7,6.16,4928.1
46,admin.,married,university.degree,no,no,no,cellular,nov,wed,1245,8,999,0,nonexistent,0.19999999999999996,94.869,-42.8,1.851,4708.7
48,admin.,single,university.degree,no,no,no,cellular,nov,thu,361,5,999,0,success,3.1,95.494,-44.4,6.0600000000000005,4891.0
52,admin.,married,basic.4y,no,no,no,cellular,nov,thu,280,5,999,0,success,3.4,95.418,-50.7,6.158,4928.1
38,student,single,university.degree,no,yes,no,cellular,nov,fri,349,6,6,2,success,-1.0,94.213,-41.0,1.918,4723.5
45,admin.,single,university.degree,no,no,no,cellular,nov,fri,428,5,999,0,success,1.9,94.7,-50.0,5.221,4895.8
56,admin.,married,basic.6y,no,yes,no,cellular,nov,mon,228,6,999,0,success,1.9,94.7,-50.0,5.391,4895.8
41,admin.,single,basic.9y,no,no,no,cellular,jun,fri,325,7,999,0,success,3.4,95.965,-49.8,6.159,4928.1
54,admin.,married,university.degree,no,yes,no,cellular,nov,wed,233,5,999,0,nonexistent,3.4,95.965,-49.8,6.159,4928.1
57,admin.,divorced,professional.course,no,yes,yes,cellular,jul,mon,397,9,999,0,success,3.4,95.418,-50.7,6.162,4928.1
50,blue-collar,single,basic.6y,no,no,no,cellular,nov,thu,367,5,999,0,success,1.9,94.7,-50.0,5.276,4895.8
58,admin.,divorced,high.school,no,no,no,cellular,jul,wed,1495,8,999,0,success,3.4,95.418,-50.7,6.163,4928.1
45,admin.,single,university.degree,no,no,no,cellular,nov,thu,394,8,999,0,success,3.4,94.944,-44.1,6.168,4928.1
61,admin.,single,university.degree,no,yes,yes,cellular,nov,tue,383,5,999,0,nonexistent,3.4,95.418,-50.7,6.1610000000000005,4928.1
48,admin.,single,professional.course,no,no,no,cellular,jun,thu,340,5,999,0,success,3.4,95.965,-49.8,6.1610000000000005,4928.1
49,admin.,married,university.degree,no,no,no,cellular,nov,wed,642,6,999,0,nonexistent,-1.4,93.931,-34.9,1.942,4717.5
60,admin.,married,university.degree,no,no,no,cellular,nov,mon,752,5,3,2,success,-1.4,93.879,-37.8,1.9969999999999999,4717.5
47,admin.,single,university.degree,no,yes,no,cellular,nov,fri,341,8,999,0,success,-0.8999999999999999,93.969,-41.6,2.207,4776.2
61,admin.,married,basic.9y,no,no,no,cellular,nov,tue,691,8,999,0,success,3.4,94.944,-44.1,6.165,4928.1
63,admin.,married,high.school,unknown,no,no,cellular,jul,tue,417,5,999,0,success,3.4,95.418,-50.7,6.1610000000000005,4928.1
52,admin.,married,high.school,no,yes,yes,cellular,nov,thu,905,7,999,0,success,0.19999999999999996,94.393,-54.2,2.466,4799.1
52,admin.,married,high.school,no,yes,no,cellular,may,fri,880,6,999,0,nonexistent,3.1,95.494,-44.4,6.064,4891.0
62,admin.,married,basic.4y,unknown,no,no,cellular,nov,tue,264,6,999,0,success,3.4,94.944,-44.1,6.165,4928.1
56,admin.,married,basic.9y,no,no,no,cellular,nov,mon,262,5,999,1,success,-1.4,93.931,-34.9,1.939,4717.5
66,admin.,married,university.degree,no,no,no,cellular,jul,mon,939,7,999,0,success,3.4,95.418,-50.7,6.162,4928.1
65,management,married,professional.course,no,unknown,unknown,cellular,nov,thu,534,6,999,0,success,3.4,95.418,-50.7,6.162,4928.1
71,entrepreneur,married,university.degree,no,yes,no,cellular,nov,wed,1022,6,999,0,success,1.9,94.7,-50.0,5.32,4895.8
62,admin.,divorced,high.school,no,yes,no,telephone,nov,mon,640,6,999,0,success,3.4,95.965,-49.8,6.065,4928.1
54,housemaid,married,basic.4y,no,yes,yes,telephone,nov,fri,269,7,999,0,success,3.1,95.494,-44.4,6.055000000000001,4891.0
68,admin.,married,basic.9y,no,yes,no,cellular,nov,mon,232,5,999,0,success,1.9,94.7,-50.0,5.391,4895.8
79,admin.,married,basic.4y,no,yes,yes,cellular,nov,thu,725,9,999,0,success,-1.0,94.213,-41.0,1.914,4723.5
68,retired,married,basic.4y,unknown,yes,no,cellular,nov,mon,223,5,999,0,success,1.9,94.7,-50.0,5.391,4895.8
61,services,married,high.school,unknown,yes,no,cellular,apr,mon,1499,6,999,0,success,0.19999999999999996,94.575,-55.1,2.605,4799.1
47,admin.,single,university.degree,no,yes,no,cellular,nov,wed,214,6,999,0,success,1.9,94.7,-50.0,5.32,4895.8
60,admin.,married,high.school,no,no,no,cellular,nov,wed,2066,6,999,0,success,0.8999999999999999,95.699,-45.5,2.08,4663.6
62,admin.,divorced,basic.4y,no,no,no,cellular,nov,fri,554,6,999,0,nonexistent,3.1,95.494,-44.4,6.055000000000001,4891.0
71,admin.,divorced,basic.6y,no,no,no,cellular,nov,thu,1225,9,999,0,nonexistent,3.4,95.418,-50.7,6.158,4928.1
58,admin.,divorced,university.degree,no,no,no,cellular,nov,fri,246,7,999,0,nonexistent,3.4,95.965,-49.8,6.167,4928.1
51,admin.,single,university.degree,no,yes,no,cellular,nov,wed,376,5,999,0,success,1.9,94.7,-50.0,5.32,4895.8
52,admin.,divorced,high.school,no,yes,yes,cellular,may,fri,251,6,999,0,success,0.19999999999999996,94.393,-54.2,2.45,4799.1
66,admin.,married,basic.4y,no,yes,yes,cellular,nov,mon,817,5,999,0,nonexistent,3.1,95.494,-44.4,6.058,4891.0
73,unemployed,divorced,high.school,no,no,no,cellular,nov,mon,799,8,999,0,success,3.4,95.418,-50.7,6.162,4928.1
42,admin.,married,high.school,no,no,no,cellular,nov,thu,559,5,999,1,success,0.19999999999999996,94.393,-54.2,2.466,4799.1
52,admin.,single,basic.9y,unknown,no,no,telephone,may,fri,2334,7,999,0,success,3.1,95.494,-44.4,6.059,4891.0
57,admin.,married,basic.9y,no,yes,yes,cellular,nov,fri,257,6,999,0,success,3.1,95.494,-44.4,6.057,4891.0
65,admin.,married,basic.4y,no,yes,no,cellular,nov,wed,350,5,999,0,success,3.4,95.418,-50.7,6.157,4928.1
66,admin.,married,basic.9y,no,no,no,cellular,nov,tue,345,5,999,1,success,1.9,94.7,-50.0,5.353,4895.8
72,admin.,divorced,high.school,no,no,yes,cellular,nov,wed,534,8,999,0,success,-0.8999999999999999,94.463,-48.8,2.46,4776.2
50,technician,single,high.school,unknown,no,no,cellular,nov,fri,2384,5,999,0,success,3.4,94.944,-44.1,6.164000000000001,4928.1
55,admin.,married,basic.6y,unknown,yes,no,cellular,nov,wed,588,5,999,0,nonexistent,3.1,95.494,-44.4,6.057,4891.0
43,admin.,married,basic.9y,no,yes,no,cellular,nov,tue,395,5,999,0,success,0.19999999999999996,94.393,-54.2,2.4909999999999997,4799.1
50,admin.,single,high.school,no,yes,no,cellular,may,wed,277,5,999,1,failure,0.19999999999999996,94.393,-54.2,2.534,4799.1
54,admin.,married,university.degree,no,no,no,cellular,nov,fri,1731,9,999,1,success,0.19999999999999996,94.393,-54.2,2.45,4799.1
63,admin.,married,basic.9y,no,yes,no,cellular,nov,mon,307,6,999,0,nonexistent,3.4,94.944,-44.1,6.165,4928.1
60,admin.,married,basic.4y,no,yes,no,cellular,nov,mon,424,5,999,0,success,0.19999999999999996,94.575,-55.1,2.605,4799.1
55,admin.,married,professional.course,no,no,no,cellular,jul,mon,552,6,999,0,nonexistent,3.4,95.418,-50.7,6.162,4928.1
70,technician,married,professional.course,no,yes,yes,cellular,jun,fri,230,6,999,0,nonexistent,3.4,95.965,-49.8,6.159,4928.1
72,admin.,divorced,university.degree,no,no,no,cellular,nov,tue,183,5,999,0,success,3.1,95.494,-44.4,6.057,4891.0
74,admin.,divorced,high.school,no,no,no,cellular,nov,thu,359,5,999,0,success,3.4,95.965,-49.8,6.158,4928.1
44,admin.,single,high.school,unknown,no,no,cellular,nov,tue,215,6,999,0,success,0.19999999999999996,94.393,-54.2,2.4909999999999997,4799.1
72,admin.,married,basic.4y,unknown,yes,no,cellular,may,mon,660,7,999,0,success,3.1,95.494,-44.4,6.057,4891.0
66,admin.,married,professional.course,unknown,yes,no,cellular,nov,tue,374,6,999,0,success,3.1,95.494,-44.4,6.057,4891.0
61,technician,single,basic.9y,no,yes,no,cellular,nov,thu,422,5,999,0,success,0.19999999999999996,94.575,-55.1,2.635,4799.1
47,student,single,university.degree,no,no,no,cellular,mar,fri,230,15,999,0,success,0.19999999999999996,94.343,-58.0,2.84,4799.1
38,admin.,single,high.school,no,no,no,cellular,may,thu,307,5,999,0,success,0.19999999999999996,94.393,-54.2,2.466,4799.1
46,admin.,married,high.school,no,yes,no,cellular,nov,mon,316,12,999,0,nonexistent,3.4,95.418,-50.7,6.162,4928.1
47,admin.,married,university.degree,no,yes,yes,cellular,aug,mon,248,6,999,0,success,3.4,94.944,-44.1,6.163,4928.1
46,admin.,single,university.degree,no,no,no,cellular,nov,tue,460,6,999,0,nonexistent,3.1,95.494,-44.4,6.057,4891.0
56,services,married,high.school,no,no,no,cellular,nov,fri,955,5,999,0,success,0.19999999999999996,94.575,-55.1,2.605,4799.1
58,admin.,married,basic.4y,unknown,yes,no,cellular,jun,wed,235,6,999,0,success,3.4,95.965,-49.8,6.162,4928.1
62,admin.,married,basic.4y,no,yes,no,cellular,nov,fri,664,5,999,0,success,3.1,95.494,-44.4,6.057,4891.0
68,admin.,married,professional.course,no,no,no,cellular,nov,thu,295,6,999,0,nonexistent,3.4,95.965,-49.8,6.1610000000000005,4928.1
53,admin.,married,basic.9y,unknown,no,no,cellular,nov,fri,1510,5,999,0,success,3.1,95.494,-44.4,6.055000000000001,4891.0
52,admin.,single,high.school,unknown,unknown,unknown,telephone,nov,thu,529,6,999,0,success,3.4,95.965,-49.8,6.158,4928.1
59,admin.,single,university.degree,no,yes,no,telephone,nov,fri,374,6,999,0,success,3.1,95.494,-44.4,6.059,4891.0
71,admin.,married,high.school,unknown,yes,no,cellular,nov,tue,448,5,999,0,success,3.4,94.944,-44.1,6.168,4928.1
49,admin.,divorced,professional.course,no,yes,no,cellular,nov,fri,422,5,999,0,success,3.4,94.944,-44.1,6.164000000000001,4928.1
71,admin.,married,university.degree,no,yes,yes,cellular,nov,tue,385,6,999,0,success,1.9,94.7,-50.0,5.353,4895.8
65,admin.,single,basic.9y,no,no,no,cellular,apr,thu,838,6,999,1,success,0.19999999999999996,94.575,-55.1,2.683,4799.1
50,admin.,single,university.degree,no,unknown,unknown,cellular,nov,mon,226,6,999,1,failure,0.19999999999999996,94.575,-55.1,2.605,4799.1
75,admin.,married,basic.4y,unknown,yes,no,cellular,nov,fri,226,5,999,0,success,-1.4,93.931,-34.9,1.92,4717.5
79,admin.,married,university.degree,no,yes,no,cellular,nov,wed,304,5,999,0,success,0.19999999999999996,94.575,-55.1,2.605,4799.1
57,blue-collar,married,basic.6y,unknown,no,no,telephone,nov,thu,442,5,999,0,success,3.1,95.494,-44.4,6.0600000000000005,4891.0
40,services,single,high.school,no,yes,no,cellular,nov,thu,588,6,999,0,nonexistent,-1.4,93.931,-34.9,1.9329999999999998,4717.5
58,admin.,married,university.degree,no,no,no,cellular,may,fri,352,7,999,0,success,3.1,95.494,-44.4,6.064,4891.0
45,admin.,married,high.school,no,yes,yes,cellular,jul,mon,736,13,999,0,success,3.4,95.418,-50.7,6.16,4928.1
64,admin.,married,basic.4y,unknown,yes,no,cellular,nov,tue,386,5,999,0,success,0.19999999999999996,94.393,-54.2,2.4909999999999997,4799.1
48,admin.,single,basic.9y,no,no,yes,cellular,jul,tue,374,6,999,0,nonexistent,3.4,95.418,-50.7,6.162,4928.1
60,admin.,married,high.school,unknown,yes,yes,telephone,nov,thu,457,6,999,0,success,3.4,94.944,-44.1,6.164000000000001,4928.1
42,admin.,single,basic.9y,no,yes,no,cellular,nov,mon,496,16,999,0,success,3.4,95.965,-49.8,6.16,4928.1
44,admin.,single,university.degree,no,yes,no,cellular,nov,wed,2411,5,999,0,nonexistent,3.1,95.494,-44.4,6.056,4891.0
61,services,married,high.school,no,no,no,cellular,nov,mon,228,5,999,0,success,0.19999999999999996,94.575,-55.1,2.605,4799.1
52,admin.,married,university.degree,no,yes,no,cellular,aug,wed,572,7,999,0,success,3.4,94.944,-44.1,6.164000000000001,4928.1
61,admin.,married,high.school,no,yes,no,telephone,nov,wed,262,7,999,0,success,3.1,95.494,-44.4,6.059,4891.0
47,technician,single,professional.course,no,no,yes,cellular,nov,thu,446,5,999,0,success,3.4,95.418,-50.7,6.168,4928.1
50,admin.,married,professional.course,no,yes,no,cellular,nov,mon,246,6,999,0,success,3.4,94.944,-44.1,6.163,4928.1
42,admin.,single,university.degree,no,yes,no,cellular,nov,mon,725,13,999,0,success,0.19999999999999996,94.393,-54.2,2.5540000000000003,4799.1
38,admin.,single,high.school,no,no,no,cellular,nov,mon,689,5,999,0,success,3.4,95.418,-50.7,6.16,4928.1
47,admin.,single,university.degree,no,yes,yes,cellular,may,wed,271,6,999,1,success,0.19999999999999996,94.393,-54.2,2.481,4799.1
52,admin.,single,university.degree,no,yes,no,cellular,nov,tue,700,5,999,1,success,0.19999999999999996,94.393,-54.2,2.4909999999999997,4799.1
48,admin.,married,high.school,no,no,no,cellular,nov,wed,197,8,999,0,success,3.4,95.965,-49.8,6.162,4928.1
56,admin.,married,basic.6y,no,no,no,cellular,nov,wed,181,6,999,0,success,3.4,95.418,-50.7,6.163,4928.1
39,admin.,married,basic.9y,no,no,yes,cellular,nov,fri,368,6,999,0,success,3.4,95.418,-50.7,6.163,4928.1
50,admin.,single,high.school,no,no,no,cellular,nov,wed,1891,6,999,0,success,3.4,95.965,-49.8,6.064,4928.1
46,admin.,single,high.school,no,no,yes,cellular,jun,fri,298,9,999,0,nonexistent,3.4,95.965,-49.8,6.159,4928.1
40,admin.,single,basic.9y,no,unknown,unknown,cellular,nov,mon,138,6,999,0,success,0.19999999999999996,94.393,-54.2,2.444,4799.1
47,admin.,divorced,professional.course,no,no,no,cellular,nov,thu,556,5,999,0,success,3.1,95.494,-44.4,6.055000000000001,4891.0
72,admin.,married,university.degree,no,yes,no,cellular,nov,tue,248,5,5,2,failure,-0.8999999999999999,93.701,-39.4,2.083,4776.2
70,admin.,married,professional.course,no,yes,no,cellular,nov,tue,619,7,999,0,success,3.4,95.418,-50.7,6.1610000000000005,4928.1
56,admin.,married,basic.9y,no,yes,no,telephone,nov,wed,797,11,999,0,success,3.4,95.965,-49.8,6.162,4928.1
59,admin.,married,basic.9y,unknown,no,no,cellular,nov,fri,764,6,999,0,success,3.1,95.494,-44.4,6.057,4891.0
52,admin.,married,basic.6y,no,yes,no,cellular,nov,mon,799,5,999,0,success,-0.8999999999999999,94.463,-48.8,2.466,4776.2
52,admin.,married,professional.course,unknown,yes,no,cellular,nov,wed,289,5,999,0,success,3.1,95.494,-44.4,6.057,4891.0
43,admin.,married,basic.6y,unknown,no,yes,cellular,nov,thu,241,7,999,0,success,0.19999999999999996,94.393,-54.2,2.466,4799.1
58,admin.,married,university.degree,no,no,no,cellular,nov,thu,435,8,999,0,success,3.4,95.965,-49.8,6.066,4928.1
36,admin.,single,professional.course,no,no,no,cellular,nov,wed,570,5,999,0,success,-1.4,94.149,-38.1,1.916,4717.5
55,admin.,married,basic.9y,unknown,no,no,cellular,may,tue,673,8,999,2,success,0.19999999999999996,94.393,-54.2,2.544,4799.1
46,admin.,single,high.school,no,yes,no,cellular,jul,thu,181,9,999,0,success,3.4,95.418,-50.7,6.168,4928.1
68,admin.,married,basic.4y,no,no,yes,cellular,nov,wed,1043,5,3,1,success,-1.4,94.149,-38.1,1.915,4717.5
51,admin.,married,university.degree,unknown,yes,no,cellular,nov,wed,651,5,999,0,success,3.4,94.944,-44.1,6.165,4928.1
58,admin.,married,high.school,unknown,unknown,unknown,cellular,nov,fri,550,5,999,1,success,0.19999999999999996,94.575,-55.1,2.605,4799.1
48,admin.,married,university.degree,no,yes,no,telephone,jul,fri,165,5,999,0,success,0.30000000000000004,95.715,-48.3,2.022,4691.6
67,admin.,married,professional.course,no,no,no,cellular,nov,fri,259,6,999,0,success,3.4,94.944,-44.1,6.164000000000001,4928.1
41,admin.,single,university.degree,no,yes,no,cellular,nov,wed,527,6,999,0,success,-0.8999999999999999,93.969,-41.6,2.179,4776.2
51,admin.,married,university.degree,no,yes,no,cellular,nov,thu,401,5,999,1,success,-0.8999999999999999,94.463,-48.8,2.46,4776.2
70,admin.,married,university.degree,no,no,no,telephone,nov,tue,347,5,999,0,success,3.4,95.965,-49.8,6.1610000000000005,4928.1
44,admin.,married,high.school,no,no,no,cellular,nov,wed,359,5,999,0,success,1.9,94.7,-50.0,5.32,4895.8
58,admin.,married,university.degree,no,yes,no,cellular,nov,wed,223,5,999,1,success,1.9,94.7,-50.0,5.32,4895.8
48,admin.,married,basic.9y,unknown,yes,no,telephone,may,wed,1670,6,999,0,success,3.1,95.494,-44.4,6.057,4891.0
54,admin.,married,basic.4y,no,yes,no,cellular,apr,mon,878,8,999,0,success,0.19999999999999996,94.575,-55.1,2.605,4799.1
63,admin.,married,basic.9y,no,yes,no,cellular,nov,mon,592,6,999,0,success,3.1,95.494,-44.4,6.057,4891.0
42,admin.,single,university.degree,no,no,no,cellular,nov,mon,370,10,999,1,failure,0.19999999999999996,94.869,-42.8,1.8519999999999999,4708.7
62,admin.,married,professional.course,no,yes,no,cellular,aug,mon,1031,5,999,0,success,3.4,94.944,-44.1,6.17,4928.1
56,blue-collar,married,high.school,no,yes,yes,cellular,jul,thu,554,7,999,0,success,3.4,95.418,-50.7,6.162,4928.1
39,services,single,high.school,no,yes,no,cellular,apr,tue,2989,5,999,1,success,0.19999999999999996,94.575,-55.1,2.623,4799.1
45,admin.,married,high.school,no,yes,no,telephone,nov,thu,401,11,999,0,nonexistent,1.9,94.7,-50.0,5.276,4895.8
43,admin.,single,high.school,no,yes,no,cellular,nov,fri,736,5,999,0,success,0.19999999999999996,94.343,-58.0,2.731,4799.1
46,admin.,married,basic.6y,unknown,yes,yes,cellular,nov,mon,410,5,999,0,success,3.1,95.494,-44.4,6.057,4891.0
67,admin.,married,high.school,unknown,yes,no,cellular,nov,mon,1861,10,999,0,success,3.1,95.494,-44.4,6.058,4891.0
53,admin.,divorced,high.school,no,yes,no,cellular,nov,wed,318,5,999,1,success,1.9,94.7,-50.0,5.32,4895.8
59,admin.,married,high.school,no,no,no,cellular,nov,mon,143,9,999,0,success,3.1,95.494,-44.4,6.057,4891.0
68,admin.,married,basic.4y,unknown,no,no,cellular,nov,fri,374,5,999,0,success,3.1,95.494,-44.4,6.059,4891.0
39,admin.,single,basic.4y,no,unknown,unknown,cellular,nov,fri,534,5,999,0,success,3.4,95.418,-50.7,6.163,4928.1
47,admin.,unknown,university.degree,no,no,no,telephone,nov,fri,1231,8,999,0,success,3.1,95.494,-44.4,6.055000000000001,4891.0
64,admin.,married,basic.4y,no,no,no,cellular,nov,mon,809,5,999,0,success,0.19999999999999996,94.575,-55.1,2.605,4799.1
54,services,divorced,professional.course,no,yes,yes,cellular,nov,tue,529,5,999,0,nonexistent,0.19999999999999996,94.393,-54.2,2.544,4799.1
43,admin.,single,university.degree,no,yes,no,cellular,nov,tue,212,5,999,0,success,3.1,95.494,-44.4,6.056,4891.0
51,admin.,divorced,high.school,no,no,no,cellular,nov,tue,161,5,999,1,success,0.19999999999999996,94.393,-54.2,2.4909999999999997,4799.1
49,admin.,married,basic.9y,no,yes,yes,cellular,nov,mon,957,7,999,0,success,3.4,95.418,-50.7,6.162,4928.1
71,admin.,married,professional.course,unknown,no,yes,cellular,nov,fri,422,8,999,0,success,3.4,95.965,-49.8,6.167,4928.1
61,admin.,divorced,university.degree,no,yes,yes,cellular,nov,wed,451,6,999,1,success,1.9,94.7,-50.0,5.32,4895.8
57,admin.,divorced,basic.9y,no,yes,yes,cellular,nov,mon,392,7,999,1,success,1.9,94.7,-50.0,5.391,4895.8
54,services,married,high.school,unknown,yes,yes,cellular,may,fri,154,10,999,0,success,0.19999999999999996,94.393,-54.2,2.513,4799.1
48,admin.,married,university.degree,no,yes,no,cellular,nov,mon,1452,5,3,2,success,0.19999999999999996,95.376,-48.0,1.885,4708.7
46,admin.,single,high.school,no,yes,no,cellular,nov,wed,579,5,999,0,success,3.4,95.418,-50.7,6.157,4928.1
42,admin.,single,high.school,unknown,yes,no,cellular,may,tue,358,7,999,0,success,0.19999999999999996,94.393,-54.2,2.4909999999999997,4799.1
58,admin.,single,high.school,no,yes,no,cellular,nov,fri,723,5,999,0,success,3.4,95.418,-50.7,6.162,4928.1
50,services,divorced,high.school,no,no,no,cellular,nov,thu,858,5,999,0,success,1.9,94.7,-50.0,5.276,4895.8
69,admin.,married,basic.4y,unknown,no,no,cellular,nov,mon,413,7,999,0,nonexistent,3.4,95.418,-50.7,6.162,4928.1
57,admin.,married,unknown,no,yes,no,telephone,nov,tue,187,5,999,0,success,3.1,95.494,-44.4,6.056,4891.0
53,admin.,single,high.school,no,no,no,cellular,nov,fri,410,5,999,1,success,0.19999999999999996,94.575,-55.1,2.605,4799.1
65,admin.,married,basic.9y,no,yes,no,cellular,nov,fri,3203,5,999,0,success,3.1,95.494,-44.4,6.055000000000001,4891.0
66,admin.,married,professional.course,no,no,no,cellular,aug,mon,250,5,999,0,success,3.4,94.944,-44.1,6.17,4928.1
44,technician,single,professional.course,unknown,no,no,cellular,nov,thu,674,5,999,0,nonexistent,1.9,94.7,-50.0,5.276,4895.8
51,admin.,married,professional.course,no,no,no,cellular,nov,wed,563,8,999,0,success,3.1,95.494,-44.4,6.059,4891.0
41,admin.,married,university.degree,no,no,no,cellular,nov,thu,271,8,999,0,success,0.19999999999999996,94.393,-54.2,2.466,4799.1
55,admin.,married,basic.6y,no,no,yes,cellular,may,tue,280,6,999,0,success,3.1,95.494,-44.4,6.057,4891.0
46,admin.,divorced,professional.course,no,yes,no,cellular,nov,fri,431,5,999,0,success,3.4,94.944,-44.1,6.164000000000001,4928.1
56,admin.,divorced,basic.9y,no,yes,no,cellular,nov,mon,682,5,999,0,success,3.4,95.965,-49.8,6.065,4928.1
64,blue-collar,married,basic.4y,no,yes,no,cellular,aug,wed,736,5,999,0,success,3.4,94.944,-44.1,6.165,4928.1
69,admin.,married,professional.course,no,no,yes,cellular,nov,fri,190,7,999,0,success,3.4,95.418,-50.7,6.162,4928.1
50,blue-collar,married,basic.4y,no,yes,no,cellular,nov,fri,453,8,999,0,success,3.1,95.494,-44.4,6.057,4891.0
47,admin.,married,university.degree,no,no,yes,cellular,nov,thu,374,5,999,0,nonexistent,3.1,95.494,-44.4,6.055000000000001,4891.0
73,retired,married,basic.4y,unknown,yes,no,cellular,nov,mon,210,5,999,0,success,3.4,95.965,-49.8,6.147,4928.1
54,blue-collar,married,basic.9y,no,yes,no,cellular,jul,thu,255,5,999,0,success,3.4,95.418,-50.7,6.163,4928.1
100,admin.,single,professional.course,no,no,no,cellular,nov,fri,329,11,7,2,success,0.19999999999999996,94.869,-42.8,1.853,4708.7
57,blue-collar,married,basic.4y,unknown,yes,no,cellular,may,thu,408,7,999,0,success,3.1,95.494,-44.4,6.055000000000001,4891.0
48,admin.,married,university.degree,no,no,no,cellular,nov,tue,437,7,999,0,success,3.4,95.965,-49.8,6.1610000000000005,4928.1
59,admin.,married,high.school,no,no,no,cellular,nov,fri,356,5,999,1,success,0.19999999999999996,94.393,-54.2,2.513,4799.1
52,admin.,married,university.degree,no,yes,no,cellular,nov,fri,635,6,999,1,success,0.19999999999999996,94.393,-54.2,2.513,4799.1
50,admin.,married,high.school,no,yes,no,cellular,nov,wed,2262,5,999,0,success,0.19999999999999996,94.575,-55.1,2.645,4799.1
45,admin.,single,professional.course,no,no,no,cellular,nov,thu,237,5,999,0,nonexistent,3.4,94.944,-44.1,6.163,4928.1
42,self-employed,single,university.degree,no,unknown,unknown,cellular,nov,mon,354,6,999,1,success,-0.8999999999999999,93.701,-39.4,2.061,4776.2
50,technician,single,professional.course,no,no,no,cellular,nov,mon,386,5,999,0,nonexistent,3.4,94.944,-44.1,6.17,4928.1
49,admin.,married,university.degree,no,yes,yes,cellular,jun,wed,466,5,999,0,success,-0.8999999999999999,94.463,-48.8,2.46,4776.2
53,admin.,married,university.degree,no,yes,yes,cellular,nov,wed,361,5,999,1,success,0.19999999999999996,94.393,-54.2,2.481,4799.1
50,admin.,married,unknown,unknown,yes,no,cellular,nov,tue,696,5,999,0,success,3.4,95.965,-49.8,6.064,4928.1
68,admin.,married,university.degree,no,yes,no,cellular,nov,mon,696,7,999,0,success,3.4,95.418,-50.7,6.162,4928.1
48,admin.,married,professional.course,no,yes,no,cellular,nov,mon,318,5,999,0,success,0.19999999999999996,94.393,-54.2,2.444,4799.1
57,admin.,married,university.degree,unknown,yes,no,cellular,nov,mon,385,5,999,0,success,3.4,94.944,-44.1,6.163,4928.1
73,admin.,married,basic.4y,unknown,no,no,cellular,may,fri,1742,5,999,0,success,0.19999999999999996,94.393,-54.2,2.45,4799.1
42,admin.,single,university.degree,no,yes,no,cellular,nov,thu,1465,5,999,0,success,3.4,95.418,-50.7,6.158,4928.1
73,admin.,married,basic.4y,no,no,no,cellular,nov,thu,700,6,999,0,nonexistent,3.4,95.965,-49.8,6.155,4928.1
55,admin.,married,basic.6y,unknown,yes,no,cellular,nov,mon,507,6,999,0,success,3.1,95.494,-44.4,6.057,4891.0
57,blue-collar,married,professional.course,no,yes,no,telephone,nov,mon,455,5,999,0,success,3.1,95.494,-44.4,6.057,4891.0
43,admin.,married,basic.4y,unknown,no,yes,cellular,nov,thu,172,12,999,0,success,3.4,95.418,-50.7,6.168,4928.1
40,admin.,single,high.school,no,yes,no,cellular,nov,tue,215,5,999,0,success,3.4,95.418,-50.7,6.1610000000000005,4928.1
58,admin.,single,high.school,unknown,no,no,cellular,nov,wed,262,5,999,1,success,0.19999999999999996,94.393,-54.2,2.481,4799.1
37,admin.,single,high.school,no,yes,yes,cellular,nov,mon,1501,16,999,0,success,3.4,95.418,-50.7,6.162,4928.1
55,admin.,married,professional.course,no,yes,no,cellular,aug,thu,376,12,999,0,success,3.4,94.944,-44.1,6.162,4928.1
65,blue-collar,divorced,basic.6y,no,yes,no,cellular,nov,mon,268,5,999,0,success,0.19999999999999996,94.393,-54.2,2.4989999999999997,4799.1
48,services,single,high.school,no,unknown,unknown,cellular,nov,fri,608,5,999,0,nonexistent,3.1,95.494,-44.4,6.057,4891.0
56,admin.,married,professional.course,no,yes,no,cellular,nov,wed,271,6,999,0,success,3.4,94.944,-44.1,6.164000000000001,4928.1
46,admin.,single,university.degree,no,yes,no,cellular,nov,tue,350,9,999,0,nonexistent,3.4,94.944,-44.1,6.166,4928.1
71,admin.,married,university.degree,no,no,no,cellular,nov,mon,417,6,999,0,success,3.4,94.944,-44.1,6.165,4928.1
66,technician,married,professional.course,no,no,yes,telephone,nov,tue,250,7,999,0,nonexistent,3.4,95.965,-49.8,6.064,4928.1
68,services,married,high.school,no,no,no,telephone,nov,mon,725,7,999,0,nonexistent,3.4,95.418,-50.7,6.16,4928.1
44,technician,single,professional.course,unknown,no,no,cellular,nov,mon,206,5,999,0,nonexistent,3.4,94.944,-44.1,6.165,4928.1
54,admin.,single,basic.4y,no,yes,no,cellular,nov,tue,367,7,999,0,success,0.19999999999999996,94.343,-58.0,2.887,4799.1
65,admin.,unknown,basic.6y,no,no,no,cellular,may,tue,836,7,999,0,success,3.1,95.494,-44.4,6.057,4891.0
54,admin.,married,basic.9y,unknown,no,no,cellular,may,tue,1027,8,999,0,nonexistent,3.1,95.494,-44.4,6.056,4891.0
72,admin.,married,high.school,no,yes,no,cellular,apr,tue,320,5,999,0,success,0.19999999999999996,94.575,-55.1,2.623,4799.1
61,admin.,married,professional.course,no,no,no,cellular,nov,fri,188,6,999,0,success,1.9,94.7,-50.0,5.221,4895.8
47,blue-collar,single,basic.9y,no,no,no,telephone,nov,tue,340,11,999,0,success,3.1,95.494,-44.4,6.056,4891.0
47,admin.,married,basic.9y,no,yes,no,cellular,nov,mon,592,6,999,0,success,3.1,95.494,-44.4,6.057,4891.0
58,technician,married,basic.9y,no,no,yes,cellular,nov,wed,595,9,999,0,success,3.4,95.418,-50.7,6.157,4928.1
51,admin.,married,high.school,no,no,no,cellular,may,mon,466,5,999,0,success,3.1,95.494,-44.4,6.058,4891.0
57,admin.,divorced,basic.4y,no,yes,no,cellular,nov,wed,611,5,999,0,success,3.1,95.494,-44.4,6.058,4891.0
69,admin.,married,basic.4y,unknown,yes,no,cellular,nov,wed,251,5,999,0,success,3.4,94.944,-44.1,6.165,4928.1
64,admin.,divorced,basic.4y,no,no,no,cellular,jun,fri,325,8,999,0,success,3.4,95.965,-49.8,6.147,4928.1
46,admin.,single,professional.course,no,no,no,cellular,nov,tue,156,16,999,0,success,3.1,95.494,-44.4,6.056,4891.0
65,admin.,divorced,university.degree,no,yes,no,cellular,nov,fri,246,5,999,0,nonexistent,1.9,94.7,-50.0,5.221,4895.8
49,admin.,married,university.degree,no,yes,yes,cellular,nov,mon,385,10,999,0,success,3.1,95.494,-44.4,6.057,4891.0
64,admin.,divorced,professional.course,no,yes,no,cellular,nov,mon,140,14,999,0,success,0.19999999999999996,94.393,-54.2,2.444,4799.1
61,admin.,married,high.school,no,yes,yes,cellular,oct,wed,388,5,999,0,success,-1.4,93.931,-34.9,1.924,4717.5
67,retired,married,basic.9y,unknown,no,no,cellular,nov,thu,284,11,999,0,success,3.1,95.494,-44.4,6.0600000000000005,4891.0
45,admin.,married,university.degree,unknown,no,no,cellular,nov,tue,341,5,999,0,success,3.1,95.494,-44.4,6.056,4891.0
45,admin.,married,high.school,no,no,no,cellular,nov,tue,376,5,999,0,success,3.4,94.944,-44.1,6.163,4928.1
46,admin.,married,basic.9y,no,yes,yes,cellular,may,tue,179,7,999,0,success,0.19999999999999996,94.393,-54.2,2.4909999999999997,4799.1
67,admin.,divorced,basic.4y,unknown,yes,yes,cellular,jun,thu,167,6,999,0,success,3.4,95.965,-49.8,6.1610000000000005,4928.1
45,management,single,high.school,no,no,yes,cellular,nov,tue,331,6,999,0,success,1.9,94.7,-50.0,5.353,4895.8
56,admin.,divorced,basic.9y,unknown,yes,no,cellular,may,thu,457,5,999,0,nonexistent,3.1,95.494,-44.4,6.0600000000000005,4891.0
51,admin.,divorced,basic.9y,no,no,no,cellular,nov,wed,701,6,999,0,success,0.19999999999999996,94.393,-54.2,2.481,4799.1
47,admin.,married,high.school,no,yes,no,cellular,nov,tue,705,6,999,0,success,0.19999999999999996,94.393,-54.2,2.4909999999999997,4799.1
51,admin.,single,professional.course,unknown,yes,no,cellular,apr,mon,1079,5,999,0,success,0.19999999999999996,94.575,-55.1,2.605,4799.1
49,admin.,single,university.degree,no,no,no,cellular,nov,fri,379,5,999,0,success,-1.4,93.931,-34.9,1.92,4717.5
46,admin.,married,high.school,no,no,no,cellular,nov,wed,730,5,999,0,success,0.19999999999999996,94.393,-54.2,2.534,4799.1
63,admin.,married,high.school,unknown,no,no,cellular,nov,mon,460,6,999,0,nonexistent,3.4,95.965,-49.8,6.16,4928.1
48,management,married,university.degree,no,yes,no,cellular,nov,thu,446,5,999,0,success,0.19999999999999996,94.343,-58.0,2.957,4799.1
67,admin.,married,university.degree,unknown,no,yes,cellular,nov,fri,332,6,999,0,success,3.4,95.418,-50.7,6.163,4928.1
46,admin.,single,high.school,unknown,no,no,cellular,aug,wed,307,9,999,0,success,3.4,94.944,-44.1,6.165,4928.1
67,admin.,married,high.school,no,yes,no,cellular,nov,wed,1074,6,999,0,success,3.1,95.494,-44.4,6.056,4891.0
51,admin.,single,basic.9y,no,no,no,cellular,nov,fri,197,6,999,0,success,3.4,95.965,-49.8,6.159,4928.1
53,admin.,single,basic.9y,no,no,no,cellular,nov,wed,1297,6,999,1,success,0.19999999999999996,94.393,-54.2,2.481,4799.1
43,admin.,single,university.degree,no,no,yes,cellular,nov,fri,289,6,999,0,success,3.4,95.418,-50.7,6.163,4928.1
38,admin.,married,basic.9y,no,no,no,cellular,nov,fri,2179,7,999,0,success,3.1,95.494,-44.4,6.059,4891.0
44,admin.,single,university.degree,no,no,no,cellular,nov,thu,196,5,999,0,success,3.4,95.418,-50.7,6.166,4928.1
36,admin.,single,high.school,no,yes,no,cellular,nov,wed,340,5,999,0,success,0.19999999999999996,94.575,-55.1,2.615,4799.1
66,admin.,married,basic.9y,no,no,no,cellular,nov,wed,282,5,999,0,success,3.4,94.944,-44.1,6.167,4928.1
64,admin.,married,basic.4y,unknown,yes,no,cellular,nov,fri,658,5,999,0,success,3.1,95.494,-44.4,6.057,4891.0
51,admin.,married,high.school,no,yes,no,telephone,nov,wed,217,5,999,0,success,3.1,95.494,-44.4,6.057,4891.0
45,admin.,single,university.degree,no,yes,no,cellular,nov,tue,440,6,999,0,success,3.1,95.494,-44.4,6.056,4891.0
63,admin.,married,basic.6y,no,yes,no,cellular,nov,thu,1099,8,999,0,success,3.1,95.494,-44.4,6.0600000000000005,4891.0
66,admin.,married,basic.9y,unknown,no,no,cellular,nov,fri,1094,6,999,1,success,0.19999999999999996,94.575,-55.1,2.605,4799.1
67,admin.,married,unknown,no,no,no,cellular,nov,tue,295,9,999,0,success,-1.4,93.879,-37.8,2.019,4717.5
55,admin.,divorced,basic.9y,no,no,no,cellular,nov,tue,367,5,999,0,nonexistent,1.9,94.7,-50.0,5.353,4895.8
60,admin.,married,university.degree,unknown,yes,no,cellular,nov,wed,620,11,999,0,success,1.9,94.7,-50.0,5.32,4895.8
74,admin.,married,basic.4y,unknown,yes,no,cellular,nov,wed,320,5,999,0,success,3.4,94.944,-44.1,6.167,4928.1
55,admin.,married,unknown,unknown,no,no,cellular,nov,wed,518,5,999,0,success,3.1,95.494,-44.4,6.059,4891.0
40,admin.,single,unknown,no,yes,no,cellular,nov,tue,397,6,3,3,success,0.30000000000000004,95.555,-47.8,1.902,4691.6
57,admin.,married,basic.9y,unknown,no,no,cellular,nov,tue,478,5,999,0,success,3.1,95.494,-44.4,6.057,4891.0
57,admin.,married,basic.4y,no,yes,no,cellular,nov,mon,354,5,999,0,success,3.1,95.494,-44.4,6.057,4891.0
72,admin.,single,high.school,no,no,no,cellular,nov,wed,1747,8,999,0,success,3.4,95.965,-49.8,6.159,4928.1
50,admin.,divorced,high.school,no,yes,no,cellular,nov,tue,570,6,999,0,nonexistent,1.9,94.7,-50.0,5.353,4895.8
43,admin.,single,high.school,no,yes,no,cellular,aug,wed,458,5,999,0,nonexistent,-0.8999999999999999,93.701,-39.4,2.0789999999999997,4776.2
64,admin.,divorced,unknown,no,no,no,cellular,nov,wed,194,5,999,0,success,3.4,95.965,-49.8,6.159,4928.1
67,admin.,married,professional.course,unknown,yes,no,cellular,nov,wed,916,6,999,1,success,1.9,94.7,-50.0,5.32,4895.8
62,technician,divorced,university.degree,no,no,no,cellular,apr,fri,215,5,999,0,nonexistent,0.19999999999999996,94.575,-55.1,2.605,4799.1
44,admin.,single,professional.course,no,yes,no,cellular,nov,tue,410,6,999,0,success,-0.8999999999999999,94.463,-48.8,2.452,4776.2
44,admin.,married,basic.9y,unknown,yes,no,cellular,nov,wed,458,5,999,0,nonexistent,3.4,95.418,-50.7,6.157,4928.1
40,admin.,single,professional.course,no,yes,no,cellular,nov,thu,541,5,999,0,success,3.4,95.418,-50.7,6.163,4928.1
50,admin.,married,university.degree,no,no,no,cellular,nov,wed,788,5,999,1,success,-1.4,93.931,-34.9,1.94,4717.5
51,technician,married,unknown,unknown,yes,no,cellular,nov,mon,266,5,999,0,success,3.4,95.418,-50.7,6.16,4928.1
90,admin.,divorced,basic.4y,unknown,yes,no,cellular,nov,thu,1024,5,999,0,success,-1.4,93.931,-34.9,1.954,4717.5
86,retired,married,basic.4y,no,no,no,cellular,nov,thu,570,6,999,2,failure,-1.4,93.931,-34.9,1.954,4717.5
62,admin.,married,university.degree,no,yes,no,cellular,nov,wed,341,5,999,0,success,-0.8999999999999999,93.969,-41.6,2.229,4776.2
47,admin.,single,high.school,no,yes,no,cellular,nov,tue,471,6,999,0,success,3.4,94.944,-44.1,6.168,4928.1
42,admin.,single,professional.course,no,yes,no,cellular,nov,wed,304,6,999,0,success,0.19999999999999996,94.393,-54.2,2.481,4799.1
57,admin.,married,basic.4y,unknown,yes,yes,cellular,may,thu,185,7,999,0,nonexistent,0.19999999999999996,94.393,-54.2,2.527,4799.1
56,admin.,married,professional.course,no,no,no,cellular,nov,thu,215,7,999,0,success,3.1,95.494,-44.4,6.0600000000000005,4891.0
71,admin.,married,basic.4y,no,no,no,cellular,nov,wed,446,6,9,2,success,0.19999999999999996,94.869,-42.8,1.8439999999999999,4708.7
41,admin.,single,high.school,no,no,no,cellular,nov,thu,554,8,999,0,success,3.4,95.418,-50.7,6.163,4928.1
50,admin.,married,high.school,no,no,no,cellular,apr,mon,527,6,999,0,success,0.19999999999999996,94.575,-55.1,2.605,4799.1
71,admin.,divorced,basic.4y,no,no,no,cellular,nov,thu,361,5,999,0,nonexistent,-1.4,94.149,-38.1,1.914,4717.5
50,technician,married,professional.course,no,yes,no,cellular,nov,thu,822,6,999,0,success,0.8999999999999999,95.699,-45.5,2.078,4663.6
43,admin.,single,high.school,no,yes,no,cellular,jul,thu,264,5,999,0,success,3.4,95.418,-50.7,6.158,4928.1
64,admin.,married,university.degree,no,no,yes,cellular,nov,tue,453,5,999,0,nonexistent,-1.4,94.149,-38.1,1.915,4717.5
48,admin.,single,professional.course,no,yes,no,cellular,nov,fri,831,5,999,0,success,0.8999999999999999,95.699,-45.5,2.0789999999999997,4663.6
45,technician,single,professional.course,no,no,no,cellular,nov,fri,251,6,999,0,success,0.19999999999999996,94.575,-55.1,2.605,4799.1
67,admin.,divorced,university.degree,unknown,no,no,cellular,nov,fri,341,5,999,0,nonexistent,1.9,94.7,-50.0,5.221,4895.8
57,admin.,married,high.school,no,yes,no,cellular,nov,thu,1022,5,999,0,success,0.19999999999999996,94.575,-55.1,2.565,4799.1
67,admin.,married,university.degree,no,no,no,cellular,nov,thu,1223,5,3,2,success,0.19999999999999996,95.376,-48.0,1.877,4708.7
69,admin.,divorced,high.school,no,no,no,cellular,nov,fri,143,10,999,0,success,1.9,94.7,-50.0,5.221,4895.8
48,admin.,married,university.degree,no,yes,no,cellular,nov,tue,1315,7,999,0,success,3.4,94.944,-44.1,6.166,4928.1
69,admin.,married,university.degree,no,no,no,cellular,nov,mon,440,5,999,0,success,1.9,94.7,-50.0,5.391,4895.8
60,admin.,married,basic.6y,unknown,no,no,cellular,may,fri,480,5,999,0,success,3.1,95.494,-44.4,6.057,4891.0
63,admin.,married,basic.4y,unknown,yes,no,cellular,nov,mon,230,6,999,0,success,3.4,95.965,-49.8,6.1610000000000005,4928.1
45,admin.,married,university.degree,no,no,no,cellular,nov,thu,1976,10,999,0,success,1.9,94.7,-50.0,5.276,4895.8
47,admin.,single,university.degree,no,yes,yes,cellular,nov,mon,1034,7,999,0,success,3.4,94.944,-44.1,6.165,4928.1
65,admin.,married,university.degree,no,unknown,unknown,cellular,nov,tue,313,6,999,0,success,3.4,94.944,-44.1,6.165,4928.1
44,admin.,single,university.degree,no,no,no,cellular,nov,mon,316,6,999,0,success,3.4,95.965,-49.8,6.16,4928.1
65,retired,married,university.degree,no,no,no,cellular,nov,fri,350,7,999,0,success,1.9,94.7,-50.0,5.221,4895.8
59,admin.,married,university.degree,no,yes,no,cellular,nov,tue,626,6,999,0,success,0.19999999999999996,94.393,-54.2,2.544,4799.1
44,admin.,married,high.school,no,yes,no,cellular,nov,tue,291,8,999,0,success,3.1,95.494,-44.4,6.057,4891.0
43,self-employed,single,university.degree,no,yes,no,cellular,nov,mon,457,5,999,0,success,0.19999999999999996,94.575,-55.1,2.605,4799.1
58,technician,single,professional.course,no,yes,no,cellular,nov,mon,455,6,999,0,success,3.1,95.494,-44.4,6.057,4891.0
51,admin.,married,basic.4y,no,no,no,cellular,nov,mon,592,8,999,0,success,3.4,95.418,-50.7,6.162,4928.1
48,admin.,married,basic.9y,no,yes,no,cellular,nov,thu,282,13,999,0,success,3.4,95.418,-50.7,6.163,4928.1
51,blue-collar,married,unknown,unknown,no,no,cellular,nov,thu,534,11,999,0,success,3.1,95.494,-44.4,6.0600000000000005,4891.0
48,admin.,single,university.degree,no,no,no,telephone,nov,thu,320,5,999,0,nonexistent,3.4,95.965,-49.8,6.1610000000000005,4928.1
60,admin.,divorced,university.degree,no,no,no,cellular,nov,fri,952,8,999,0,success,0.19999999999999996,94.393,-54.2,2.45,4799.1
53,admin.,married,professional.course,no,no,no,cellular,nov,thu,239,7,999,0,nonexistent,0.19999999999999996,94.343,-58.0,2.957,4799.1
51,management,married,university.degree,no,no,no,cellular,nov,tue,1681,5,3,2,success,0.30000000000000004,95.555,-47.8,1.9369999999999998,4691.6
57,admin.,married,university.degree,no,no,yes,cellular,jul,thu,237,6,999,0,success,3.4,95.418,-50.7,6.168,4928.1
68,admin.,single,basic.6y,no,yes,yes,cellular,nov,mon,386,6,999,0,success,3.1,95.494,-44.4,6.057,4891.0
63,admin.,single,basic.4y,unknown,yes,yes,cellular,nov,thu,311,6,999,0,success,0.19999999999999996,94.393,-54.2,2.466,4799.1
47,admin.,single,university.degree,no,no,no,cellular,nov,wed,354,7,999,0,success,3.4,94.944,-44.1,6.167,4928.1
54,admin.,married,university.degree,no,no,no,cellular,nov,mon,896,6,999,0,success,3.1,95.494,-44.4,6.057,4891.0
55,admin.,single,university.degree,no,yes,no,cellular,nov,fri,170,7,999,0,success,3.1,95.494,-44.4,6.064,4891.0
60,admin.,divorced,high.school,no,no,no,cellular,nov,mon,660,5,999,0,success,3.4,95.418,-50.7,6.162,4928.1
49,management,single,university.degree,no,no,yes,cellular,nov,wed,399,5,999,0,success,0.19999999999999996,94.393,-54.2,2.481,4799.1
58,admin.,married,high.school,no,yes,no,cellular,nov,thu,241,5,999,0,success,3.1,95.494,-44.4,6.055000000000001,4891.0
46,admin.,married,high.school,no,yes,yes,cellular,nov,tue,737,6,999,0,success,3.4,95.965,-49.8,6.1610000000000005,4928.1
60,admin.,married,basic.4y,no,no,no,cellular,nov,thu,415,5,999,0,nonexistent,3.1,95.494,-44.4,6.0600000000000005,4891.0
55,admin.,single,basic.6y,unknown,yes,no,cellular,nov,fri,399,7,999,1,success,0.19999999999999996,94.575,-55.1,2.605,4799.1
49,admin.,single,professional.course,no,yes,yes,cellular,nov,thu,865,6,999,0,success,3.4,94.944,-44.1,6.168,4928.1
42,admin.,single,high.school,no,yes,no,cellular,nov,thu,552,5,999,0,success,0.19999999999999996,94.393,-54.2,2.527,4799.1
72,admin.,married,university.degree,no,no,no,cellular,nov,thu,683,5,999,0,success,3.4,95.418,-50.7,6.162,4928.1
55,admin.,married,university.degree,unknown,yes,yes,cellular,nov,mon,489,6,999,0,success,1.9,94.7,-50.0,5.391,4895.8
47,admin.,married,basic.9y,no,yes,yes,cellular,nov,wed,318,8,999,0,nonexistent,0.19999999999999996,94.393,-54.2,2.481,4799.1
68,admin.,married,basic.6y,unknown,yes,no,telephone,nov,wed,394,10,999,0,success,3.4,95.965,-49.8,6.064,4928.1
44,admin.,single,university.degree,no,yes,no,cellular,jun,tue,350,5,999,0,success,-0.8999999999999999,94.463,-48.8,2.4619999999999997,4776.2
42,admin.,single,university.degree,no,yes,no,cellular,nov,wed,2131,6,999,0,success,-0.8999999999999999,93.701,-39.4,2.0789999999999997,4776.2
52,admin.,single,high.school,no,yes,no,cellular,nov,tue,811,5,999,0,success,3.4,95.965,-49.8,6.064,4928.1
53,admin.,single,university.degree,no,yes,no,cellular,nov,mon,320,6,999,0,success,0.19999999999999996,94.343,-58.0,3.011,4799.1
50,admin.,married,basic.9y,no,yes,no,cellular,nov,tue,426,7,999,0,nonexistent,3.4,95.965,-49.8,6.064,4928.1
61,admin.,married,basic.6y,no,no,no,cellular,nov,tue,178,7,999,0,success,3.4,95.965,-49.8,6.158,4928.1
64,services,married,high.school,no,no,no,cellular,nov,mon,1137,5,999,0,success,3.4,94.944,-44.1,6.165,4928.1
58,blue-collar,married,basic.9y,no,no,no,cellular,nov,thu,754,5,999,0,success,0.19999999999999996,94.393,-54.2,2.527,4799.1
94,retired,married,basic.4y,no,no,yes,cellular,nov,tue,662,6,3,1,success,-1.4,94.149,-38.1,1.915,4717.5
50,admin.,single,university.degree,no,yes,no,cellular,nov,wed,368,6,999,0,success,0.19999999999999996,94.393,-54.2,2.4699999999999998,4799.1
40,admin.,single,high.school,no,yes,no,cellular,nov,fri,370,7,999,0,success,3.1,95.494,-44.4,6.064,4891.0
51,admin.,married,university.degree,no,yes,no,cellular,nov,thu,1866,5,999,1,success,0.19999999999999996,94.575,-55.1,2.565,4799.1
57,admin.,married,university.degree,no,no,no,cellular,nov,mon,163,16,999,0,success,3.4,95.418,-50.7,6.162,4928.1
48,admin.,married,professional.course,no,yes,no,cellular,aug,mon,880,9,999,0,success,3.4,94.944,-44.1,6.165,4928.1
49,admin.,married,professional.course,no,yes,no,cellular,nov,mon,215,6,999,1,success,-1.4,94.149,-38.1,1.922,4717.5
39,admin.,single,university.degree,no,yes,yes,cellular,nov,fri,302,9,6,2,success,0.30000000000000004,95.527,-46.3,2.105,4691.6
59,admin.,married,basic.9y,no,no,no,telephone,nov,fri,136,12,999,0,success,3.4,95.965,-49.8,6.159,4928.1
71,admin.,married,basic.9y,unknown,no,no,cellular,nov,wed,660,7,999,0,nonexistent,3.1,95.494,-44.4,6.057,4891.0
57,admin.,divorced,basic.9y,no,yes,no,cellular,nov,mon,464,6,999,0,success,1.9,94.7,-50.0,5.391,4895.8
51,technician,married,professional.course,no,no,yes,cellular,nov,fri,550,6,999,0,success,0.19999999999999996,94.575,-55.1,2.605,4799.1
55,admin.,married,basic.6y,unknown,yes,no,cellular,nov,fri,2064,5,999,0,nonexistent,0.19999999999999996,94.393,-54.2,2.513,4799.1
90,admin.,married,university.degree,no,yes,no,cellular,nov,thu,532,5,999,2,success,0.30000000000000004,95.715,-48.3,2.01,4691.6
88,admin.,married,basic.4y,no,yes,no,cellular,nov,tue,669,5,999,0,success,0.30000000000000004,95.715,-48.3,2.035,4691.6
56,admin.,married,basic.9y,no,yes,no,telephone,jun,fri,673,5,999,0,success,3.4,95.965,-49.8,6.167,4928.1
51,admin.,single,university.degree,no,no,no,cellular,nov,wed,388,5,999,0,nonexistent,1.9,94.7,-50.0,5.32,4895.8
65,admin.,single,high.school,no,no,no,cellular,nov,mon,412,7,999,0,success,3.4,95.965,-49.8,6.16,4928.1
50,admin.,married,basic.9y,no,yes,no,cellular,nov,wed,876,5,999,0,success,3.1,95.494,-44.4,6.058,4891.0
40,admin.,single,professional.course,no,yes,no,cellular,apr,wed,325,5,999,0,nonexistent,0.19999999999999996,94.575,-55.1,2.645,4799.1
68,admin.,married,basic.6y,unknown,yes,no,cellular,nov,tue,1331,8,999,0,success,0.19999999999999996,94.393,-54.2,2.4909999999999997,4799.1
73,admin.,divorced,high.school,no,yes,no,cellular,nov,mon,255,6,999,0,success,0.19999999999999996,94.575,-55.1,2.666,4799.1
38,admin.,married,high.school,no,yes,no,cellular,may,fri,210,9,999,0,success,0.19999999999999996,94.393,-54.2,2.45,4799.1
56,admin.,married,high.school,no,no,no,cellular,nov,thu,230,8,999,0,success,3.4,95.418,-50.7,6.163,4928.1
72,admin.,married,basic.4y,no,yes,no,cellular,jul,wed,449,7,999,0,success,0.30000000000000004,95.715,-48.3,2.002,4691.6
52,admin.,single,unknown,no,no,yes,cellular,nov,fri,1207,5,999,0,success,-0.8999999999999999,94.463,-48.8,2.468,4776.2
58,admin.,married,high.school,no,no,no,cellular,jul,mon,194,6,999,0,success,3.4,95.418,-50.7,6.162,4928.1
59,admin.,married,unknown,no,no,no,cellular,nov,wed,768,5,999,0,nonexistent,3.4,95.965,-49.8,6.159,4928.1
42,admin.,married,basic.9y,no,no,no,telephone,nov,wed,476,6,999,0,success,3.1,95.494,-44.4,6.057,4891.0
48,admin.,single,high.school,no,yes,no,cellular,nov,wed,413,5,999,0,nonexistent,0.19999999999999996,94.343,-58.0,2.802,4799.1
47,admin.,married,high.school,no,yes,no,cellular,nov,tue,408,7,999,0,success,3.4,94.944,-44.1,6.163,4928.1
62,admin.,divorced,high.school,no,yes,no,cellular,nov,mon,640,9,999,0,success,3.1,95.494,-44.4,6.057,4891.0
45,admin.,single,high.school,no,yes,no,cellular,jun,mon,433,5,999,0,success,3.4,95.965,-49.8,6.1610000000000005,4928.1
46,admin.,divorced,basic.6y,no,yes,no,cellular,may,fri,1195,21,999,0,success,3.1,95.494,-44.4,6.059,4891.0
50,admin.,single,professional.course,no,yes,no,cellular,may,thu,374,5,999,0,success,0.19999999999999996,94.393,-54.2,2.527,4799.1
51,admin.,single,professional.course,no,no,yes,cellular,nov,thu,813,5,999,0,nonexistent,3.4,95.965,-49.8,6.1610000000000005,4928.1
45,admin.,married,university.degree,no,no,no,cellular,nov,mon,314,5,999,0,success,-0.8999999999999999,94.463,-48.8,2.46,4776.2
56,admin.,married,basic.9y,no,no,yes,cellular,nov,fri,431,7,999,0,success,3.4,94.944,-44.1,6.164000000000001,4928.1
54,admin.,single,professional.course,no,no,no,cellular,nov,fri,2026,9,999,0,success,3.1,95.494,-44.4,6.057,4891.0
56,admin.,married,basic.9y,unknown,no,no,cellular,nov,wed,559,10,999,0,success,3.1,95.494,-44.4,6.057,4891.0
63,admin.,married,unknown,no,yes,yes,cellular,nov,mon,701,7,999,0,success,1.9,94.7,-50.0,5.391,4895.8
49,admin.,divorced,basic.4y,no,yes,no,cellular,nov,fri,851,5,999,1,success,0.19999999999999996,94.575,-55.1,2.605,4799.1
41,admin.,single,university.degree,no,yes,no,cellular,nov,tue,422,5,999,0,nonexistent,0.19999999999999996,94.575,-55.1,2.623,4799.1
95,admin.,married,illiterate,unknown,yes,yes,cellular,nov,tue,345,5,6,1,success,-0.8999999999999999,93.701,-39.4,2.083,4776.2
67,admin.,married,high.school,no,yes,yes,cellular,nov,tue,421,5,10,4,success,-0.8999999999999999,93.701,-39.4,2.083,4776.2
56,admin.,married,university.degree,no,yes,yes,telephone,nov,thu,1805,5,999,0,success,3.1,95.494,-44.4,6.0600000000000005,4891.0
60,admin.,married,basic.6y,unknown,no,no,cellular,jun,thu,719,5,999,0,nonexistent,3.4,95.965,-49.8,6.066,4928.1
73,self-employed,married,university.degree,no,no,no,cellular,aug,fri,2356,7,999,0,nonexistent,3.4,94.944,-44.1,6.166,4928.1
60,admin.,married,high.school,no,no,no,telephone,nov,mon,642,5,999,0,success,3.4,95.965,-49.8,6.1610000000000005,4928.1
46,housemaid,married,basic.6y,no,no,no,cellular,aug,thu,365,5,999,0,success,3.4,94.944,-44.1,6.164000000000001,4928.1
61,admin.,married,university.degree,no,yes,no,telephone,may,fri,170,7,999,0,success,3.1,95.494,-44.4,6.057,4891.0
48,admin.,married,university.degree,no,yes,no,cellular,nov,tue,271,6,999,0,nonexistent,1.9,94.7,-50.0,5.353,4895.8
50,admin.,single,university.degree,no,no,no,cellular,nov,fri,284,5,999,0,nonexistent,3.4,95.418,-50.7,6.157,4928.1
45,technician,single,university.degree,no,no,yes,cellular,nov,tue,190,5,999,0,success,0.19999999999999996,94.393,-54.2,2.544,4799.1
49,admin.,married,high.school,no,yes,yes,telephone,nov,fri,417,6,999,0,success,3.4,95.965,-49.8,6.167,4928.1
60,services,married,high.school,unknown,yes,no,cellular,nov,mon,262,5,999,1,success,0.19999999999999996,94.575,-55.1,2.605,4799.1
51,admin.,married,basic.9y,no,yes,yes,cellular,nov,fri,181,8,999,0,success,3.4,95.965,-49.8,6.159,4928.1
63,admin.,married,university.degree,no,yes,yes,cellular,aug,wed,277,8,999,0,success,3.4,94.944,-44.1,6.164000000000001,4928.1
45,admin.,single,university.degree,no,yes,no,cellular,nov,wed,525,5,999,0,success,1.9,94.7,-50.0,5.32,4895.8
47,admin.,married,basic.6y,no,yes,no,cellular,nov,fri,359,5,999,0,success,3.4,95.418,-50.7,6.159,4928.1
76,admin.,married,basic.9y,no,no,no,cellular,apr,thu,417,6,999,0,success,0.19999999999999996,95.249,-42.6,1.859,4708.7
50,admin.,married,university.degree,no,unknown,unknown,cellular,aug,tue,1373,5,999,0,success,3.4,94.944,-44.1,6.166,4928.1
40,admin.,single,high.school,no,yes,no,cellular,nov,fri,923,7,999,0,success,3.4,95.965,-49.8,6.167,4928.1
56,admin.,single,basic.4y,no,yes,no,cellular,nov,thu,878,10,999,0,success,3.4,95.418,-50.7,6.163,4928.1
99,admin.,married,high.school,no,no,no,cellular,dec,tue,752,5,999,0,success,-1.0,94.213,-41.0,1.915,4723.5
89,admin.,married,basic.4y,no,yes,no,cellular,nov,mon,583,5,999,0,success,-0.8999999999999999,94.463,-48.8,2.46,4776.2
38,admin.,single,professional.course,no,no,no,cellular,jul,wed,1164,6,999,0,success,3.4,95.418,-50.7,6.163,4928.1
56,admin.,single,high.school,unknown,unknown,unknown,cellular,nov,mon,1510,6,999,1,failure,0.19999999999999996,94.393,-54.2,2.4989999999999997,4799.1
48,admin.,married,basic.9y,no,yes,no,cellular,nov,wed,647,5,11,1,success,0.19999999999999996,94.393,-54.2,2.534,4799.1
48,admin.,single,university.degree,no,yes,no,cellular,nov,tue,345,5,999,2,success,0.19999999999999996,94.393,-54.2,2.466,4799.1
44,admin.,married,high.school,no,yes,no,cellular,nov,wed,431,6,999,0,success,0.19999999999999996,94.393,-54.2,2.481,4799.1
47,admin.,single,university.degree,no,no,no,cellular,nov,fri,338,5,999,0,success,3.4,94.944,-44.1,6.164000000000001,4928.1
75,retired,married,basic.6y,no,yes,yes,telephone,nov,mon,811,9,999,0,success,0.19999999999999996,94.575,-55.1,2.605,4799.1
68,blue-collar,married,basic.4y,no,no,no,telephone,nov,thu,1249,5,999,0,success,3.4,95.965,-49.8,6.066,4928.1
47,admin.,married,basic.4y,no,yes,no,cellular,nov,mon,277,8,999,0,success,3.4,94.944,-44.1,6.165,4928.1
49,admin.,married,university.degree,no,no,no,cellular,nov,wed,1891,5,999,0,success,3.1,95.494,-44.4,6.056,4891.0
53,admin.,married,professional.course,no,yes,yes,cellular,jun,thu,203,5,999,0,nonexistent,3.4,95.965,-49.8,6.158,4928.1
62,blue-collar,divorced,basic.9y,no,yes,no,cellular,nov,tue,599,5,999,0,success,3.4,95.418,-50.7,6.162,4928.1
58,technician,married,professional.course,unknown,no,no,cellular,nov,tue,1787,6,999,0,success,3.4,94.944,-44.1,6.166,4928.1
46,technician,married,university.degree,no,no,no,cellular,nov,tue,383,6,12,3,success,0.8999999999999999,96.101,-57.5,2.182,4663.6
61,blue-collar,married,basic.4y,unknown,no,no,cellular,may,wed,395,7,999,0,success,3.1,95.494,-44.4,6.059,4891.0
72,admin.,married,professional.course,no,yes,no,cellular,nov,fri,408,5,999,0,nonexistent,3.4,94.944,-44.1,6.164000000000001,4928.1
47,admin.,married,basic.4y,no,no,no,cellular,nov,tue,358,6,999,0,success,1.9,94.7,-50.0,5.353,4895.8
54,admin.,married,university.degree,no,yes,no,telephone,nov,mon,696,7,999,0,success,3.1,95.494,-44.4,6.057,4891.0
51,admin.,married,high.school,no,no,no,cellular,aug,mon,217,9,999,0,success,-0.8999999999999999,93.701,-39.4,2.021,4776.2
49,admin.,married,basic.4y,no,yes,yes,cellular,may,wed,728,8,999,0,success,0.19999999999999996,94.393,-54.2,2.534,4799.1
49,admin.,single,university.degree,no,yes,no,cellular,nov,tue,561,5,999,0,success,0.19999999999999996,94.393,-54.2,2.4909999999999997,4799.1
70,admin.,married,university.degree,no,no,yes,cellular,nov,fri,653,7,999,0,success,1.9,94.7,-50.0,5.221,4895.8
48,admin.,married,university.degree,unknown,yes,no,cellular,nov,thu,815,6,999,0,nonexistent,1.9,94.7,-50.0,5.276,4895.8
51,admin.,married,high.school,no,no,no,cellular,nov,mon,500,6,999,0,success,3.1,95.494,-44.4,6.058,4891.0
57,blue-collar,single,basic.6y,no,unknown,unknown,cellular,nov,thu,226,7,999,0,success,3.4,95.965,-49.8,6.1610000000000005,4928.1
45,unemployed,single,basic.9y,no,no,no,cellular,nov,tue,649,14,999,0,nonexistent,3.1,95.494,-44.4,6.056,4891.0
66,admin.,married,high.school,no,no,no,cellular,may,tue,2401,5,999,1,failure,0.19999999999999996,95.376,-48.0,1.8679999999999999,4708.7
53,admin.,married,university.degree,no,yes,no,cellular,may,fri,421,8,999,0,success,3.1,95.494,-44.4,6.057,4891.0
39,admin.,single,basic.4y,no,yes,yes,cellular,nov,fri,223,5,999,0,success,3.4,95.418,-50.7,6.163,4928.1
46,admin.,single,high.school,no,yes,no,cellular,nov,thu,2089,6,999,0,nonexistent,0.19999999999999996,94.393,-54.2,2.466,4799.1
49,admin.,single,high.school,unknown,yes,yes,cellular,nov,wed,583,5,999,0,success,3.1,95.494,-44.4,6.059,4891.0
58,admin.,married,high.school,unknown,yes,no,cellular,nov,mon,638,5,999,0,success,-0.8999999999999999,94.463,-48.8,2.466,4776.2
61,admin.,divorced,professional.course,no,yes,no,cellular,nov,mon,379,7,999,0,success,3.1,95.494,-44.4,6.057,4891.0
43,technician,single,professional.course,no,no,no,cellular,nov,thu,170,9,999,0,nonexistent,3.4,95.418,-50.7,6.168,4928.1
44,admin.,single,university.degree,no,yes,yes,cellular,nov,wed,419,10,999,0,success,3.4,95.418,-50.7,6.157,4928.1
57,admin.,married,university.degree,no,yes,no,cellular,nov,thu,370,5,999,0,success,3.4,94.944,-44.1,6.163,4928.1
47,admin.,married,professional.course,no,unknown,unknown,telephone,nov,fri,136,6,999,0,success,3.4,94.944,-44.1,6.164000000000001,4928.1
52,admin.,married,high.school,no,yes,no,cellular,nov,thu,534,6,999,0,success,0.30000000000000004,95.715,-48.3,2.01,4691.6
47,admin.,married,university.degree,no,no,no,cellular,nov,mon,572,6,999,0,success,3.4,94.944,-44.1,6.163,4928.1
54,admin.,single,university.degree,unknown,no,no,cellular,nov,fri,340,9,999,0,success,3.4,95.965,-49.8,6.167,4928.1
43,technician,single,professional.course,no,yes,no,cellular,nov,wed,559,5,999,0,success,0.19999999999999996,94.393,-54.2,2.481,4799.1
50,admin.,married,basic.9y,no,yes,no,cellular,nov,thu,309,5,4,3,success,-1.0,94.213,-41.0,1.907,4723.5
52,admin.,married,basic.9y,unknown,yes,no,cellular,nov,tue,311,10,999,0,nonexistent,3.4,95.965,-49.8,6.064,4928.1
53,admin.,single,university.degree,no,yes,no,cellular,nov,mon,142,17,999,0,success,0.19999999999999996,94.393,-54.2,2.444,4799.1
45,admin.,single,university.degree,no,no,no,cellular,nov,wed,484,9,999,0,success,3.4,94.944,-44.1,6.164000000000001,4928.1
70,admin.,married,basic.4y,no,yes,no,cellular,nov,mon,289,5,999,0,success,3.4,94.944,-44.1,6.17,4928.1
57,admin.,married,basic.4y,unknown,yes,yes,telephone,nov,fri,1178,7,999,0,success,3.1,95.494,-44.4,6.059,4891.0
56,technician,married,professional.course,no,no,no,cellular,may,tue,746,6,999,0,success,3.1,95.494,-44.4,6.057,4891.0
47,admin.,divorced,university.degree,no,no,no,cellular,aug,tue,350,10,999,0,success,3.4,94.944,-44.1,6.163,4928.1
52,admin.,divorced,basic.6y,no,yes,yes,cellular,nov,tue,1853,5,999,1,success,1.9,94.7,-50.0,5.353,4895.8
53,admin.,married,high.school,no,no,no,cellular,may,wed,968,9,999,0,success,3.1,95.494,-44.4,6.057,4891.0
51,self-employed,single,university.degree,no,yes,no,cellular,nov,thu,566,5,999,0,success,1.9,95.298,-48.4,5.994,4895.8
43,admin.,single,university.degree,no,no,no,cellular,nov,thu,345,5,999,0,success,0.19999999999999996,94.869,-42.8,1.843,4708.7
48,admin.,married,university.degree,no,yes,yes,cellular,nov,mon,1731,16,999,0,nonexistent,0.19999999999999996,94.393,-54.2,2.444,4799.1
69,admin.,married,university.degree,no,no,no,cellular,nov,fri,307,6,999,0,success,0.19999999999999996,94.393,-54.2,2.45,4799.1
43,admin.,single,university.degree,no,no,no,cellular,nov,wed,685,9,999,0,nonexistent,3.1,95.494,-44.4,6.057,4891.0
66,admin.,married,university.degree,no,no,no,cellular,nov,wed,277,6,999,1,success,1.9,94.7,-50.0,5.32,4895.8
56,admin.,married,basic.9y,unknown,no,no,cellular,nov,fri,487,7,999,0,success,3.4,95.965,-49.8,6.167,4928.1
50,admin.,single,professional.course,no,yes,no,cellular,aug,tue,367,5,999,0,success,3.4,94.944,-44.1,6.165,4928.1
62,admin.,married,basic.4y,unknown,yes,no,cellular,nov,mon,302,5,999,1,success,0.19999999999999996,94.393,-54.2,2.4989999999999997,4799.1
64,admin.,single,high.school,no,no,no,cellular,oct,fri,417,5,999,1,failure,-1.4,93.931,-34.9,1.939,4717.5
46,admin.,married,university.degree,no,yes,no,cellular,mar,tue,426,7,999,0,success,0.19999999999999996,94.343,-58.0,2.7560000000000002,4799.1
65,admin.,married,high.school,no,yes,no,cellular,nov,tue,282,5,999,0,success,1.9,94.7,-50.0,5.353,4895.8
50,admin.,divorced,professional.course,unknown,unknown,unknown,cellular,nov,tue,1830,7,999,0,success,3.4,94.944,-44.1,6.163,4928.1
45,admin.,single,basic.9y,no,yes,no,cellular,nov,mon,1312,6,999,0,success,3.4,95.965,-49.8,6.158,4928.1
62,admin.,divorced,high.school,no,yes,no,cellular,nov,thu,300,6,999,0,success,3.4,95.418,-50.7,6.162,4928.1
48,admin.,married,basic.4y,no,yes,yes,cellular,jun,mon,226,10,999,0,success,3.4,95.965,-49.8,6.1610000000000005,4928.1
45,admin.,divorced,university.degree,no,yes,yes,cellular,nov,tue,811,6,999,0,nonexistent,1.9,94.7,-50.0,5.353,4895.8
46,admin.,married,professional.course,no,yes,no,cellular,nov,thu,1393,5,999,0,success,3.4,94.944,-44.1,6.164000000000001,4928.1
49,admin.,married,university.degree,no,no,no,cellular,nov,thu,260,6,999,0,success,-0.8999999999999999,93.701,-39.4,2.073,4776.2
67,admin.,divorced,basic.4y,no,yes,no,cellular,nov,mon,320,7,999,0,success,3.4,95.965,-49.8,6.16,4928.1
47,admin.,single,professional.course,no,no,no,cellular,may,tue,361,6,999,1,success,0.19999999999999996,94.393,-54.2,2.4909999999999997,4799.1
48,admin.,single,high.school,no,no,no,telephone,nov,wed,989,7,999,0,success,3.1,95.494,-44.4,6.059,4891.0
44,admin.,single,basic.9y,unknown,no,no,cellular,nov,mon,671,6,999,0,success,3.1,95.494,-44.4,6.057,4891.0
77,admin.,divorced,high.school,no,yes,no,cellular,nov,fri,482,8,999,0,success,0.30000000000000004,95.555,-47.8,1.932,4691.6
41,blue-collar,married,basic.6y,no,yes,no,cellular,nov,mon,394,5,999,0,success,0.19999999999999996,94.393,-54.2,2.4989999999999997,4799.1
40,admin.,single,basic.9y,no,no,no,telephone,nov,wed,1344,6,999,0,nonexistent,3.4,95.965,-49.8,6.162,4928.1
64,admin.,divorced,university.degree,no,yes,no,cellular,nov,thu,174,5,999,0,success,1.9,94.7,-50.0,5.276,4895.8
59,blue-collar,divorced,basic.9y,no,no,no,cellular,nov,mon,424,5,999,0,success,3.1,95.494,-44.4,6.058,4891.0
66,admin.,married,high.school,no,no,no,cellular,aug,mon,250,7,999,0,nonexistent,3.4,94.944,-44.1,6.165,4928.1
52,admin.,married,basic.6y,no,no,yes,cellular,nov,wed,404,9,999,0,nonexistent,0.19999999999999996,94.393,-54.2,2.481,4799.1
66,services,married,basic.4y,no,yes,no,cellular,jul,fri,307,5,999,0,nonexistent,3.4,95.418,-50.7,6.157,4928.1
50,admin.,married,basic.6y,no,no,no,cellular,nov,fri,417,6,999,0,success,3.4,95.418,-50.7,6.163,4928.1
62,admin.,married,university.degree,unknown,yes,no,cellular,nov,mon,190,5,999,0,success,3.4,94.944,-44.1,6.165,4928.1
53,admin.,divorced,high.school,unknown,yes,no,cellular,nov,tue,593,6,999,1,success,0.19999999999999996,94.575,-55.1,2.653,4799.1
50,technician,single,professional.course,no,yes,no,cellular,nov,thu,1265,5,999,0,success,3.4,94.944,-44.1,6.164000000000001,4928.1
42,admin.,single,university.degree,no,yes,no,cellular,nov,thu,377,5,999,0,success,3.4,95.418,-50.7,6.158,4928.1
51,admin.,married,professional.course,no,no,no,cellular,nov,tue,626,7,999,0,success,3.4,95.418,-50.7,6.1610000000000005,4928.1
48,admin.,married,high.school,unknown,yes,no,cellular,nov,thu,484,5,999,0,success,3.1,95.494,-44.4,6.0600000000000005,4891.0
66,admin.,married,basic.4y,unknown,yes,no,cellular,aug,mon,703,6,999,0,nonexistent,3.4,94.944,-44.1,6.165,4928.1
66,admin.,divorced,university.degree,no,yes,no,cellular,nov,wed,359,5,999,0,success,1.9,94.7,-50.0,5.32,4895.8
60,technician,married,professional.course,no,no,no,cellular,nov,thu,219,5,999,0,nonexistent,0.19999999999999996,94.393,-54.2,2.527,4799.1
45,admin.,single,professional.course,no,no,no,cellular,nov,tue,417,5,999,1,failure,0.19999999999999996,95.376,-48.0,1.8679999999999999,4708.7
46,admin.,single,university.degree,no,yes,no,cellular,nov,thu,3389,5,999,0,success,1.9,94.7,-50.0,5.276,4895.8
41,admin.,married,high.school,no,yes,no,cellular,nov,mon,282,14,999,0,nonexistent,0.19999999999999996,94.575,-55.1,2.666,4799.1
65,admin.,married,university.degree,no,unknown,unknown,cellular,nov,wed,1562,5,999,1,success,0.19999999999999996,95.376,-48.0,1.8820000000000001,4708.7
64,admin.,unknown,high.school,no,yes,no,cellular,nov,thu,251,5,999,0,success,1.9,94.7,-50.0,5.276,4895.8
54,admin.,married,university.degree,no,yes,yes,cellular,nov,fri,809,5,999,0,nonexistent,3.4,95.965,-49.8,6.167,4928.1
73,admin.,married,basic.9y,unknown,no,no,cellular,nov,fri,1621,5,999,0,success,0.19999999999999996,94.575,-55.1,2.605,4799.1
61,admin.,married,professional.course,no,no,yes,cellular,nov,tue,460,5,5,2,success,0.19999999999999996,95.249,-42.6,1.838,4708.7
49,admin.,single,university.degree,no,no,yes,cellular,nov,mon,415,9,999,0,nonexistent,3.4,95.418,-50.7,6.16,4928.1
60,admin.,married,basic.6y,unknown,no,no,telephone,nov,wed,953,5,999,0,success,3.1,95.494,-44.4,6.057,4891.0
51,admin.,married,university.degree,no,yes,no,cellular,may,wed,350,7,999,0,success,0.19999999999999996,94.393,-54.2,2.534,4799.1
47,admin.,divorced,university.degree,no,yes,no,cellular,nov,thu,592,11,999,0,success,3.4,94.944,-44.1,6.168,4928.1
45,admin.,married,university.degree,no,no,no,cellular,may,fri,872,6,999,1,success,0.19999999999999996,94.393,-54.2,2.513,4799.1
62,admin.,married,basic.9y,no,no,no,cellular,may,mon,269,7,999,0,success,3.1,95.494,-44.4,6.057,4891.0
69,admin.,married,university.degree,no,no,no,cellular,nov,mon,340,7,999,0,success,-0.8999999999999999,93.701,-39.4,2.084,4776.2
52,admin.,married,high.school,no,yes,yes,cellular,nov,tue,341,6,999,0,nonexistent,-0.8999999999999999,94.463,-48.8,2.4619999999999997,4776.2
52,technician,married,university.degree,unknown,no,no,cellular,nov,thu,1547,5,999,0,success,3.4,95.418,-50.7,6.163,4928.1
51,admin.,married,university.degree,no,yes,no,cellular,nov,fri,370,5,999,0,success,0.19999999999999996,94.393,-54.2,2.513,4799.1
42,admin.,single,high.school,no,no,no,cellular,nov,tue,691,5,999,0,success,3.4,95.418,-50.7,6.162,4928.1
45,admin.,married,university.degree,unknown,no,no,cellular,nov,thu,460,5,999,0,success,3.4,95.965,-49.8,6.066,4928.1
67,admin.,married,professional.course,no,yes,no,cellular,nov,thu,647,24,999,0,success,3.4,95.418,-50.7,6.158,4928.1
53,admin.,married,basic.6y,unknown,no,no,telephone,jul,thu,273,5,999,0,success,3.4,95.418,-50.7,6.166,4928.1
92,retired,divorced,unknown,no,yes,no,cellular,nov,tue,440,5,999,0,success,0.19999999999999996,94.343,-58.0,2.814,4799.1
61,admin.,married,high.school,no,yes,no,cellular,nov,wed,871,6,999,2,success,0.19999999999999996,94.575,-55.1,2.645,4799.1
47,admin.,married,high.school,no,no,yes,cellular,nov,wed,520,5,999,0,success,1.9,94.7,-50.0,5.32,4895.8
49,admin.,married,high.school,no,no,no,cellular,nov,thu,772,5,999,1,success,0.19999999999999996,94.393,-54.2,2.466,4799.1
62,admin.,single,university.degree,no,yes,no,cellular,nov,tue,334,5,999,4,success,0.30000000000000004,95.555,-47.8,1.902,4691.6
53,admin.,married,high.school,no,no,yes,cellular,nov,fri,602,5,999,0,success,3.1,95.494,-44.4,6.057,4891.0
54,admin.,divorced,basic.9y,unknown,no,no,cellular,nov,fri,1268,13,999,0,success,3.4,95.965,-49.8,6.159,4928.1
47,admin.,married,high.school,no,yes,no,cellular,nov,wed,676,7,999,1,success,0.19999999999999996,94.393,-54.2,2.534,4799.1
41,admin.,single,university.degree,no,yes,no,cellular,nov,tue,482,5,999,0,nonexistent,3.4,95.418,-50.7,6.162,4928.1
62,admin.,divorced,professional.course,no,yes,no,cellular,nov,tue,417,5,999,0,success,3.4,95.418,-50.7,6.1610000000000005,4928.1
45,admin.,married,basic.9y,no,no,no,cellular,jul,mon,260,8,999,0,success,3.4,95.418,-50.7,6.162,4928.1
56,admin.,married,university.degree,no,no,no,cellular,nov,wed,660,9,999,0,success,3.4,95.418,-50.7,6.163,4928.1
51,admin.,single,high.school,no,yes,yes,cellular,nov,mon,320,8,999,0,success,3.1,95.494,-44.4,6.057,4891.0
51,admin.,married,university.degree,unknown,yes,no,cellular,nov,wed,399,15,999,0,success,3.4,94.944,-44.1,6.164000000000001,4928.1
60,admin.,married,basic.9y,no,yes,no,telephone,nov,thu,3020,6,999,0,success,3.1,95.494,-44.4,6.0600000000000005,4891.0
45,admin.,married,professional.course,no,no,no,cellular,nov,thu,237,5,999,0,success,3.1,95.494,-44.4,6.055000000000001,4891.0
49,admin.,single,professional.course,no,no,no,cellular,nov,thu,300,8,999,0,success,3.1,95.494,-44.4,6.0600000000000005,4891.0
47,admin.,married,basic.9y,no,no,no,cellular,nov,tue,653,6,999,0,success,1.9,94.7,-50.0,5.353,4895.8
63,admin.,divorced,high.school,unknown,yes,no,cellular,nov,mon,282,5,999,0,nonexistent,1.9,94.7,-50.0,5.391,4895.8
59,admin.,married,professional.course,no,yes,no,cellular,nov,tue,730,5,999,0,success,3.4,94.944,-44.1,6.163,4928.1
48,admin.,single,basic.9y,no,no,no,cellular,nov,fri,874,5,999,0,success,0.19999999999999996,94.575,-55.1,2.605,4799.1
47,admin.,married,university.degree,no,yes,no,cellular,nov,fri,2579,5,999,0,nonexistent,3.4,94.944,-44.1,6.164000000000001,4928.1
54,admin.,married,basic.9y,no,no,yes,telephone,nov,tue,318,5,999,0,success,3.4,95.965,-49.8,6.1610000000000005,4928.1
66,admin.,married,basic.4y,no,yes,no,telephone,may,wed,908,6,999,0,success,3.1,95.494,-44.4,6.059,4891.0
50,admin.,married,professional.course,no,yes,no,telephone,nov,fri,779,5,999,0,success,-0.8999999999999999,94.463,-48.8,2.468,4776.2
61,admin.,married,professional.course,no,no,no,cellular,jun,thu,2723,5,999,0,nonexistent,3.4,95.965,-49.8,6.066,4928.1
70,admin.,married,unknown,no,yes,no,cellular,nov,thu,1065,5,999,0,success,0.19999999999999996,94.575,-55.1,2.565,4799.1
54,admin.,married,university.degree,no,yes,no,cellular,nov,tue,336,7,999,0,success,0.8999999999999999,95.699,-45.5,2.081,4663.6
42,admin.,single,high.school,no,no,no,cellular,apr,thu,631,5,999,1,success,0.19999999999999996,94.575,-55.1,2.61,4799.1
50,technician,single,professional.course,no,yes,no,cellular,nov,wed,325,5,999,0,success,3.4,94.944,-44.1,6.165,4928.1
63,admin.,married,basic.4y,unknown,yes,no,cellular,nov,thu,271,5,999,0,success,3.4,94.944,-44.1,6.168,4928.1
69,admin.,married,university.degree,no,yes,no,cellular,nov,mon,1294,6,999,0,success,3.4,94.944,-44.1,6.17,4928.1
62,blue-collar,married,basic.4y,unknown,yes,no,cellular,may,fri,439,5,999,0,success,0.19999999999999996,94.393,-54.2,2.513,4799.1
61,admin.,married,professional.course,no,no,no,cellular,aug,mon,469,9,999,0,success,3.4,94.944,-44.1,6.165,4928.1
53,admin.,unknown,university.degree,no,no,no,cellular,nov,mon,1051,5,999,0,success,0.19999999999999996,94.575,-55.1,2.605,4799.1
76,management,married,university.degree,no,yes,no,cellular,nov,fri,1004,5,999,0,success,-1.4,93.879,-37.8,1.9409999999999998,4717.5
54,admin.,single,basic.9y,unknown,yes,no,cellular,nov,wed,482,5,999,0,success,0.19999999999999996,94.393,-54.2,2.534,4799.1
56,admin.,married,basic.9y,no,yes,yes,cellular,nov,thu,255,5,999,0,success,3.1,95.494,-44.4,6.0600000000000005,4891.0
52,admin.,married,university.degree,no,no,no,cellular,nov,tue,273,16,999,0,success,3.4,94.944,-44.1,6.165,4928.1
60,admin.,divorced,high.school,no,no,no,cellular,nov,wed,302,9,999,0,success,3.4,95.965,-49.8,6.159,4928.1
53,admin.,single,university.degree,unknown,yes,no,cellular,may,thu,183,5,999,0,success,3.1,95.494,-44.4,6.055000000000001,4891.0
52,admin.,married,high.school,unknown,no,no,cellular,nov,wed,322,5,999,0,success,3.1,95.494,-44.4,6.058,4891.0
49,admin.,divorced,high.school,no,no,no,cellular,nov,fri,401,5,999,0,success,0.19999999999999996,94.869,-42.8,1.8359999999999999,4708.7
68,admin.,married,high.school,unknown,yes,no,cellular,jun,mon,559,5,999,0,success,3.4,95.965,-49.8,6.16,4928.1
50,admin.,married,high.school,no,yes,no,cellular,nov,fri,338,5,999,0,success,0.19999999999999996,94.393,-54.2,2.4589999999999996,4799.1
72,management,married,university.degree,no,no,no,cellular,nov,tue,917,6,999,0,success,3.4,95.418,-50.7,6.1610000000000005,4928.1
89,admin.,married,professional.course,no,yes,no,cellular,nov,thu,487,7,999,1,success,-0.8999999999999999,93.701,-39.4,2.073,4776.2
52,admin.,single,basic.9y,no,no,no,cellular,nov,mon,421,6,999,0,success,3.4,95.418,-50.7,6.16,4928.1
54,admin.,single,unknown,no,no,no,cellular,nov,fri,251,8,999,0,success,1.9,94.7,-50.0,5.221,4895.8
52,admin.,married,high.school,no,yes,no,cellular,nov,wed,1198,6,999,0,success,3.4,94.944,-44.1,6.164000000000001,4928.1
47,admin.,married,high.school,no,yes,yes,cellular,nov,thu,161,26,999,0,success,3.4,95.418,-50.7,6.168,4928.1
71,admin.,married,basic.4y,no,no,no,cellular,nov,wed,795,6,999,0,success,3.4,95.965,-49.8,6.162,4928.1
65,admin.,married,high.school,no,no,no,cellular,nov,wed,595,6,999,0,success,3.1,95.494,-44.4,6.057,4891.0
74,admin.,married,university.degree,no,yes,no,cellular,nov,fri,251,9,999,0,success,3.4,94.944,-44.1,6.164000000000001,4928.1
56,admin.,married,university.degree,unknown,yes,no,cellular,nov,fri,638,7,999,2,failure,0.19999999999999996,94.393,-54.2,2.513,4799.1
49,admin.,married,university.degree,no,no,yes,cellular,may,wed,692,9,6,1,success,0.19999999999999996,94.393,-54.2,2.481,4799.1
55,admin.,married,university.degree,unknown,yes,no,cellular,nov,mon,554,6,999,0,nonexistent,0.19999999999999996,94.575,-55.1,2.605,4799.1
38,admin.,single,high.school,no,yes,no,cellular,nov,thu,358,5,999,0,nonexistent,0.19999999999999996,94.575,-55.1,2.565,4799.1
49,admin.,married,university.degree,unknown,unknown,unknown,cellular,nov,wed,428,6,999,0,nonexistent,3.4,95.418,-50.7,6.163,4928.1
70,admin.,divorced,university.degree,no,no,no,cellular,nov,thu,588,5,999,0,success,0.19999999999999996,94.575,-55.1,2.565,4799.1
42,blue-collar,single,high.school,no,yes,no,cellular,nov,mon,401,5,999,0,success,3.4,95.418,-50.7,6.16,4928.1
49,admin.,married,basic.9y,no,no,no,cellular,nov,fri,739,8,999,0,success,3.1,95.494,-44.4,6.059,4891.0
48,admin.,married,high.school,no,no,no,cellular,nov,mon,277,6,999,2,success,0.19999999999999996,94.575,-55.1,2.605,4799.1
53,admin.,single,basic.6y,no,yes,no,telephone,may,fri,716,10,999,0,success,3.1,95.494,-44.4,6.057,4891.0
61,admin.,married,professional.course,no,no,no,cellular,nov,thu,329,6,999,0,nonexistent,3.1,95.494,-44.4,6.055000000000001,4891.0
40,admin.,single,university.degree,no,yes,no,telephone,nov,wed,134,8,999,0,success,3.1,95.494,-44.4,6.057,4891.0
49,admin.,single,high.school,no,no,no,cellular,nov,tue,484,6,999,0,success,1.9,94.7,-50.0,5.353,4895.8
67,admin.,married,university.degree,unknown,no,no,cellular,nov,mon,435,5,999,0,success,3.1,95.494,-44.4,6.057,4891.0
48,admin.,married,basic.9y,no,yes,yes,cellular,nov,mon,484,7,999,0,success,3.4,95.418,-50.7,6.16,4928.1
45,services,married,high.school,unknown,no,yes,cellular,nov,thu,440,8,999,0,success,1.9,94.7,-50.0,5.276,4895.8
86,admin.,married,professional.course,no,yes,yes,telephone,nov,tue,809,5,999,0,success,-1.4,94.149,-38.1,1.92,4717.5
51,admin.,single,university.degree,no,no,no,cellular,aug,wed,494,6,999,0,success,3.4,94.944,-44.1,6.164000000000001,4928.1
51,admin.,married,basic.9y,no,unknown,unknown,cellular,nov,tue,174,7,999,0,success,3.4,95.965,-49.8,6.1610000000000005,4928.1
55,admin.,single,high.school,no,yes,no,cellular,nov,tue,719,5,999,0,success,0.19999999999999996,94.393,-54.2,2.466,4799.1
71,admin.,married,professional.course,unknown,unknown,unknown,cellular,nov,tue,199,5,999,1,success,1.9,94.7,-50.0,5.353,4895.8
74,admin.,married,unknown,no,yes,yes,cellular,nov,fri,331,6,999,0,success,3.4,94.944,-44.1,6.163,4928.1
67,admin.,married,basic.6y,unknown,no,no,cellular,nov,thu,1016,5,12,1,success,0.19999999999999996,94.393,-54.2,2.466,4799.1
51,admin.,married,high.school,no,yes,no,cellular,nov,tue,320,5,999,0,success,3.1,95.494,-44.4,6.057,4891.0
47,admin.,single,university.degree,no,yes,no,cellular,nov,mon,775,7,999,0,success,0.19999999999999996,94.343,-58.0,2.7199999999999998,4799.1
40,blue-collar,single,basic.4y,no,no,yes,cellular,nov,fri,491,9,999,0,nonexistent,0.19999999999999996,94.393,-54.2,2.45,4799.1
56,admin.,married,professional.course,no,yes,no,cellular,nov,fri,500,6,999,0,success,3.4,95.418,-50.7,6.163,4928.1
52,admin.,married,university.degree,no,yes,no,cellular,nov,mon,529,6,999,0,success,-0.8999999999999999,93.969,-41.6,2.248,4776.2
51,admin.,married,university.degree,no,yes,no,cellular,nov,mon,3243,6,999,0,success,1.9,94.7,-50.0,5.391,4895.8
66,admin.,married,high.school,no,no,no,cellular,nov,tue,440,8,999,0,success,3.4,94.944,-44.1,6.168,4928.1
48,admin.,married,basic.9y,unknown,no,no,cellular,nov,thu,1229,6,999,0,success,0.19999999999999996,94.393,-54.2,2.466,4799.1
42,technician,married,professional.course,no,no,no,cellular,nov,thu,745,6,999,1,failure,0.19999999999999996,94.393,-54.2,2.527,4799.1
73,retired,married,high.school,no,no,no,cellular,nov,tue,768,9,999,0,success,-0.8999999999999999,93.701,-39.4,2.038,4776.2
68,admin.,married,professional.course,no,yes,no,telephone,may,tue,624,5,999,0,success,3.1,95.494,-44.4,6.056,4891.0
49,blue-collar,married,basic.9y,no,yes,no,cellular,jul,wed,997,9,999,0,success,3.4,95.418,-50.7,6.163,4928.1
56,admin.,married,basic.4y,no,yes,no,cellular,nov,mon,565,6,999,0,nonexistent,3.1,95.494,-44.4,6.057,4891.0
61,admin.,married,basic.4y,no,no,no,cellular,nov,thu,277,5,999,0,nonexistent,0.19999999999999996,94.393,-54.2,2.466,4799.1
56,admin.,married,basic.6y,no,no,yes,cellular,jun,tue,608,6,999,0,success,3.4,95.965,-49.8,6.1610000000000005,4928.1
63,admin.,married,basic.4y,unknown,yes,no,cellular,aug,thu,552,5,999,0,success,3.4,94.944,-44.1,6.164000000000001,4928.1
56,admin.,married,basic.4y,no,no,no,cellular,nov,thu,689,5,999,1,success,0.19999999999999996,94.575,-55.1,2.61,4799.1
48,admin.,married,high.school,no,no,no,cellular,nov,tue,498,5,999,0,success,3.4,94.944,-44.1,6.163,4928.1
43,admin.,single,professional.course,no,yes,no,cellular,nov,mon,239,5,999,0,success,0.19999999999999996,94.393,-54.2,2.444,4799.1
47,blue-collar,married,basic.9y,no,no,no,cellular,nov,wed,410,6,999,0,success,1.9,94.7,-50.0,5.32,4895.8
60,blue-collar,married,basic.9y,no,no,no,cellular,aug,wed,230,7,999,0,success,3.4,94.944,-44.1,6.167,4928.1
38,blue-collar,single,high.school,no,no,no,cellular,jul,wed,572,5,999,0,success,3.4,95.418,-50.7,6.157,4928.1
45,admin.,single,basic.4y,no,yes,yes,cellular,nov,tue,246,6,999,0,success,0.19999999999999996,94.343,-58.0,2.887,4799.1
56,entrepreneur,single,high.school,no,no,no,cellular,jul,thu,248,5,999,0,success,3.4,95.418,-50.7,6.162,4928.1
48,admin.,married,basic.6y,no,no,no,cellular,nov,thu,1002,5,999,0,success,0.19999999999999996,94.393,-54.2,2.527,4799.1
52,admin.,married,basic.6y,no,yes,no,cellular,nov,thu,885,5,999,1,failure,0.19999999999999996,94.393,-54.2,2.527,4799.1
47,admin.,married,basic.9y,no,yes,no,cellular,nov,tue,1918,7,999,0,success,3.1,95.494,-44.4,6.056,4891.0
56,admin.,married,basic.9y,unknown,yes,no,cellular,nov,thu,269,5,999,0,success,3.4,95.965,-49.8,6.1610000000000005,4928.1
46,admin.,single,high.school,no,no,no,cellular,nov,fri,280,5,999,0,nonexistent,1.9,94.7,-50.0,5.221,4895.8
61,admin.,married,basic.6y,no,no,no,cellular,nov,thu,341,7,999,0,success,1.9,94.7,-50.0,5.276,4895.8
54,admin.,single,university.degree,no,no,no,cellular,nov,fri,289,5,999,0,success,3.1,95.494,-44.4,6.055000000000001,4891.0
56,admin.,married,high.school,no,yes,no,cellular,may,fri,550,5,999,0,success,0.19999999999999996,94.393,-54.2,2.45,4799.1
74,admin.,married,professional.course,unknown,no,no,cellular,nov,thu,491,6,999,0,success,3.1,95.494,-44.4,6.055000000000001,4891.0
60,admin.,married,high.school,no,yes,yes,cellular,nov,thu,374,7,999,0,nonexistent,0.19999999999999996,94.393,-54.2,2.4699999999999998,4799.1
64,admin.,married,high.school,unknown,no,no,cellular,nov,fri,152,8,999,0,nonexistent,3.4,95.965,-49.8,6.159,4928.1
56,blue-collar,divorced,basic.6y,no,no,no,telephone,nov,fri,561,5,999,0,success,3.1,95.494,-44.4,6.057,4891.0
52,admin.,single,unknown,unknown,no,no,cellular,nov,fri,716,7,999,0,success,3.1,95.494,-44.4,6.057,4891.0
63,admin.,married,high.school,no,no,no,cellular,nov,tue,838,5,999,0,nonexistent,-0.8999999999999999,94.463,-48.8,2.452,4776.2
47,admin.,single,basic.9y,no,yes,no,cellular,nov,fri,140,12,999,0,success,0.19999999999999996,94.393,-54.2,2.45,4799.1
71,admin.,married,basic.9y,no,no,no,cellular,nov,thu,332,5,999,0,success,0.19999999999999996,94.393,-54.2,2.527,4799.1
56,admin.,married,high.school,no,yes,no,cellular,jun,tue,424,5,999,0,nonexistent,-0.8999999999999999,94.463,-48.8,2.4619999999999997,4776.2
62,admin.,married,basic.9y,unknown,yes,no,cellular,nov,fri,241,5,999,0,success,3.4,95.418,-50.7,6.157,4928.1
60,admin.,married,university.degree,no,yes,yes,cellular,nov,fri,160,5,999,0,success,1.9,94.7,-50.0,5.221,4895.8
53,admin.,married,professional.course,no,yes,no,cellular,nov,thu,448,5,999,0,success,0.19999999999999996,94.343,-58.0,2.957,4799.1
56,blue-collar,married,basic.9y,unknown,no,yes,cellular,apr,fri,572,5,999,1,success,0.19999999999999996,94.575,-55.1,2.605,4799.1
42,admin.,married,professional.course,no,no,no,cellular,nov,thu,1171,5,999,0,success,0.19999999999999996,94.393,-54.2,2.466,4799.1
48,admin.,married,high.school,unknown,no,no,telephone,nov,wed,755,5,999,0,success,3.1,95.494,-44.4,6.058,4891.0
47,admin.,single,university.degree,no,no,no,cellular,nov,thu,993,5,999,1,success,1.9,94.7,-50.0,5.276,4895.8
47,admin.,single,university.degree,no,no,no,cellular,nov,tue,264,7,999,0,success,3.4,94.944,-44.1,6.163,4928.1
64,admin.,single,university.degree,no,no,no,telephone,may,mon,134,5,999,0,success,0.19999999999999996,95.376,-48.0,1.9009999999999998,4708.7
48,admin.,married,university.degree,no,no,no,cellular,nov,fri,152,5,999,0,success,1.9,95.298,-48.4,5.96,4895.8
50,admin.,married,high.school,no,no,no,cellular,nov,tue,444,6,999,0,success,0.19999999999999996,94.393,-54.2,2.4909999999999997,4799.1
46,admin.,single,university.degree,no,yes,no,cellular,jul,mon,282,6,999,0,success,3.4,95.418,-50.7,6.162,4928.1
61,admin.,married,basic.6y,no,yes,no,cellular,aug,fri,685,5,999,0,success,3.4,94.944,-44.1,6.164000000000001,4928.1
69,admin.,married,basic.4y,unknown,no,no,telephone,nov,mon,304,5,999,0,success,3.1,95.494,-44.4,6.057,4891.0
48,admin.,married,professional.course,no,yes,no,cellular,nov,mon,597,7,3,4,success,0.30000000000000004,95.527,-46.3,2.096,4691.6
40,admin.,married,university.degree,no,yes,no,cellular,nov,thu,228,9,999,0,success,3.4,95.418,-50.7,6.168,4928.1
56,entrepreneur,single,high.school,no,no,no,cellular,nov,thu,241,5,999,0,success,3.4,95.418,-50.7,6.162,4928.1
54,admin.,married,basic.9y,no,yes,no,cellular,may,fri,390,6,999,0,nonexistent,3.1,95.494,-44.4,6.055000000000001,4891.0
43,admin.,single,university.degree,unknown,no,no,cellular,may,fri,754,5,999,0,nonexistent,3.1,95.494,-44.4,6.055000000000001,4891.0
48,admin.,single,university.degree,no,no,no,cellular,nov,tue,1094,7,999,0,success,-0.8999999999999999,94.463,-48.8,2.4619999999999997,4776.2
50,admin.,divorced,basic.9y,no,yes,no,cellular,nov,fri,910,8,999,0,success,0.19999999999999996,94.393,-54.2,2.45,4799.1
44,technician,married,university.degree,no,no,no,telephone,nov,thu,552,5,999,0,success,3.4,95.418,-50.7,6.168,4928.1
43,admin.,single,university.degree,no,no,yes,cellular,nov,thu,1285,8,999,0,success,0.19999999999999996,94.393,-54.2,2.466,4799.1
57,admin.,single,university.degree,no,yes,yes,cellular,jul,wed,340,5,999,0,nonexistent,-0.8999999999999999,93.969,-41.6,2.229,4776.2
44,admin.,married,university.degree,no,no,no,cellular,nov,thu,320,9,999,0,success,-0.8999999999999999,93.701,-39.4,2.073,4776.2
62,admin.,single,unknown,no,yes,no,cellular,nov,wed,484,5,999,0,success,3.4,95.418,-50.7,6.163,4928.1
55,admin.,married,university.degree,no,no,no,cellular,nov,thu,1587,5,999,0,success,0.19999999999999996,94.575,-55.1,2.565,4799.1
57,admin.,married,basic.9y,unknown,yes,no,cellular,nov,tue,687,10,999,0,success,0.19999999999999996,94.393,-54.2,2.4909999999999997,4799.1
50,admin.,married,high.school,no,yes,no,cellular,nov,tue,361,6,999,0,success,3.1,95.494,-44.4,6.057,4891.0
48,admin.,married,basic.6y,no,yes,yes,cellular,nov,thu,430,6,999,1,success,0.19999999999999996,94.393,-54.2,2.466,4799.1
60,admin.,married,professional.course,no,yes,no,cellular,nov,fri,370,5,999,0,nonexistent,3.4,94.944,-44.1,6.163,4928.1
44,admin.,single,high.school,no,yes,no,cellular,nov,tue,433,5,999,0,success,3.1,95.494,-44.4,6.057,4891.0
58,admin.,married,university.degree,no,no,no,cellular,nov,mon,206,6,999,1,failure,0.19999999999999996,94.575,-55.1,2.605,4799.1
69,technician,married,university.degree,no,yes,no,cellular,nov,thu,574,6,999,0,success,3.4,94.944,-44.1,6.164000000000001,4928.1
75,admin.,married,professional.course,no,yes,no,cellular,nov,thu,777,5,3,1,success,-1.4,93.879,-37.8,2.009,4717.5
52,admin.,married,basic.9y,no,yes,no,cellular,may,tue,163,11,999,0,nonexistent,0.19999999999999996,94.393,-54.2,2.544,4799.1
48,admin.,married,professional.course,no,yes,yes,cellular,nov,fri,1020,5,999,0,success,0.19999999999999996,94.393,-54.2,2.513,4799.1
45,admin.,single,high.school,no,yes,no,cellular,apr,wed,565,6,999,0,success,0.19999999999999996,94.575,-55.1,2.698,4799.1
60,services,married,basic.6y,no,unknown,unknown,cellular,nov,wed,431,14,999,0,nonexistent,3.4,95.965,-49.8,6.064,4928.1
51,admin.,married,high.school,no,no,no,cellular,nov,tue,579,7,999,0,success,1.9,94.7,-50.0,5.353,4895.8
47,admin.,single,university.degree,no,no,no,cellular,nov,mon,1047,7,999,0,nonexistent,3.4,94.944,-44.1,6.163,4928.1
45,admin.,married,university.degree,no,yes,no,cellular,nov,thu,372,6,999,0,success,3.4,95.418,-50.7,6.163,4928.1
57,admin.,married,university.degree,unknown,no,no,cellular,nov,mon,266,8,999,1,success,1.9,94.7,-50.0,5.391,4895.8
45,admin.,married,high.school,no,yes,yes,cellular,nov,mon,268,13,999,0,success,0.19999999999999996,94.393,-54.2,2.4989999999999997,4799.1
74,admin.,married,unknown,no,unknown,unknown,cellular,nov,wed,439,5,999,0,success,-0.8999999999999999,93.701,-39.4,2.084,4776.2
52,admin.,married,university.degree,no,yes,no,cellular,nov,fri,757,6,999,0,success,0.19999999999999996,94.393,-54.2,2.45,4799.1
54,admin.,married,high.school,no,yes,no,cellular,nov,fri,854,7,999,0,nonexistent,1.9,94.7,-50.0,5.221,4895.8
73,admin.,married,university.degree,no,no,yes,cellular,nov,mon,352,8,999,0,success,3.4,95.965,-49.8,6.065,4928.1
49,admin.,married,university.degree,no,yes,no,cellular,apr,fri,869,5,999,0,success,0.19999999999999996,94.575,-55.1,2.605,4799.1
47,admin.,married,high.school,no,yes,no,cellular,nov,mon,1360,5,999,0,nonexistent,0.19999999999999996,94.393,-54.2,2.4989999999999997,4799.1
53,admin.,married,high.school,no,yes,no,telephone,nov,thu,464,6,999,0,success,3.1,95.494,-44.4,6.055000000000001,4891.0
54,admin.,single,university.degree,unknown,no,no,telephone,jun,mon,1304,6,999,0,success,3.4,95.965,-49.8,6.065,4928.1
63,admin.,married,high.school,unknown,yes,no,cellular,nov,wed,278,7,999,0,success,3.1,95.494,-44.4,6.057,4891.0
47,admin.,single,university.degree,no,no,no,cellular,nov,fri,273,6,999,1,success,1.9,94.7,-50.0,5.221,4895.8
66,admin.,married,university.degree,no,no,no,cellular,jun,thu,651,7,999,0,success,3.4,95.965,-49.8,6.066,4928.1
54,admin.,married,basic.9y,no,yes,no,cellular,nov,wed,1272,5,999,1,success,1.9,94.7,-50.0,5.32,4895.8
59,admin.,single,professional.course,no,yes,no,cellular,nov,mon,235,5,999,0,success,0.19999999999999996,94.393,-54.2,2.464,4799.1
51,admin.,married,professional.course,no,no,no,cellular,nov,mon,572,6,999,0,success,1.9,94.7,-50.0,5.391,4895.8
60,admin.,married,high.school,no,no,yes,cellular,nov,thu,316,6,999,1,failure,0.19999999999999996,94.575,-55.1,2.635,4799.1
51,admin.,married,university.degree,no,no,no,cellular,jul,thu,1130,8,999,0,success,3.4,95.418,-50.7,6.162,4928.1
50,blue-collar,single,basic.4y,unknown,no,no,cellular,nov,wed,430,6,999,0,success,3.4,95.965,-49.8,6.162,4928.1
46,admin.,single,basic.4y,no,yes,no,cellular,nov,thu,377,5,999,0,success,3.4,95.418,-50.7,6.163,4928.1
50,admin.,married,high.school,no,no,no,cellular,nov,tue,451,5,999,0,nonexistent,3.1,95.494,-44.4,6.056,4891.0
53,admin.,single,university.degree,no,no,no,cellular,nov,mon,327,6,999,0,nonexistent,3.4,94.944,-44.1,6.163,4928.1
52,admin.,married,professional.course,no,no,no,cellular,nov,mon,246,5,999,0,nonexistent,3.4,94.944,-44.1,6.17,4928.1
51,admin.,married,university.degree,unknown,yes,no,cellular,nov,thu,289,5,999,0,success,3.4,94.944,-44.1,6.168,4928.1
64,admin.,divorced,high.school,no,yes,no,cellular,nov,fri,548,8,999,0,success,3.4,95.418,-50.7,6.162,4928.1
61,admin.,married,high.school,no,yes,no,cellular,nov,tue,903,9,999,0,success,3.4,94.944,-44.1,6.165,4928.1
54,admin.,married,university.degree,no,no,no,cellular,nov,mon,302,9,999,0,success,3.4,94.944,-44.1,6.165,4928.1
41,admin.,single,high.school,no,no,no,cellular,nov,mon,284,5,999,0,success,3.4,95.418,-50.7,6.16,4928.1
49,admin.,single,university.degree,unknown,yes,no,cellular,nov,wed,358,5,999,0,success,3.4,95.418,-50.7,6.162,4928.1
52,admin.,married,high.school,unknown,yes,no,cellular,nov,thu,986,5,999,0,success,3.4,94.944,-44.1,6.168,4928.1
62,retired,married,basic.4y,unknown,no,no,cellular,nov,fri,233,6,999,0,success,3.4,95.965,-49.8,6.167,4928.1
68,admin.,married,university.degree,no,no,no,cellular,nov,thu,365,5,999,0,nonexistent,1.9,94.7,-50.0,5.276,4895.8
48,blue-collar,single,basic.9y,no,yes,no,cellular,nov,mon,505,5,999,0,success,1.9,94.7,-50.0,5.391,4895.8
56,admin.,single,basic.9y,no,yes,yes,cellular,nov,wed,779,5,999,0,success,0.19999999999999996,94.393,-54.2,2.534,4799.1
51,admin.,married,university.degree,no,yes,no,cellular,nov,wed,1043,6,999,0,success,3.4,94.944,-44.1,6.164000000000001,4928.1
58,admin.,married,unknown,unknown,no,no,cellular,nov,thu,255,6,999,0,success,0.19999999999999996,94.575,-55.1,2.61,4799.1
45,admin.,single,university.degree,no,no,no,cellular,nov,thu,1312,5,999,0,success,0.19999999999999996,94.575,-55.1,2.565,4799.1
50,admin.,married,high.school,no,no,no,cellular,may,mon,406,7,999,0,success,3.1,95.494,-44.4,6.057,4891.0
60,admin.,married,high.school,no,no,yes,telephone,nov,fri,525,5,999,0,success,3.1,95.494,-44.4,6.055000000000001,4891.0
51,admin.,married,university.degree,no,yes,no,cellular,nov,mon,349,6,999,0,success,3.1,95.494,-44.4,6.057,4891.0
52,admin.,married,high.school,no,yes,yes,cellular,nov,fri,277,6,999,0,nonexistent,3.1,95.494,-44.4,6.055000000000001,4891.0
46,admin.,divorced,university.degree,no,yes,no,cellular,nov,thu,358,5,999,0,nonexistent,3.4,94.944,-44.1,6.163,4928.1
64,admin.,married,high.school,no,yes,no,cellular,nov,wed,439,5,999,0,success,-1.4,93.879,-37.8,1.968,4717.5
57,admin.,married,university.degree,no,yes,no,cellular,nov,thu,422,6,999,0,success,3.4,94.944,-44.1,6.163,4928.1
45,admin.,single,basic.9y,unknown,yes,no,cellular,nov,mon,381,8,999,0,success,0.19999999999999996,94.575,-55.1,2.605,4799.1
51,admin.,married,high.school,no,yes,no,cellular,nov,thu,253,6,999,0,success,3.4,95.418,-50.7,6.168,4928.1
53,admin.,divorced,unknown,no,no,no,telephone,nov,wed,584,7,999,0,success,3.1,95.494,-44.4,6.056,4891.0
53,admin.,married,university.degree,no,no,no,cellular,nov,mon,896,8,999,0,success,3.4,94.944,-44.1,6.163,4928.1
58,admin.,married,university.degree,no,yes,no,cellular,nov,tue,163,5,999,0,success,3.4,95.418,-50.7,6.1610000000000005,4928.1
53,admin.,married,basic.9y,no,no,no,cellular,nov,fri,307,5,999,0,success,3.1,95.494,-44.4,6.057,4891.0
69,admin.,married,basic.9y,no,yes,no,cellular,nov,mon,259,5,999,0,success,1.9,94.7,-50.0,5.391,4895.8
46,admin.,married,high.school,unknown,no,no,cellular,nov,wed,268,7,999,0,success,3.4,95.418,-50.7,6.163,4928.1
62,admin.,married,unknown,no,no,no,cellular,nov,thu,325,5,999,0,success,3.4,95.418,-50.7,6.163,4928.1
55,admin.,single,university.degree,no,yes,no,cellular,nov,wed,2037,7,999,0,success,3.4,95.418,-50.7,6.163,4928.1
58,admin.,married,high.school,no,no,no,cellular,nov,tue,349,5,999,0,success,1.9,94.7,-50.0,5.353,4895.8
60,self-employed,married,basic.4y,unknown,no,no,cellular,aug,tue,295,6,999,0,success,3.4,94.944,-44.1,6.166,4928.1
62,admin.,married,high.school,no,no,no,cellular,nov,fri,158,7,999,1,success,1.9,94.7,-50.0,5.221,4895.8
48,blue-collar,married,professional.course,no,yes,no,cellular,nov,wed,278,5,999,0,success,-0.8999999999999999,94.463,-48.8,2.46,4776.2
47,admin.,married,high.school,no,yes,no,cellular,nov,mon,1817,5,999,0,success,1.9,94.7,-50.0,5.391,4895.8
57,admin.,single,university.degree,no,yes,yes,cellular,aug,wed,615,12,999,0,success,3.4,94.944,-44.1,6.165,4928.1
59,admin.,married,university.degree,unknown,yes,yes,cellular,nov,mon,836,11,999,0,nonexistent,3.1,95.494,-44.4,6.057,4891.0
54,housemaid,married,basic.9y,no,yes,yes,cellular,nov,mon,322,5,999,0,nonexistent,1.9,94.7,-50.0,5.391,4895.8
49,admin.,married,high.school,unknown,no,no,telephone,nov,tue,759,5,999,0,success,3.1,95.494,-44.4,6.057,4891.0
46,admin.,single,high.school,no,yes,no,cellular,nov,fri,311,6,999,0,success,1.9,94.7,-50.0,5.221,4895.8
58,admin.,married,university.degree,no,yes,no,cellular,nov,wed,327,7,999,0,success,3.4,94.944,-44.1,6.164000000000001,4928.1
52,admin.,married,professional.course,no,no,no,cellular,nov,thu,372,5,999,0,nonexistent,3.1,95.494,-44.4,6.055000000000001,4891.0
60,admin.,divorced,basic.9y,no,yes,no,cellular,nov,mon,383,6,999,0,success,3.4,95.418,-50.7,6.162,4928.1
61,admin.,married,basic.4y,no,no,no,cellular,nov,thu,203,6,999,0,success,0.19999999999999996,94.393,-54.2,2.466,4799.1
63,admin.,married,basic.6y,no,yes,no,cellular,nov,thu,404,6,999,0,success,0.19999999999999996,94.393,-54.2,2.4699999999999998,4799.1
52,admin.,married,basic.9y,no,yes,no,telephone,nov,thu,799,8,999,0,success,3.1,95.494,-44.4,6.0600000000000005,4891.0
50,admin.,married,high.school,no,no,yes,cellular,jul,thu,271,5,999,0,success,3.4,95.418,-50.7,6.158,4928.1
49,admin.,married,high.school,no,yes,no,cellular,apr,fri,323,6,999,2,success,0.19999999999999996,94.575,-55.1,2.605,4799.1
48,self-employed,married,university.degree,no,yes,no,cellular,nov,mon,296,7,999,0,success,-0.8999999999999999,93.701,-39.4,2.021,4776.2
50,admin.,married,basic.9y,no,no,no,cellular,jul,tue,624,6,999,0,success,3.4,95.418,-50.7,6.1610000000000005,4928.1
53,admin.,divorced,high.school,no,yes,no,cellular,nov,wed,2570,5,999,1,success,-0.8999999999999999,94.463,-48.8,2.46,4776.2
49,admin.,single,unknown,no,yes,no,cellular,nov,thu,696,6,3,1,success,-0.8999999999999999,93.701,-39.4,2.051,4776.2
45,admin.,married,professional.course,no,yes,no,cellular,may,fri,401,8,999,0,success,0.19999999999999996,94.393,-54.2,2.513,4799.1
69,admin.,married,basic.4y,no,no,no,cellular,nov,mon,210,5,999,0,success,0.19999999999999996,94.393,-54.2,2.4989999999999997,4799.1
77,admin.,married,university.degree,no,no,no,cellular,nov,thu,989,6,6,3,success,0.8999999999999999,96.267,-58.8,2.231,4663.6
53,admin.,single,high.school,no,yes,yes,cellular,nov,thu,941,5,999,1,success,0.19999999999999996,94.393,-54.2,2.466,4799.1
57,admin.,married,university.degree,no,no,no,cellular,nov,tue,3139,5,999,0,success,3.1,95.494,-44.4,6.057,4891.0
86,admin.,married,professional.course,no,yes,no,cellular,nov,tue,304,5,999,0,success,-1.4,94.149,-38.1,1.92,4717.5
54,services,single,high.school,unknown,no,no,telephone,nov,thu,664,6,999,0,success,3.1,95.494,-44.4,6.055000000000001,4891.0
66,services,married,high.school,no,yes,no,cellular,jul,thu,404,7,999,0,success,3.4,95.418,-50.7,6.166,4928.1
66,admin.,married,basic.6y,unknown,no,no,telephone,nov,fri,1069,6,999,0,success,3.4,95.965,-49.8,6.167,4928.1
56,admin.,married,professional.course,unknown,yes,no,cellular,nov,fri,253,6,999,1,success,0.19999999999999996,94.575,-55.1,2.605,4799.1
55,admin.,married,university.degree,no,yes,no,cellular,nov,thu,741,6,999,0,success,3.1,95.494,-44.4,6.055000000000001,4891.0
66,admin.,divorced,professional.course,no,no,yes,cellular,nov,mon,1169,7,999,0,success,0.19999999999999996,94.575,-55.1,2.666,4799.1
61,admin.,married,university.degree,no,yes,no,cellular,nov,thu,415,5,999,0,success,-0.8999999999999999,93.701,-39.4,2.073,4776.2
58,admin.,divorced,professional.course,no,no,no,cellular,nov,fri,473,6,999,0,nonexistent,0.19999999999999996,94.393,-54.2,2.513,4799.1
70,admin.,divorced,basic.6y,no,yes,no,cellular,nov,thu,307,7,999,0,success,1.9,94.7,-50.0,5.276,4895.8
74,admin.,married,basic.6y,no,yes,no,cellular,nov,tue,154,19,999,0,success,3.1,95.494,-44.4,6.056,4891.0
62,admin.,married,professional.course,unknown,unknown,unknown,cellular,nov,thu,154,7,999,0,success,3.4,95.965,-49.8,6.066,4928.1
39,admin.,single,basic.9y,no,unknown,unknown,cellular,nov,mon,350,5,3,1,success,-0.8999999999999999,94.463,-48.8,2.466,4776.2
93,admin.,divorced,professional.course,no,yes,no,cellular,nov,tue,1184,5,999,1,success,0.19999999999999996,94.869,-42.8,1.855,4708.7
43,admin.,married,basic.9y,unknown,no,no,cellular,nov,thu,251,5,999,0,success,3.1,95.494,-44.4,6.0600000000000005,4891.0
47,admin.,single,basic.9y,no,no,no,cellular,nov,wed,1400,5,999,0,nonexistent,3.4,95.418,-50.7,6.163,4928.1
45,admin.,married,professional.course,no,yes,no,cellular,nov,tue,388,5,999,0,success,3.4,94.944,-44.1,6.163,4928.1
46,admin.,single,university.degree,unknown,yes,no,cellular,nov,tue,235,5,999,0,nonexistent,3.4,94.944,-44.1,6.163,4928.1
64,admin.,married,high.school,no,no,no,cellular,nov,mon,502,5,999,0,success,3.4,94.944,-44.1,6.165,4928.1
53,admin.,married,high.school,no,yes,yes,cellular,nov,thu,152,38,999,0,nonexistent,3.4,95.418,-50.7,6.168,4928.1
50,admin.,married,professional.course,no,yes,no,cellular,sep,thu,925,5,999,2,success,0.8999999999999999,95.699,-45.5,2.078,4663.6
62,admin.,married,unknown,no,yes,no,cellular,nov,wed,359,5,999,0,success,3.4,95.418,-50.7,6.163,4928.1
70,admin.,married,basic.4y,unknown,no,yes,cellular,nov,mon,242,6,999,0,success,1.9,94.7,-50.0,5.391,4895.8
46,admin.,single,basic.9y,no,no,no,cellular,nov,tue,224,5,999,0,success,1.9,94.7,-50.0,5.353,4895.8
49,admin.,married,university.degree,unknown,no,no,cellular,nov,wed,449,5,999,0,success,3.4,95.418,-50.7,6.163,4928.1
43,admin.,single,basic.9y,no,no,no,cellular,nov,fri,239,6,999,0,success,3.4,95.418,-50.7,6.162,4928.1
53,admin.,married,university.degree,no,no,no,cellular,nov,fri,458,9,999,0,success,3.4,95.418,-50.7,6.162,4928.1
44,admin.,single,university.degree,no,yes,no,cellular,nov,wed,509,5,999,0,success,0.19999999999999996,94.575,-55.1,2.645,4799.1
58,admin.,married,basic.9y,no,no,no,cellular,nov,tue,700,8,999,0,success,0.19999999999999996,94.393,-54.2,2.544,4799.1
44,admin.,single,unknown,no,yes,no,cellular,jul,mon,442,8,999,0,success,3.4,95.418,-50.7,6.16,4928.1
63,blue-collar,married,basic.9y,no,yes,no,cellular,nov,fri,421,6,999,0,success,3.1,95.494,-44.4,6.059,4891.0
48,admin.,single,university.degree,no,no,no,cellular,nov,thu,395,5,999,1,success,1.9,94.7,-50.0,5.276,4895.8
51,admin.,single,university.degree,no,yes,no,cellular,nov,fri,970,5,999,0,success,3.4,94.944,-44.1,6.166,4928.1
59,admin.,married,professional.course,unknown,no,yes,cellular,nov,mon,1213,5,999,0,success,3.4,94.944,-44.1,6.165,4928.1
63,admin.,married,basic.9y,no,yes,no,cellular,aug,mon,1195,6,999,0,success,3.4,94.944,-44.1,6.17,4928.1
71,admin.,married,high.school,no,yes,yes,cellular,nov,fri,674,6,999,0,success,-0.8999999999999999,93.969,-41.6,2.259,4776.2
61,admin.,married,professional.course,no,no,yes,cellular,aug,tue,419,6,999,0,success,3.4,94.944,-44.1,6.168,4928.1
73,admin.,divorced,university.degree,unknown,yes,no,cellular,nov,mon,167,6,999,0,success,3.4,94.944,-44.1,6.165,4928.1
51,admin.,married,basic.6y,unknown,no,no,cellular,nov,mon,539,11,999,0,success,3.4,94.944,-44.1,6.163,4928.1
58,admin.,married,university.degree,no,yes,no,cellular,nov,tue,1515,5,999,0,nonexistent,3.1,95.494,-44.4,6.056,4891.0
49,admin.,married,basic.9y,unknown,yes,yes,cellular,nov,wed,1250,5,999,0,success,3.1,95.494,-44.4,6.058,4891.0
48,admin.,divorced,university.degree,no,no,yes,cellular,nov,thu,482,12,999,0,success,0.19999999999999996,94.393,-54.2,2.527,4799.1
48,unemployed,divorced,professional.course,no,no,no,cellular,nov,mon,475,8,999,0,nonexistent,3.4,94.944,-44.1,6.163,4928.1
82,admin.,married,basic.6y,no,no,no,cellular,aug,tue,948,6,999,0,nonexistent,-0.8999999999999999,93.701,-39.4,2.059,4776.2
91,admin.,married,university.degree,no,yes,no,cellular,nov,thu,739,5,999,1,success,-0.8999999999999999,93.701,-39.4,2.073,4776.2
47,admin.,married,basic.9y,no,no,no,cellular,nov,fri,287,6,999,0,success,3.4,95.965,-49.8,6.167,4928.1
71,admin.,married,professional.course,no,yes,no,cellular,nov,mon,1238,8,999,0,success,3.1,95.494,-44.4,6.057,4891.0
50,entrepreneur,divorced,university.degree,no,no,no,cellular,nov,tue,343,5,999,0,nonexistent,3.1,95.494,-44.4,6.057,4891.0
51,admin.,married,university.degree,unknown,yes,no,cellular,nov,thu,336,5,999,0,success,3.4,94.944,-44.1,6.163,4928.1
47,admin.,divorced,university.degree,no,yes,no,cellular,nov,thu,392,5,999,0,success,3.4,95.418,-50.7,6.163,4928.1
53,admin.,married,basic.9y,no,yes,no,cellular,may,wed,399,9,999,0,success,0.19999999999999996,94.393,-54.2,2.534,4799.1
53,admin.,single,university.degree,no,yes,no,cellular,nov,mon,305,6,999,0,success,0.19999999999999996,94.393,-54.2,2.444,4799.1
52,blue-collar,married,basic.6y,no,no,no,cellular,nov,tue,255,11,999,0,success,0.19999999999999996,94.393,-54.2,2.544,4799.1
62,admin.,divorced,high.school,no,yes,no,cellular,nov,thu,723,6,999,0,nonexistent,3.4,95.418,-50.7,6.162,4928.1
69,blue-collar,divorced,high.school,unknown,no,no,cellular,nov,fri,275,6,999,0,success,3.4,95.418,-50.7,6.163,4928.1
60,admin.,married,high.school,unknown,no,no,cellular,nov,wed,640,7,999,0,success,1.9,94.7,-50.0,5.32,4895.8
43,admin.,single,basic.9y,no,no,no,cellular,nov,fri,1565,5,999,0,success,3.4,95.418,-50.7,6.162,4928.1
43,admin.,married,university.degree,no,yes,no,cellular,nov,thu,251,5,999,1,success,-0.8999999999999999,94.463,-48.8,2.46,4776.2
46,services,married,high.school,unknown,no,yes,cellular,nov,thu,232,10,999,0,success,3.4,95.965,-49.8,6.158,4928.1
62,admin.,married,basic.4y,no,no,no,cellular,nov,thu,268,5,999,0,success,3.4,94.944,-44.1,6.168,4928.1
41,admin.,single,high.school,no,no,no,cellular,jul,fri,1178,11,999,0,success,3.4,95.418,-50.7,6.157,4928.1
46,admin.,single,university.degree,no,yes,no,cellular,nov,mon,484,8,999,0,success,-0.8999999999999999,93.969,-41.6,2.248,4776.2
47,admin.,divorced,high.school,no,yes,no,cellular,nov,thu,692,7,999,0,nonexistent,0.19999999999999996,94.393,-54.2,2.466,4799.1
83,admin.,divorced,high.school,no,yes,no,cellular,nov,mon,354,8,999,2,success,0.8999999999999999,96.101,-57.5,2.2,4663.6
36,admin.,single,high.school,no,yes,no,cellular,nov,wed,320,5,999,0,success,3.4,95.418,-50.7,6.157,4928.1
54,blue-collar,married,basic.6y,no,no,no,cellular,may,wed,318,6,999,1,success,0.19999999999999996,94.393,-54.2,2.534,4799.1
55,admin.,divorced,university.degree,no,yes,no,cellular,nov,wed,2591,6,999,0,success,3.4,95.418,-50.7,6.163,4928.1
48,admin.,married,university.degree,no,no,no,cellular,nov,tue,255,6,999,0,success,3.4,94.944,-44.1,6.165,4928.1
51,admin.,married,university.degree,no,no,yes,cellular,nov,fri,444,5,999,0,nonexistent,3.1,95.494,-44.4,6.055000000000001,4891.0
68,admin.,married,basic.6y,no,no,no,cellular,nov,thu,1186,7,999,1,success,-0.8999999999999999,94.463,-48.8,2.46,4776.2
45,admin.,married,high.school,no,no,no,cellular,nov,tue,381,5,999,0,success,1.9,94.7,-50.0,5.353,4895.8
53,admin.,married,professional.course,no,no,no,cellular,aug,mon,1781,5,999,1,failure,-0.8999999999999999,93.701,-39.4,2.084,4776.2
46,admin.,married,university.degree,no,yes,yes,cellular,nov,tue,235,5,999,0,nonexistent,1.9,94.7,-50.0,5.353,4895.8
45,admin.,single,unknown,no,no,no,cellular,nov,thu,302,5,14,1,success,0.19999999999999996,94.869,-42.8,1.835,4708.7
58,admin.,married,basic.4y,no,yes,no,cellular,nov,tue,381,6,999,0,success,1.9,94.7,-50.0,5.353,4895.8
49,admin.,single,university.degree,no,yes,no,telephone,aug,thu,683,5,999,0,success,3.4,94.944,-44.1,6.164000000000001,4928.1
58,admin.,married,high.school,no,yes,yes,cellular,nov,fri,667,6,999,0,success,3.4,95.965,-49.8,6.167,4928.1
64,admin.,married,basic.4y,unknown,yes,no,cellular,nov,thu,489,5,999,0,success,3.4,94.944,-44.1,6.164000000000001,4928.1
72,admin.,married,basic.4y,no,no,no,cellular,nov,wed,210,6,999,0,success,3.4,94.944,-44.1,6.164000000000001,4928.1
45,blue-collar,single,basic.9y,no,yes,yes,cellular,nov,mon,413,8,999,0,nonexistent,3.1,95.494,-44.4,6.057,4891.0
74,admin.,married,basic.4y,unknown,yes,no,cellular,may,thu,413,5,999,0,success,3.1,95.494,-44.4,6.0600000000000005,4891.0
40,admin.,single,university.degree,no,yes,yes,cellular,nov,wed,413,6,999,0,nonexistent,0.19999999999999996,94.393,-54.2,2.4699999999999998,4799.1
58,blue-collar,married,basic.6y,no,yes,no,cellular,nov,thu,156,8,999,0,nonexistent,1.9,94.7,-50.0,5.276,4895.8
95,retired,divorced,basic.4y,no,yes,yes,cellular,nov,thu,1117,5,10,2,success,0.19999999999999996,95.249,-42.6,1.8439999999999999,4708.7
50,admin.,single,high.school,no,no,no,cellular,may,tue,730,8,999,1,success,0.19999999999999996,94.393,-54.2,2.4909999999999997,4799.1
64,admin.,married,university.degree,no,no,no,cellular,nov,mon,415,5,999,0,nonexistent,-0.8999999999999999,94.463,-48.8,2.466,4776.2
62,admin.,divorced,high.school,no,no,no,cellular,aug,tue,487,10,999,0,success,3.4,94.944,-44.1,6.166,4928.1
53,admin.,single,professional.course,no,no,no,cellular,jul,thu,165,10,999,0,success,3.4,95.418,-50.7,6.168,4928.1
47,admin.,married,basic.9y,no,no,no,cellular,nov,tue,219,5,999,0,success,1.9,94.7,-50.0,5.353,4895.8
47,admin.,married,basic.4y,no,no,no,cellular,nov,thu,480,13,999,0,success,3.4,94.944,-44.1,6.163,4928.1
61,admin.,married,university.degree,no,no,no,cellular,nov,tue,604,7,999,0,success,0.19999999999999996,94.343,-58.0,2.7560000000000002,4799.1
68,services,married,high.school,unknown,no,no,cellular,may,thu,4188,6,999,0,success,3.1,95.494,-44.4,6.0600000000000005,4891.0
45,admin.,married,professional.course,no,no,yes,cellular,may,fri,827,6,999,0,nonexistent,3.1,95.494,-44.4,6.055000000000001,4891.0
62,blue-collar,married,basic.6y,no,yes,yes,telephone,nov,thu,287,5,999,0,success,3.1,95.494,-44.4,6.055000000000001,4891.0
69,admin.,married,high.school,no,yes,no,cellular,nov,mon,637,5,999,0,success,1.9,94.7,-50.0,5.391,4895.8
53,admin.,single,basic.9y,no,no,yes,cellular,nov,fri,320,7,999,0,success,3.4,95.965,-49.8,6.159,4928.1
48,admin.,married,basic.9y,no,yes,no,cellular,nov,mon,446,6,999,0,nonexistent,3.4,95.418,-50.7,6.16,4928.1
70,retired,married,high.school,no,no,no,cellular,may,tue,581,5,999,0,success,0.19999999999999996,94.393,-54.2,2.466,4799.1
75,admin.,married,university.degree,unknown,no,no,cellular,nov,mon,379,5,999,0,success,3.4,94.944,-44.1,6.17,4928.1
46,technician,married,university.degree,no,yes,no,cellular,nov,thu,291,5,999,0,success,3.4,94.944,-44.1,6.164000000000001,4928.1
60,admin.,married,basic.4y,unknown,yes,no,cellular,nov,tue,687,6,999,0,nonexistent,3.4,95.418,-50.7,6.1610000000000005,4928.1
47,admin.,divorced,university.degree,no,no,no,cellular,nov,wed,259,5,999,0,success,1.9,94.7,-50.0,5.32,4895.8
50,admin.,married,basic.6y,no,yes,no,telephone,nov,mon,682,5,999,0,nonexistent,3.1,95.494,-44.4,6.057,4891.0
50,admin.,married,basic.9y,unknown,no,no,cellular,nov,thu,284,5,999,1,success,0.19999999999999996,94.393,-54.2,2.527,4799.1
48,services,married,high.school,no,yes,no,cellular,nov,fri,593,9,999,0,nonexistent,3.1,95.494,-44.4,6.055000000000001,4891.0
46,admin.,single,professional.course,no,yes,yes,cellular,may,mon,457,5,999,1,success,0.19999999999999996,94.393,-54.2,2.4989999999999997,4799.1
46,admin.,single,university.degree,no,no,no,cellular,nov,mon,237,8,999,0,success,3.4,94.944,-44.1,6.165,4928.1
51,admin.,divorced,university.degree,no,yes,no,cellular,nov,fri,322,7,999,0,success,3.4,95.965,-49.8,6.159,4928.1
50,admin.,married,university.degree,unknown,yes,no,cellular,nov,tue,845,5,999,0,success,3.4,95.418,-50.7,6.1610000000000005,4928.1
63,admin.,married,university.degree,no,yes,no,cellular,jul,mon,566,7,999,0,nonexistent,3.4,95.418,-50.7,6.162,4928.1
44,admin.,single,university.degree,no,yes,yes,cellular,nov,thu,584,5,999,0,success,3.4,95.418,-50.7,6.158,4928.1
46,admin.,married,university.degree,no,yes,no,cellular,nov,thu,275,5,999,0,nonexistent,1.9,94.7,-50.0,5.276,4895.8
56,admin.,married,basic.9y,no,yes,no,cellular,nov,mon,593,5,999,0,success,0.19999999999999996,94.575,-55.1,2.666,4799.1
54,admin.,single,basic.4y,no,no,yes,telephone,nov,fri,833,8,999,0,nonexistent,3.4,95.965,-49.8,6.167,4928.1
48,admin.,single,high.school,no,no,yes,cellular,may,mon,428,6,999,0,success,0.19999999999999996,94.393,-54.2,2.4989999999999997,4799.1
51,technician,single,professional.course,unknown,no,no,cellular,nov,wed,2111,5,999,0,nonexistent,3.1,95.494,-44.4,6.058,4891.0
71,admin.,single,high.school,no,no,no,cellular,nov,fri,287,6,999,0,success,3.1,95.494,-44.4,6.055000000000001,4891.0
57,admin.,married,professional.course,unknown,yes,no,cellular,aug,thu,359,5,999,0,success,3.4,94.944,-44.1,6.164000000000001,4928.1
49,technician,married,university.degree,unknown,yes,no,cellular,nov,thu,138,5,999,0,success,3.4,94.944,-44.1,6.164000000000001,4928.1
49,admin.,married,university.degree,no,yes,no,cellular,nov,wed,503,9,999,0,success,1.9,94.7,-50.0,5.32,4895.8
57,admin.,married,professional.course,no,yes,no,cellular,nov,thu,282,5,999,0,success,1.9,94.7,-50.0,5.445,4895.8
56,admin.,married,basic.9y,unknown,no,no,cellular,nov,wed,304,5,999,0,nonexistent,3.4,95.965,-49.8,6.064,4928.1
41,admin.,single,high.school,no,no,no,cellular,jun,thu,953,5,999,0,nonexistent,3.4,95.965,-49.8,6.066,4928.1
47,admin.,single,university.degree,no,yes,no,cellular,oct,wed,475,6,999,0,success,-1.4,93.931,-34.9,1.935,4717.5
64,admin.,divorced,basic.4y,no,yes,no,cellular,nov,fri,325,8,999,0,nonexistent,3.1,95.494,-44.4,6.057,4891.0
48,admin.,married,university.degree,no,no,no,cellular,nov,wed,284,6,999,0,success,1.9,94.7,-50.0,5.32,4895.8
54,admin.,married,basic.6y,unknown,no,no,cellular,may,thu,536,5,999,0,success,3.1,95.494,-44.4,6.0600000000000005,4891.0
56,technician,single,professional.course,unknown,no,yes,cellular,nov,tue,304,7,999,0,success,3.4,94.944,-44.1,6.163,4928.1
42,admin.,single,university.degree,no,no,no,cellular,nov,mon,856,5,1,1,success,0.19999999999999996,94.393,-54.2,2.4989999999999997,4799.1
71,admin.,married,basic.4y,no,no,no,telephone,nov,wed,278,6,999,0,success,3.1,95.494,-44.4,6.057,4891.0
60,admin.,married,basic.9y,unknown,no,no,cellular,nov,fri,615,5,999,0,success,3.1,95.494,-44.4,6.055000000000001,4891.0
46,admin.,single,university.degree,unknown,no,yes,cellular,nov,thu,329,5,999,0,success,3.4,94.944,-44.1,6.168,4928.1
62,admin.,married,university.degree,no,yes,no,cellular,aug,wed,741,11,999,0,success,3.4,94.944,-44.1,6.164000000000001,4928.1
42,admin.,married,high.school,no,yes,no,cellular,nov,mon,642,6,999,0,nonexistent,3.4,95.418,-50.7,6.162,4928.1
73,housemaid,married,basic.4y,unknown,yes,no,cellular,nov,fri,1294,6,999,0,success,3.1,95.494,-44.4,6.064,4891.0
57,admin.,single,university.degree,no,yes,no,cellular,nov,fri,1004,5,999,0,nonexistent,3.4,95.965,-49.8,6.167,4928.1
50,admin.,single,professional.course,no,no,no,cellular,aug,tue,1043,6,999,0,nonexistent,3.4,94.944,-44.1,6.168,4928.1
66,admin.,married,basic.4y,unknown,no,no,cellular,nov,mon,1160,6,999,0,success,3.4,95.418,-50.7,6.16,4928.1
58,admin.,single,basic.9y,no,yes,no,cellular,jun,wed,757,25,999,0,success,3.4,95.965,-49.8,6.162,4928.1
51,admin.,single,university.degree,no,yes,no,cellular,nov,wed,381,7,999,0,success,3.1,95.494,-44.4,6.057,4891.0
58,admin.,married,high.school,no,no,no,cellular,nov,fri,521,5,3,1,success,0.19999999999999996,94.393,-54.2,2.4589999999999996,4799.1
45,admin.,married,high.school,no,yes,no,cellular,may,thu,502,10,999,0,success,3.1,95.494,-44.4,6.0600000000000005,4891.0
50,admin.,married,high.school,no,no,yes,cellular,nov,mon,325,6,999,0,nonexistent,3.1,95.494,-44.4,6.057,4891.0
60,admin.,married,basic.9y,no,no,no,cellular,aug,wed,705,5,999,0,success,3.4,94.944,-44.1,6.165,4928.1
65,admin.,married,university.degree,no,yes,no,cellular,nov,fri,781,5,999,0,success,3.4,95.418,-50.7,6.162,4928.1
46,admin.,single,university.degree,no,yes,no,cellular,nov,thu,703,5,999,0,success,3.4,95.418,-50.7,6.158,4928.1
46,admin.,single,university.degree,no,unknown,unknown,cellular,nov,wed,230,6,999,0,success,3.4,95.418,-50.7,6.163,4928.1
73,admin.,married,basic.9y,unknown,yes,no,telephone,may,thu,1610,7,999,0,success,3.1,95.494,-44.4,6.0600000000000005,4891.0
62,management,married,basic.4y,unknown,yes,no,cellular,nov,tue,300,7,999,0,success,3.4,95.965,-49.8,6.064,4928.1
47,admin.,single,basic.9y,unknown,no,no,cellular,nov,thu,199,7,999,0,success,3.1,95.494,-44.4,6.0600000000000005,4891.0
48,technician,single,university.degree,no,no,no,cellular,nov,tue,664,7,999,0,success,3.4,94.944,-44.1,6.163,4928.1
48,admin.,single,basic.4y,no,yes,yes,cellular,may,wed,856,6,999,0,success,0.19999999999999996,94.393,-54.2,2.481,4799.1
44,admin.,single,university.degree,no,yes,no,cellular,jul,wed,251,10,999,0,success,3.4,95.418,-50.7,6.157,4928.1
37,admin.,single,high.school,no,yes,no,cellular,jul,fri,235,6,999,0,success,3.4,95.418,-50.7,6.157,4928.1
56,admin.,married,high.school,no,yes,yes,cellular,nov,mon,257,7,999,0,success,3.4,95.418,-50.7,6.162,4928.1
38,blue-collar,single,high.school,no,no,no,cellular,nov,thu,530,5,999,0,success,3.4,95.418,-50.7,6.163,4928.1
52,admin.,married,basic.9y,no,unknown,unknown,cellular,jun,thu,289,8,999,0,success,3.4,95.965,-49.8,6.066,4928.1
52,admin.,married,professional.course,unknown,yes,yes,cellular,jun,thu,363,5,999,0,success,3.4,95.965,-49.8,6.1610000000000005,4928.1
59,admin.,married,university.degree,unknown,no,no,cellular,may,fri,417,10,999,0,success,3.1,95.494,-44.4,6.059,4891.0
48,admin.,married,basic.9y,no,yes,no,telephone,nov,mon,676,7,999,1,success,1.9,94.7,-50.0,5.391,4895.8
50,admin.,married,high.school,no,yes,no,cellular,jun,thu,849,6,999,0,success,3.4,95.965,-49.8,6.1610000000000005,4928.1
59,admin.,married,basic.4y,unknown,yes,no,telephone,nov,mon,658,8,999,0,success,3.4,95.965,-49.8,6.1610000000000005,4928.1
65,blue-collar,divorced,basic.9y,no,yes,no,cellular,nov,tue,638,6,999,0,success,3.4,95.965,-49.8,6.064,4928.1
44,admin.,single,university.degree,no,no,yes,cellular,aug,tue,595,5,999,0,nonexistent,3.4,94.944,-44.1,6.163,4928.1
59,admin.,married,high.school,unknown,yes,no,cellular,nov,wed,471,7,999,0,success,3.4,95.418,-50.7,6.163,4928.1
61,admin.,married,basic.9y,unknown,no,no,cellular,nov,mon,269,11,999,0,nonexistent,3.4,95.418,-50.7,6.162,4928.1
53,admin.,single,basic.4y,no,yes,no,cellular,nov,mon,845,6,999,0,success,3.1,95.494,-44.4,6.058,4891.0
53,admin.,single,professional.course,no,yes,no,cellular,nov,tue,426,7,999,0,success,3.4,95.418,-50.7,6.1610000000000005,4928.1
59,admin.,married,university.degree,no,yes,no,cellular,nov,fri,1146,8,999,0,success,1.9,94.7,-50.0,5.221,4895.8
71,admin.,divorced,basic.9y,unknown,yes,no,cellular,may,thu,196,7,999,0,success,3.1,95.494,-44.4,6.0600000000000005,4891.0
46,admin.,married,basic.6y,no,yes,no,cellular,nov,tue,581,9,999,0,success,3.1,95.494,-44.4,6.057,4891.0
54,admin.,single,basic.6y,no,yes,no,cellular,nov,thu,259,6,999,0,success,3.1,95.494,-44.4,6.0600000000000005,4891.0
45,admin.,single,professional.course,no,yes,no,cellular,nov,fri,921,5,999,0,nonexistent,3.4,94.944,-44.1,6.166,4928.1
58,admin.,divorced,university.degree,no,no,no,telephone,may,tue,277,5,999,0,success,3.1,95.494,-44.4,6.057,4891.0
44,admin.,married,basic.4y,no,no,yes,cellular,nov,mon,415,5,999,0,success,3.4,95.965,-49.8,6.1610000000000005,4928.1
75,admin.,married,professional.course,no,yes,no,cellular,nov,thu,1148,5,999,0,success,0.19999999999999996,94.575,-55.1,2.565,4799.1
52,technician,single,university.degree,no,no,no,cellular,nov,wed,462,7,999,0,success,3.4,95.965,-49.8,6.162,4928.1
44,admin.,married,high.school,no,yes,no,cellular,nov,tue,802,6,13,1,success,0.30000000000000004,95.555,-47.8,1.923,4691.6
53,technician,single,university.degree,no,yes,no,cellular,nov,fri,941,5,999,1,failure,0.19999999999999996,94.575,-55.1,2.605,4799.1
50,services,divorced,high.school,no,yes,yes,cellular,nov,fri,313,5,999,0,success,0.19999999999999996,94.575,-55.1,2.605,4799.1
63,admin.,married,basic.9y,no,no,no,cellular,nov,wed,608,10,999,0,success,3.4,95.418,-50.7,6.163,4928.1
71,management,married,university.degree,no,no,no,telephone,nov,wed,750,6,999,0,success,3.1,95.494,-44.4,6.059,4891.0
70,admin.,married,basic.4y,no,yes,no,cellular,nov,fri,566,6,999,0,success,0.19999999999999996,94.575,-55.1,2.605,4799.1
49,admin.,married,basic.9y,no,yes,no,cellular,nov,fri,532,9,999,0,success,3.1,95.494,-44.4,6.055000000000001,4891.0
51,admin.,single,university.degree,no,no,no,cellular,nov,fri,385,9,999,0,success,3.1,95.494,-44.4,6.064,4891.0
70,admin.,married,professional.course,no,no,no,cellular,nov,mon,797,6,999,1,success,0.19999999999999996,94.575,-55.1,2.666,4799.1
68,admin.,married,basic.4y,unknown,no,no,cellular,nov,fri,1061,5,999,0,success,3.4,94.944,-44.1,6.166,4928.1
50,blue-collar,married,high.school,no,yes,no,cellular,nov,wed,1310,5,999,0,success,1.9,94.7,-50.0,5.32,4895.8
61,admin.,divorced,high.school,no,yes,no,cellular,nov,wed,1294,5,999,0,success,3.4,95.418,-50.7,6.163,4928.1
45,admin.,married,university.degree,no,no,no,cellular,nov,mon,313,8,999,0,success,0.19999999999999996,94.393,-54.2,2.5540000000000003,4799.1
63,admin.,married,university.degree,no,yes,yes,cellular,nov,tue,379,5,999,0,nonexistent,3.4,94.944,-44.1,6.163,4928.1
53,blue-collar,married,basic.6y,no,unknown,unknown,cellular,nov,wed,356,7,999,0,success,3.1,95.494,-44.4,6.056,4891.0
55,admin.,divorced,university.degree,unknown,yes,no,cellular,nov,thu,496,5,999,0,success,3.4,95.965,-49.8,6.1610000000000005,4928.1
45,admin.,married,basic.6y,no,yes,yes,cellular,nov,thu,215,5,999,0,nonexistent,3.4,95.418,-50.7,6.158,4928.1
45,admin.,single,university.degree,no,no,no,cellular,nov,tue,599,6,999,2,success,-1.4,94.149,-38.1,1.915,4717.5
54,admin.,single,high.school,no,no,no,cellular,nov,wed,172,5,999,0,nonexistent,3.4,95.965,-49.8,6.159,4928.1
60,admin.,married,university.degree,unknown,no,no,cellular,nov,wed,592,13,999,0,success,3.4,95.965,-49.8,6.162,4928.1
55,admin.,married,basic.9y,no,yes,yes,cellular,jun,tue,442,6,999,0,success,3.4,95.965,-49.8,6.064,4928.1
60,admin.,divorced,professional.course,unknown,yes,yes,cellular,nov,wed,365,5,999,1,success,1.9,94.7,-50.0,5.32,4895.8
58,admin.,single,university.degree,no,yes,no,cellular,nov,tue,489,5,999,0,success,-1.4,93.931,-34.9,1.944,4717.5
72,admin.,single,basic.4y,no,no,yes,cellular,jul,fri,287,15,999,0,nonexistent,3.4,95.418,-50.7,6.162,4928.1
63,unknown,married,unknown,unknown,yes,no,cellular,nov,tue,476,8,999,0,success,3.4,95.418,-50.7,6.1610000000000005,4928.1
55,admin.,married,basic.6y,unknown,yes,no,cellular,nov,wed,532,10,999,0,success,3.4,95.965,-49.8,6.064,4928.1
48,admin.,married,university.degree,no,yes,no,cellular,nov,thu,584,11,999,0,nonexistent,3.4,95.418,-50.7,6.168,4928.1
66,blue-collar,married,basic.9y,unknown,no,yes,cellular,nov,wed,160,6,999,0,success,0.19999999999999996,94.393,-54.2,2.534,4799.1
44,admin.,married,university.degree,no,yes,no,cellular,nov,thu,584,5,999,0,success,3.4,95.418,-50.7,6.168,4928.1
60,admin.,divorced,university.degree,no,yes,yes,cellular,nov,tue,466,5,999,0,success,3.4,95.418,-50.7,6.1610000000000005,4928.1
61,admin.,single,professional.course,no,no,no,cellular,nov,thu,350,5,999,0,success,3.4,94.944,-44.1,6.168,4928.1
57,admin.,married,high.school,no,no,no,cellular,nov,thu,1339,5,999,0,success,3.4,95.965,-49.8,6.1610000000000005,4928.1
46,admin.,married,basic.9y,no,no,no,cellular,nov,mon,253,6,999,0,nonexistent,0.19999999999999996,94.575,-55.1,2.605,4799.1
62,admin.,divorced,high.school,no,no,no,cellular,nov,tue,703,5,999,0,success,0.19999999999999996,94.393,-54.2,2.4909999999999997,4799.1
60,admin.,divorced,university.degree,no,no,yes,cellular,jun,wed,262,5,3,2,success,0.30000000000000004,95.555,-47.8,1.939,4691.6
60,admin.,married,university.degree,no,yes,no,cellular,nov,fri,586,5,999,0,success,0.19999999999999996,94.393,-54.2,2.45,4799.1
51,admin.,married,basic.9y,no,no,no,cellular,nov,thu,460,7,999,0,success,0.19999999999999996,94.393,-54.2,2.527,4799.1
70,admin.,married,basic.4y,no,yes,no,cellular,apr,mon,2703,5,999,0,success,0.19999999999999996,94.575,-55.1,2.666,4799.1
63,admin.,single,university.degree,no,no,no,cellular,nov,mon,257,5,999,0,success,1.9,94.7,-50.0,5.391,4895.8
46,admin.,married,high.school,no,yes,no,cellular,nov,tue,419,6,999,0,success,3.4,95.965,-49.8,6.1610000000000005,4928.1
49,admin.,divorced,high.school,no,no,no,cellular,nov,tue,1006,6,6,3,success,-1.4,94.149,-38.1,1.916,4717.5
61,admin.,married,basic.9y,no,no,no,cellular,nov,fri,424,5,999,0,nonexistent,3.4,94.944,-44.1,6.166,4928.1
49,self-employed,single,university.degree,no,yes,no,cellular,may,wed,386,6,999,0,success,3.1,95.494,-44.4,6.059,4891.0
69,admin.,divorced,university.degree,no,no,no,cellular,nov,wed,284,6,999,0,success,0.19999999999999996,94.393,-54.2,2.534,4799.1
42,admin.,single,university.degree,no,yes,no,cellular,nov,thu,430,5,999,0,success,0.19999999999999996,94.393,-54.2,2.466,4799.1
54,admin.,married,basic.6y,no,no,no,cellular,nov,wed,998,16,999,0,success,3.1,95.494,-44.4,6.059,4891.0
51,blue-collar,married,basic.9y,no,unknown,unknown,cellular,nov,fri,242,9,999,0,success,0.19999999999999996,94.393,-54.2,2.513,4799.1
51,admin.,married,high.school,no,yes,yes,telephone,nov,wed,494,5,999,0,success,3.4,95.965,-49.8,6.162,4928.1
66,technician,married,professional.course,no,yes,no,telephone,nov,mon,516,6,999,0,nonexistent,3.1,95.494,-44.4,6.057,4891.0
56,admin.,married,high.school,unknown,yes,yes,cellular,nov,mon,383,7,999,0,success,3.1,95.494,-44.4,6.057,4891.0
50,admin.,single,university.degree,no,yes,no,cellular,nov,mon,262,5,999,0,nonexistent,0.19999999999999996,94.575,-55.1,2.605,4799.1
46,admin.,married,basic.6y,no,yes,no,cellular,nov,mon,313,5,999,2,success,-1.4,94.149,-38.1,1.919,4717.5
67,admin.,married,basic.6y,no,no,yes,cellular,nov,mon,410,6,999,0,nonexistent,3.4,95.418,-50.7,6.16,4928.1
49,admin.,married,basic.9y,no,yes,no,cellular,nov,tue,2662,8,999,0,nonexistent,3.4,95.418,-50.7,6.1610000000000005,4928.1
45,admin.,single,professional.course,no,yes,no,cellular,nov,tue,428,10,999,0,success,3.4,94.944,-44.1,6.163,4928.1
51,admin.,married,university.degree,no,yes,no,cellular,nov,fri,725,6,999,0,nonexistent,3.1,95.494,-44.4,6.059,4891.0
51,admin.,single,university.degree,no,no,no,cellular,nov,thu,1276,6,999,0,success,1.9,94.7,-50.0,5.276,4895.8
43,admin.,single,professional.course,no,yes,no,cellular,nov,wed,653,5,999,1,success,-1.4,94.149,-38.1,1.916,4717.5
74,admin.,single,university.degree,unknown,yes,no,cellular,nov,thu,291,5,999,0,success,3.4,94.944,-44.1,6.164000000000001,4928.1
47,admin.,married,high.school,no,no,no,telephone,nov,thu,435,5,999,0,success,3.1,95.494,-44.4,6.055000000000001,4891.0
49,admin.,married,unknown,unknown,unknown,unknown,cellular,nov,fri,656,6,999,0,success,3.1,95.494,-44.4,6.055000000000001,4891.0
53,admin.,married,high.school,no,yes,no,cellular,nov,thu,268,5,999,1,success,-1.4,93.931,-34.9,1.954,4717.5
49,admin.,single,university.degree,no,no,no,cellular,nov,mon,255,9,999,0,success,0.19999999999999996,94.393,-54.2,2.5540000000000003,4799.1
39,admin.,single,high.school,no,yes,no,cellular,nov,tue,325,5,999,0,nonexistent,0.19999999999999996,94.575,-55.1,2.623,4799.1
42,admin.,single,high.school,no,no,no,cellular,nov,tue,457,6,999,0,success,3.4,95.965,-49.8,6.1610000000000005,4928.1
58,admin.,married,high.school,no,no,no,cellular,nov,thu,2174,10,999,0,success,3.4,95.965,-49.8,6.158,4928.1
49,admin.,single,basic.9y,no,no,no,cellular,jul,wed,512,7,999,0,success,3.4,95.418,-50.7,6.162,4928.1
63,admin.,married,university.degree,unknown,yes,no,cellular,nov,mon,210,5,999,1,success,1.9,94.7,-50.0,5.391,4895.8
50,admin.,married,university.degree,no,yes,no,cellular,nov,wed,354,7,999,0,nonexistent,1.9,94.7,-50.0,5.32,4895.8
67,admin.,married,professional.course,no,no,no,cellular,nov,fri,518,6,999,0,success,3.4,95.418,-50.7,6.163,4928.1
50,admin.,married,professional.course,no,yes,no,cellular,nov,mon,493,7,999,0,success,3.4,94.944,-44.1,6.163,4928.1
45,admin.,single,professional.course,no,yes,no,cellular,jun,tue,257,7,999,0,nonexistent,-0.8999999999999999,94.463,-48.8,2.4619999999999997,4776.2
54,admin.,single,university.degree,unknown,yes,no,cellular,oct,fri,511,5,999,0,success,-1.4,93.931,-34.9,1.92,4717.5
46,admin.,married,basic.9y,no,yes,yes,cellular,nov,mon,1252,6,999,0,success,3.1,95.494,-44.4,6.057,4891.0
68,admin.,married,university.degree,no,no,no,cellular,jun,mon,1094,23,999,0,success,3.4,95.965,-49.8,6.16,4928.1
61,admin.,married,university.degree,no,yes,no,cellular,nov,fri,467,11,999,0,success,3.4,95.965,-49.8,6.167,4928.1
61,admin.,single,basic.6y,unknown,yes,no,cellular,jul,mon,205,5,999,0,nonexistent,3.4,95.418,-50.7,6.16,4928.1
40,admin.,single,university.degree,no,yes,no,cellular,may,wed,347,8,999,0,success,3.1,95.494,-44.4,6.057,4891.0
67,technician,married,professional.course,no,no,no,telephone,nov,mon,408,15,999,0,success,3.1,95.494,-44.4,6.057,4891.0
66,admin.,married,university.degree,no,yes,no,cellular,nov,thu,559,5,999,0,success,3.4,94.944,-44.1,6.164000000000001,4928.1
46,admin.,married,university.degree,no,no,no,cellular,nov,wed,332,7,999,0,success,0.19999999999999996,94.575,-55.1,2.615,4799.1
60,admin.,married,professional.course,no,yes,yes,cellular,nov,fri,214,6,999,0,success,1.9,94.7,-50.0,5.221,4895.8
52,admin.,married,high.school,no,no,no,cellular,nov,mon,233,5,999,0,success,3.1,95.494,-44.4,6.057,4891.0
54,admin.,married,basic.4y,no,no,no,cellular,nov,wed,289,5,999,0,success,3.4,95.418,-50.7,6.162,4928.1
54,admin.,single,high.school,unknown,no,no,cellular,nov,thu,491,5,999,0,success,3.1,95.494,-44.4,6.0600000000000005,4891.0
72,admin.,single,unknown,no,no,no,cellular,nov,fri,367,11,999,0,success,3.4,95.418,-50.7,6.162,4928.1
52,self-employed,married,professional.course,no,no,yes,cellular,nov,fri,577,5,999,0,success,3.1,95.494,-44.4,6.057,4891.0
63,admin.,married,basic.9y,no,yes,no,cellular,nov,wed,782,5,999,0,success,0.19999999999999996,94.393,-54.2,2.481,4799.1
64,admin.,married,basic.9y,no,yes,no,cellular,nov,mon,410,8,999,0,nonexistent,3.4,94.944,-44.1,6.163,4928.1
73,admin.,divorced,high.school,unknown,yes,no,cellular,nov,tue,172,10,999,0,success,0.19999999999999996,94.393,-54.2,2.544,4799.1
51,admin.,married,basic.9y,no,no,yes,telephone,nov,fri,656,7,999,0,nonexistent,3.1,95.494,-44.4,6.064,4891.0
48,admin.,married,professional.course,no,yes,no,cellular,nov,fri,354,6,999,0,success,3.4,94.944,-44.1,6.166,4928.1
49,admin.,single,university.degree,no,yes,no,cellular,nov,mon,745,7,999,0,success,3.4,94.944,-44.1,6.163,4928.1
43,admin.,single,high.school,no,no,no,cellular,nov,tue,370,5,999,0,success,3.4,95.418,-50.7,6.1610000000000005,4928.1
56,admin.,divorced,high.school,no,yes,yes,cellular,nov,wed,228,5,999,0,success,3.1,95.494,-44.4,6.056,4891.0
40,admin.,single,basic.9y,no,yes,no,cellular,nov,mon,417,5,999,0,success,0.19999999999999996,94.393,-54.2,2.444,4799.1
46,management,married,university.degree,no,no,no,cellular,nov,mon,784,5,999,0,nonexistent,1.9,94.7,-50.0,5.391,4895.8
46,admin.,unknown,high.school,no,no,no,cellular,nov,mon,448,12,999,0,nonexistent,3.1,95.494,-44.4,6.058,4891.0
44,admin.,single,high.school,no,no,no,cellular,nov,tue,399,6,999,0,success,1.9,94.7,-50.0,5.353,4895.8
49,admin.,single,university.degree,no,no,no,cellular,nov,tue,431,5,999,0,success,3.4,95.418,-50.7,6.162,4928.1
56,admin.,single,university.degree,unknown,no,no,cellular,aug,tue,338,5,999,0,success,3.4,94.944,-44.1,6.166,4928.1
59,admin.,married,high.school,unknown,yes,no,cellular,nov,fri,203,5,999,0,success,1.9,94.7,-50.0,5.221,4895.8
61,admin.,married,high.school,no,yes,no,cellular,nov,thu,284,15,999,0,success,3.4,94.944,-44.1,6.162,4928.1
60,admin.,married,university.degree,no,no,no,cellular,nov,thu,574,5,999,0,success,-0.8999999999999999,93.969,-41.6,2.2720000000000002,4776.2
48,admin.,married,high.school,no,no,no,cellular,nov,thu,466,5,999,1,success,0.19999999999999996,95.376,-48.0,1.877,4708.7
74,admin.,divorced,high.school,no,no,no,cellular,nov,fri,377,5,999,0,success,3.1,95.494,-44.4,6.064,4891.0
56,admin.,divorced,high.school,no,yes,no,cellular,nov,fri,478,6,999,0,success,1.9,94.7,-50.0,5.221,4895.8
47,admin.,married,university.degree,no,yes,no,cellular,nov,thu,530,6,999,0,success,3.4,94.944,-44.1,6.168,4928.1
62,admin.,single,high.school,no,no,no,cellular,nov,mon,408,5,999,0,success,3.4,94.944,-44.1,6.165,4928.1
66,admin.,married,university.degree,no,no,no,cellular,aug,tue,244,6,999,0,success,3.4,94.944,-44.1,6.165,4928.1
57,admin.,single,basic.9y,unknown,no,yes,cellular,nov,wed,854,5,999,0,success,3.1,95.494,-44.4,6.058,4891.0
55,admin.,married,high.school,no,yes,yes,cellular,nov,fri,2077,6,999,0,nonexistent,3.1,95.494,-44.4,6.055000000000001,4891.0
63,admin.,married,basic.9y,unknown,yes,no,cellular,jul,thu,340,5,999,0,success,3.4,95.418,-50.7,6.163,4928.1
54,admin.,divorced,high.school,no,no,no,cellular,nov,tue,338,21,999,0,success,3.4,95.418,-50.7,6.1610000000000005,4928.1
52,admin.,single,university.degree,no,yes,no,cellular,nov,tue,338,5,999,0,success,3.4,94.944,-44.1,6.163,4928.1
49,admin.,divorced,basic.6y,unknown,no,no,cellular,nov,wed,262,7,999,0,success,0.19999999999999996,94.393,-54.2,2.481,4799.1
57,blue-collar,married,basic.4y,unknown,yes,no,cellular,nov,wed,464,8,999,0,success,3.1,95.494,-44.4,6.056,4891.0
50,admin.,married,high.school,no,no,no,cellular,nov,thu,1537,5,999,0,success,3.4,94.944,-44.1,6.162,4928.1
56,blue-collar,married,basic.4y,unknown,no,no,cellular,nov,wed,149,5,999,0,success,3.1,95.494,-44.4,6.058,4891.0
59,admin.,married,basic.9y,no,yes,no,cellular,nov,fri,359,5,999,0,nonexistent,0.19999999999999996,94.393,-54.2,2.45,4799.1
51,admin.,married,high.school,unknown,no,no,cellular,nov,fri,764,8,999,0,success,3.1,95.494,-44.4,6.064,4891.0
56,admin.,married,university.degree,no,no,no,cellular,may,mon,295,6,999,0,success,3.1,95.494,-44.4,6.058,4891.0
72,admin.,single,university.degree,no,yes,no,cellular,nov,tue,244,5,999,0,success,3.4,95.418,-50.7,6.1610000000000005,4928.1
54,admin.,married,high.school,unknown,yes,no,cellular,nov,mon,574,9,999,0,success,3.4,95.965,-49.8,6.065,4928.1
58,admin.,married,professional.course,no,no,no,cellular,nov,tue,233,5,999,0,success,1.9,94.7,-50.0,5.353,4895.8
58,admin.,married,basic.4y,no,no,no,cellular,nov,tue,511,6,999,0,success,0.19999999999999996,94.393,-54.2,2.544,4799.1
62,admin.,married,university.degree,no,yes,no,cellular,nov,mon,224,5,999,0,success,1.9,94.7,-50.0,5.391,4895.8
50,admin.,married,university.degree,no,yes,no,cellular,nov,thu,719,6,3,1,success,1.9,94.7,-50.0,5.276,4895.8
42,admin.,married,high.school,no,no,no,cellular,nov,thu,278,5,999,0,success,3.4,95.418,-50.7,6.163,4928.1
44,blue-collar,married,basic.4y,no,no,no,cellular,nov,wed,514,6,999,0,nonexistent,1.9,94.7,-50.0,5.32,4895.8
64,admin.,married,basic.4y,unknown,no,no,cellular,nov,fri,457,5,999,0,success,3.1,95.494,-44.4,6.059,4891.0
47,admin.,married,university.degree,no,yes,no,cellular,nov,wed,264,6,999,0,success,-0.8999999999999999,93.701,-39.4,2.054,4776.2
56,admin.,married,basic.9y,no,yes,no,cellular,may,tue,575,5,999,0,success,0.19999999999999996,94.393,-54.2,2.466,4799.1
50,admin.,single,professional.course,no,no,yes,cellular,nov,mon,210,5,999,0,success,3.4,94.944,-44.1,6.17,4928.1
64,admin.,married,high.school,no,yes,yes,cellular,nov,tue,336,8,999,0,success,3.4,94.944,-44.1,6.163,4928.1
63,admin.,married,high.school,no,yes,no,cellular,nov,mon,217,5,999,0,success,0.30000000000000004,95.555,-47.8,1.911,4691.6
51,admin.,married,university.degree,no,yes,yes,cellular,nov,mon,3124,6,999,0,success,3.4,95.418,-50.7,6.162,4928.1
64,admin.,married,high.school,no,yes,no,cellular,nov,thu,509,6,999,0,success,0.19999999999999996,94.575,-55.1,2.565,4799.1
46,admin.,divorced,unknown,no,yes,no,cellular,nov,fri,529,5,999,0,success,-0.8999999999999999,94.463,-48.8,2.468,4776.2
50,admin.,single,basic.4y,unknown,no,no,telephone,nov,thu,331,6,999,0,success,3.4,95.965,-49.8,6.066,4928.1
72,retired,divorced,basic.9y,no,yes,no,cellular,nov,fri,565,6,999,0,success,-0.8999999999999999,93.969,-41.6,2.259,4776.2
75,admin.,married,university.degree,unknown,no,no,cellular,nov,tue,341,6,999,0,success,3.1,95.494,-44.4,6.057,4891.0
51,admin.,single,high.school,no,no,yes,cellular,nov,tue,583,9,999,0,success,3.4,95.418,-50.7,6.1610000000000005,4928.1
55,admin.,single,high.school,no,no,yes,telephone,nov,tue,165,5,999,0,success,3.4,95.965,-49.8,6.064,4928.1
68,admin.,married,university.degree,unknown,no,no,telephone,nov,tue,242,5,999,0,success,3.4,95.965,-49.8,6.1610000000000005,4928.1
74,admin.,divorced,basic.4y,unknown,no,no,cellular,nov,tue,619,5,999,0,success,3.4,95.418,-50.7,6.1610000000000005,4928.1
48,admin.,married,professional.course,no,yes,yes,cellular,nov,fri,232,6,999,0,nonexistent,0.19999999999999996,95.376,-48.0,1.884,4708.7
66,admin.,divorced,university.degree,no,no,no,cellular,nov,mon,340,9,999,0,success,3.1,95.494,-44.4,6.057,4891.0
41,admin.,single,high.school,unknown,yes,no,cellular,nov,thu,453,5,999,0,nonexistent,3.4,95.418,-50.7,6.163,4928.1
57,admin.,married,high.school,no,no,no,cellular,nov,mon,305,6,999,1,success,1.9,94.7,-50.0,5.391,4895.8
53,admin.,married,university.degree,no,no,no,cellular,nov,fri,343,8,999,0,success,3.1,95.494,-44.4,6.057,4891.0
53,admin.,married,basic.4y,no,no,no,cellular,nov,tue,451,5,999,1,success,0.19999999999999996,94.393,-54.2,2.544,4799.1
73,admin.,married,high.school,no,no,no,cellular,nov,mon,181,5,999,0,nonexistent,1.9,94.7,-50.0,5.391,4895.8
59,admin.,married,unknown,unknown,yes,no,cellular,nov,thu,242,6,999,0,success,3.4,94.944,-44.1,6.162,4928.1
68,admin.,divorced,basic.4y,no,no,no,cellular,nov,tue,235,5,999,0,nonexistent,3.4,95.418,-50.7,6.1610000000000005,4928.1
57,admin.,married,basic.4y,no,yes,no,cellular,nov,fri,995,5,999,1,success,0.19999999999999996,94.575,-55.1,2.605,4799.1
47,admin.,married,basic.6y,no,no,no,cellular,may,tue,957,12,999,0,success,3.1,95.494,-44.4,6.056,4891.0
63,admin.,married,basic.9y,unknown,yes,no,cellular,nov,wed,242,5,999,0,success,0.19999999999999996,94.393,-54.2,2.534,4799.1
59,admin.,married,basic.9y,unknown,unknown,unknown,telephone,nov,wed,478,5,999,0,success,3.1,95.494,-44.4,6.056,4891.0
69,admin.,divorced,professional.course,no,yes,no,cellular,nov,thu,556,10,999,0,nonexistent,3.1,95.494,-44.4,6.0600000000000005,4891.0
53,admin.,married,high.school,no,no,no,cellular,apr,mon,570,6,999,0,nonexistent,0.19999999999999996,94.575,-55.1,2.605,4799.1
43,admin.,single,high.school,no,no,no,cellular,nov,thu,1148,5,999,0,success,0.19999999999999996,94.575,-55.1,2.565,4799.1
59,admin.,married,basic.4y,no,yes,no,cellular,nov,fri,323,5,999,0,success,3.4,95.965,-49.8,6.167,4928.1
64,admin.,married,university.degree,no,no,no,cellular,nov,tue,325,7,999,0,success,3.4,95.418,-50.7,6.1610000000000005,4928.1
48,admin.,single,professional.course,no,no,no,cellular,nov,mon,437,6,999,0,success,3.4,94.944,-44.1,6.163,4928.1
57,admin.,married,basic.4y,no,yes,no,cellular,nov,tue,916,6,999,0,success,0.19999999999999996,94.393,-54.2,2.544,4799.1
59,admin.,married,university.degree,no,no,no,cellular,apr,mon,199,6,999,0,nonexistent,0.19999999999999996,94.575,-55.1,2.605,4799.1
54,admin.,single,university.degree,no,no,no,cellular,nov,wed,242,5,999,1,success,0.19999999999999996,94.393,-54.2,2.534,4799.1
89,admin.,divorced,basic.4y,no,yes,no,cellular,oct,mon,304,7,3,2,success,0.8999999999999999,96.101,-57.5,2.2,4663.6
53,admin.,single,university.degree,no,yes,no,telephone,jun,mon,307,6,999,0,nonexistent,3.4,95.965,-49.8,6.147,4928.1
50,admin.,married,basic.9y,unknown,yes,yes,cellular,may,fri,395,5,999,1,success,0.19999999999999996,94.393,-54.2,2.513,4799.1
48,admin.,divorced,university.degree,no,no,no,cellular,aug,wed,586,6,999,0,success,3.4,94.944,-44.1,6.164000000000001,4928.1
63,admin.,married,basic.6y,no,yes,no,cellular,nov,tue,1672,7,999,0,success,0.19999999999999996,94.393,-54.2,2.544,4799.1
48,admin.,married,university.degree,no,yes,no,cellular,nov,tue,1038,5,999,1,success,0.8999999999999999,96.267,-58.8,2.235,4663.6
70,admin.,single,university.degree,unknown,no,yes,cellular,nov,fri,377,5,999,0,success,1.9,94.7,-50.0,5.221,4895.8
44,admin.,divorced,high.school,no,yes,no,cellular,nov,fri,379,5,999,1,success,0.19999999999999996,94.393,-54.2,2.45,4799.1
64,admin.,divorced,basic.6y,unknown,yes,no,cellular,nov,mon,775,7,999,0,success,3.4,95.418,-50.7,6.162,4928.1
58,admin.,married,unknown,no,yes,no,cellular,may,tue,350,11,999,0,nonexistent,0.19999999999999996,94.393,-54.2,2.4909999999999997,4799.1
47,admin.,single,university.degree,no,no,no,cellular,nov,wed,788,5,999,0,success,-1.4,93.931,-34.9,1.924,4717.5
67,admin.,married,basic.9y,no,yes,no,cellular,nov,thu,419,6,999,0,success,3.4,95.965,-49.8,6.066,4928.1
47,admin.,single,professional.course,no,no,no,cellular,nov,mon,356,5,999,0,nonexistent,3.1,95.494,-44.4,6.058,4891.0
54,admin.,married,university.degree,unknown,no,no,cellular,nov,tue,217,6,999,0,success,1.9,94.7,-50.0,5.353,4895.8
56,admin.,single,university.degree,no,no,no,cellular,nov,mon,763,5,999,0,success,3.4,95.418,-50.7,6.16,4928.1
48,admin.,single,university.degree,no,yes,yes,cellular,nov,thu,579,6,999,1,success,0.19999999999999996,94.393,-54.2,2.466,4799.1
67,admin.,married,basic.9y,unknown,yes,yes,cellular,nov,thu,318,9,999,0,success,3.4,94.944,-44.1,6.164000000000001,4928.1
51,admin.,married,university.degree,unknown,no,no,cellular,nov,tue,613,6,999,0,success,3.1,95.494,-44.4,6.056,4891.0
48,admin.,married,high.school,no,yes,no,cellular,may,wed,280,6,999,1,success,0.19999999999999996,94.393,-54.2,2.534,4799.1
62,blue-collar,married,high.school,no,yes,no,cellular,nov,tue,156,22,999,0,success,3.4,95.418,-50.7,6.1610000000000005,4928.1
57,admin.,single,university.degree,no,no,yes,cellular,nov,mon,136,9,999,0,success,0.19999999999999996,94.393,-54.2,2.444,4799.1
69,admin.,married,high.school,unknown,no,no,cellular,nov,fri,854,5,999,1,success,0.19999999999999996,94.575,-55.1,2.605,4799.1
63,blue-collar,divorced,basic.4y,no,no,no,cellular,nov,thu,1058,11,999,0,success,3.1,95.494,-44.4,6.055000000000001,4891.0
47,admin.,single,university.degree,no,no,no,cellular,nov,wed,305,5,999,0,nonexistent,0.19999999999999996,94.393,-54.2,2.4699999999999998,4799.1
56,admin.,married,professional.course,no,yes,no,cellular,nov,fri,707,7,999,0,success,3.4,94.944,-44.1,6.164000000000001,4928.1
45,admin.,divorced,basic.9y,no,no,no,cellular,nov,mon,829,5,999,0,success,3.4,95.965,-49.8,6.065,4928.1
55,technician,divorced,high.school,no,yes,yes,cellular,nov,wed,557,6,999,1,success,1.9,94.7,-50.0,5.32,4895.8
49,admin.,married,university.degree,no,no,no,cellular,nov,fri,381,5,999,2,success,0.19999999999999996,95.376,-48.0,1.895,4708.7
51,admin.,married,basic.9y,no,no,no,cellular,nov,wed,210,5,999,1,failure,0.19999999999999996,94.393,-54.2,2.534,4799.1
75,admin.,married,basic.9y,unknown,no,no,cellular,nov,mon,662,5,999,0,nonexistent,3.1,95.494,-44.4,6.057,4891.0
48,admin.,single,university.degree,unknown,yes,no,cellular,nov,wed,449,7,999,0,success,3.4,94.944,-44.1,6.164000000000001,4928.1
45,technician,married,professional.course,no,yes,no,cellular,nov,tue,655,5,999,0,success,3.4,94.944,-44.1,6.168,4928.1
61,admin.,married,high.school,no,yes,no,cellular,jul,tue,723,7,999,2,success,0.30000000000000004,95.715,-48.3,1.9969999999999999,4691.6
69,admin.,married,high.school,no,yes,no,cellular,nov,fri,320,6,999,0,success,3.4,94.944,-44.1,6.163,4928.1
44,admin.,married,high.school,no,no,no,telephone,nov,tue,480,6,999,0,success,3.4,95.965,-49.8,6.1610000000000005,4928.1
42,admin.,married,basic.9y,unknown,no,yes,cellular,may,fri,349,9,999,0,success,3.1,95.494,-44.4,6.064,4891.0
71,technician,married,basic.4y,unknown,no,no,cellular,jun,wed,944,5,999,0,success,3.4,95.965,-49.8,6.159,4928.1
33,admin.,single,basic.4y,no,yes,no,cellular,nov,tue,829,5,13,2,success,0.8999999999999999,96.267,-58.8,2.2489999999999997,4663.6
65,admin.,married,high.school,no,no,no,cellular,nov,mon,287,5,999,1,success,1.9,94.7,-50.0,5.391,4895.8
49,admin.,married,university.degree,no,no,no,telephone,jun,mon,698,5,999,0,success,3.4,95.965,-49.8,6.1610000000000005,4928.1
47,self-employed,married,university.degree,no,yes,no,cellular,nov,fri,217,5,999,0,success,1.9,94.7,-50.0,5.221,4895.8
50,admin.,married,basic.9y,no,yes,no,cellular,nov,wed,440,6,999,0,success,1.9,94.7,-50.0,5.32,4895.8
51,admin.,single,university.degree,no,yes,no,cellular,nov,tue,287,8,999,0,success,0.19999999999999996,94.393,-54.2,2.544,4799.1
44,admin.,single,high.school,no,unknown,unknown,cellular,jul,wed,449,5,999,0,nonexistent,3.4,95.418,-50.7,6.162,4928.1
57,admin.,married,university.degree,no,yes,no,cellular,nov,mon,386,8,999,0,success,3.4,95.965,-49.8,6.065,4928.1
60,technician,married,professional.course,no,no,no,telephone,nov,thu,1051,7,999,0,nonexistent,3.4,95.965,-49.8,6.066,4928.1
64,admin.,married,university.degree,no,yes,yes,cellular,nov,fri,192,12,999,0,success,0.19999999999999996,94.575,-55.1,2.605,4799.1
49,admin.,married,basic.9y,no,no,no,cellular,nov,mon,536,7,999,0,success,0.19999999999999996,94.575,-55.1,2.605,4799.1
44,admin.,single,basic.9y,no,unknown,unknown,cellular,nov,mon,329,5,999,0,success,0.19999999999999996,94.575,-55.1,2.605,4799.1
50,admin.,divorced,university.degree,no,yes,no,cellular,nov,tue,334,6,999,0,success,3.4,95.418,-50.7,6.1610000000000005,4928.1
46,admin.,married,university.degree,no,yes,no,cellular,nov,wed,1038,7,999,0,nonexistent,3.4,95.418,-50.7,6.157,4928.1
62,admin.,divorced,basic.4y,no,yes,no,telephone,jun,fri,206,5,999,0,success,3.4,95.965,-49.8,6.159,4928.1
47,admin.,single,university.degree,no,no,no,cellular,nov,thu,388,5,3,2,success,-0.8999999999999999,93.701,-39.4,2.051,4776.2
58,admin.,married,basic.9y,unknown,yes,no,cellular,nov,fri,638,7,999,1,failure,0.19999999999999996,94.393,-54.2,2.513,4799.1
63,admin.,married,high.school,unknown,yes,no,cellular,nov,thu,448,6,999,0,success,3.4,95.418,-50.7,6.158,4928.1
65,admin.,married,university.degree,no,yes,no,cellular,nov,wed,660,5,999,0,success,3.4,95.965,-49.8,6.162,4928.1
40,admin.,single,university.degree,no,yes,yes,cellular,may,tue,268,5,999,0,success,0.19999999999999996,94.393,-54.2,2.466,4799.1
48,admin.,married,university.degree,unknown,yes,no,cellular,nov,tue,269,6,999,0,nonexistent,3.4,95.418,-50.7,6.162,4928.1
44,admin.,single,university.degree,no,yes,no,cellular,nov,wed,482,6,999,0,success,3.4,95.965,-49.8,6.064,4928.1
65,admin.,married,basic.9y,no,no,no,cellular,nov,thu,687,7,999,0,nonexistent,1.9,94.7,-50.0,5.276,4895.8
57,blue-collar,married,basic.4y,no,yes,no,cellular,nov,mon,572,6,999,0,success,3.4,95.418,-50.7,6.16,4928.1
45,blue-collar,single,high.school,no,yes,no,cellular,nov,wed,250,11,999,0,success,3.4,95.418,-50.7,6.163,4928.1
65,admin.,married,basic.4y,unknown,no,yes,telephone,nov,wed,561,5,999,0,nonexistent,3.1,95.494,-44.4,6.058,4891.0
50,admin.,married,basic.9y,no,yes,no,cellular,nov,tue,347,8,999,0,nonexistent,3.4,95.965,-49.8,6.064,4928.1
43,admin.,married,high.school,no,no,yes,cellular,may,wed,1074,6,999,0,success,0.19999999999999996,95.376,-48.0,1.8969999999999998,4708.7
53,admin.,married,university.degree,no,no,no,cellular,nov,thu,174,6,999,0,success,3.4,94.944,-44.1,6.168,4928.1
50,admin.,single,university.degree,no,no,no,cellular,nov,tue,356,5,999,0,success,3.4,94.944,-44.1,6.165,4928.1
63,admin.,married,basic.4y,unknown,yes,yes,cellular,nov,mon,169,21,999,0,success,3.4,95.418,-50.7,6.162,4928.1
69,admin.,married,basic.9y,no,yes,no,cellular,oct,wed,480,5,999,0,success,-1.4,93.931,-34.9,1.935,4717.5
52,admin.,married,professional.course,no,yes,no,cellular,nov,wed,341,5,999,0,success,3.1,95.494,-44.4,6.058,4891.0
50,admin.,married,professional.course,no,no,no,cellular,nov,wed,1486,5,999,0,nonexistent,3.1,95.494,-44.4,6.058,4891.0
52,admin.,single,university.degree,no,yes,no,cellular,nov,thu,498,6,999,0,success,3.4,94.944,-44.1,6.162,4928.1
38,admin.,married,basic.9y,unknown,yes,no,cellular,nov,wed,586,5,999,0,success,3.4,95.418,-50.7,6.162,4928.1
63,admin.,single,university.degree,no,yes,yes,cellular,nov,thu,219,10,999,0,success,3.4,95.418,-50.7,6.168,4928.1
48,admin.,married,high.school,no,yes,no,cellular,nov,mon,334,5,999,0,nonexistent,3.4,94.944,-44.1,6.165,4928.1
72,admin.,divorced,professional.course,no,yes,no,telephone,nov,tue,500,6,999,0,success,3.1,95.494,-44.4,6.056,4891.0
59,blue-collar,married,basic.9y,no,yes,yes,cellular,nov,tue,444,5,999,0,success,0.19999999999999996,94.393,-54.2,2.544,4799.1
54,admin.,single,high.school,no,yes,no,cellular,nov,thu,2240,7,999,0,success,3.4,95.965,-49.8,6.158,4928.1
44,admin.,single,high.school,no,yes,yes,cellular,nov,thu,307,7,999,0,success,3.4,95.418,-50.7,6.168,4928.1
43,admin.,single,university.degree,no,no,no,cellular,nov,wed,484,5,999,0,success,-0.8999999999999999,93.701,-39.4,2.0789999999999997,4776.2
51,admin.,married,university.degree,no,yes,no,cellular,nov,wed,134,5,999,0,nonexistent,3.1,95.494,-44.4,6.059,4891.0
62,admin.,married,professional.course,unknown,yes,yes,cellular,aug,tue,300,5,999,0,success,3.4,94.944,-44.1,6.163,4928.1
50,admin.,single,basic.4y,unknown,no,no,cellular,nov,wed,1565,5,999,0,success,3.1,95.494,-44.4,6.056,4891.0
38,blue-collar,married,basic.9y,no,yes,no,cellular,nov,wed,552,6,999,0,nonexistent,3.4,95.418,-50.7,6.157,4928.1
59,admin.,married,basic.4y,unknown,no,yes,cellular,nov,wed,512,6,999,0,success,3.1,95.494,-44.4,6.059,4891.0
45,admin.,married,basic.9y,unknown,yes,no,cellular,nov,thu,241,5,999,0,success,3.4,95.418,-50.7,6.158,4928.1
58,admin.,married,university.degree,unknown,no,no,cellular,nov,thu,437,5,999,0,success,0.19999999999999996,94.575,-55.1,2.61,4799.1
47,admin.,single,high.school,no,yes,yes,cellular,nov,wed,257,5,999,0,success,1.9,94.7,-50.0,5.32,4895.8
66,blue-collar,married,basic.4y,unknown,no,no,cellular,nov,fri,329,5,999,0,success,3.4,94.944,-44.1,6.166,4928.1
55,admin.,married,university.degree,no,yes,yes,cellular,nov,fri,359,6,999,0,nonexistent,0.19999999999999996,94.393,-54.2,2.45,4799.1
64,technician,married,professional.course,no,yes,no,cellular,nov,fri,775,5,999,1,failure,0.19999999999999996,94.393,-54.2,2.513,4799.1
55,admin.,single,professional.course,no,yes,no,cellular,nov,tue,197,5,999,1,success,0.19999999999999996,94.393,-54.2,2.544,4799.1
45,admin.,divorced,basic.9y,no,no,no,cellular,nov,mon,262,5,999,0,success,3.4,95.965,-49.8,6.1610000000000005,4928.1
95,admin.,divorced,basic.4y,no,yes,yes,cellular,nov,wed,1297,6,999,0,success,0.19999999999999996,95.249,-42.6,1.842,4708.7
46,technician,married,high.school,no,yes,no,cellular,nov,tue,399,6,999,0,nonexistent,3.4,94.944,-44.1,6.163,4928.1
48,admin.,single,basic.4y,no,yes,no,cellular,apr,thu,754,5,999,0,success,0.19999999999999996,94.575,-55.1,2.565,4799.1
55,admin.,single,university.degree,no,no,no,cellular,nov,thu,365,6,999,0,success,3.4,95.965,-49.8,6.1610000000000005,4928.1
51,admin.,single,university.degree,no,yes,no,cellular,nov,thu,219,6,999,0,success,3.4,95.965,-49.8,6.1610000000000005,4928.1
63,admin.,married,high.school,unknown,yes,no,cellular,may,wed,557,5,999,0,success,3.1,95.494,-44.4,6.056,4891.0
51,housemaid,single,university.degree,no,unknown,unknown,cellular,nov,fri,334,6,3,1,success,-0.8999999999999999,93.701,-39.4,2.025,4776.2
47,admin.,divorced,university.degree,no,no,yes,cellular,nov,wed,485,6,999,0,success,3.4,94.944,-44.1,6.164000000000001,4928.1
48,admin.,single,university.degree,no,no,no,cellular,nov,wed,295,5,999,0,success,3.4,94.944,-44.1,6.164000000000001,4928.1
48,admin.,married,university.degree,no,yes,no,cellular,jul,wed,298,6,999,0,success,3.4,95.418,-50.7,6.162,4928.1
58,admin.,divorced,high.school,no,no,no,cellular,nov,wed,1947,5,999,0,success,1.9,94.7,-50.0,5.32,4895.8
45,admin.,single,professional.course,no,yes,no,cellular,nov,fri,1540,6,999,0,success,0.8999999999999999,95.699,-45.5,2.083,4663.6
72,admin.,married,basic.4y,no,no,no,cellular,nov,fri,509,5,999,0,success,1.9,94.7,-50.0,5.221,4895.8
45,admin.,married,university.degree,no,no,no,cellular,nov,mon,1007,5,999,0,success,3.4,95.965,-49.8,6.065,4928.1
61,admin.,married,basic.9y,unknown,yes,no,cellular,nov,fri,624,6,999,0,success,3.1,95.494,-44.4,6.059,4891.0
72,admin.,divorced,basic.4y,unknown,yes,no,cellular,nov,tue,205,5,999,0,success,3.1,95.494,-44.4,6.056,4891.0
54,self-employed,married,basic.9y,no,no,no,cellular,aug,tue,370,8,999,0,success,3.4,94.944,-44.1,6.166,4928.1
53,admin.,single,university.degree,unknown,no,no,telephone,nov,fri,246,9,999,0,success,3.1,95.494,-44.4,6.057,4891.0
42,admin.,married,university.degree,no,yes,no,cellular,nov,tue,867,9,12,1,success,0.30000000000000004,95.527,-46.3,2.086,4691.6
55,blue-collar,married,basic.6y,no,no,no,cellular,nov,mon,295,6,999,0,success,0.19999999999999996,94.575,-55.1,2.605,4799.1
72,admin.,married,university.degree,no,yes,no,cellular,nov,fri,1117,6,999,0,nonexistent,0.19999999999999996,94.393,-54.2,2.4589999999999996,4799.1
45,admin.,single,university.degree,unknown,no,no,cellular,nov,tue,1420,6,999,0,success,3.4,95.965,-49.8,6.064,4928.1
52,admin.,married,university.degree,no,no,no,cellular,nov,tue,404,7,999,0,success,3.4,94.944,-44.1,6.163,4928.1
46,admin.,single,high.school,no,no,no,cellular,nov,mon,359,7,999,0,success,3.4,95.418,-50.7,6.162,4928.1
76,admin.,married,basic.4y,no,yes,no,cellular,aug,fri,422,5,15,1,success,-0.8999999999999999,93.701,-39.4,2.049,4776.2
59,admin.,single,university.degree,unknown,no,no,telephone,nov,thu,208,5,999,0,success,3.1,95.494,-44.4,6.0600000000000005,4891.0
46,admin.,married,university.degree,no,yes,no,cellular,nov,wed,473,5,999,0,nonexistent,1.9,94.7,-50.0,5.32,4895.8
47,admin.,single,university.degree,no,yes,no,telephone,may,thu,350,6,999,0,success,3.1,95.494,-44.4,6.0600000000000005,4891.0
58,services,divorced,high.school,no,no,no,cellular,nov,mon,818,7,999,0,success,3.4,95.418,-50.7,6.162,4928.1
79,admin.,married,university.degree,no,no,no,cellular,mar,fri,404,5,3,2,success,0.19999999999999996,94.869,-42.8,1.853,4708.7
59,admin.,married,basic.4y,unknown,yes,yes,cellular,aug,wed,678,5,999,0,success,3.4,94.944,-44.1,6.165,4928.1
46,admin.,single,university.degree,unknown,no,no,cellular,nov,tue,329,10,999,0,success,3.4,94.944,-44.1,6.163,4928.1
65,admin.,married,high.school,no,no,no,cellular,nov,tue,662,5,999,0,success,3.4,95.418,-50.7,6.1610000000000005,4928.1
57,admin.,married,basic.9y,unknown,yes,no,cellular,nov,tue,413,5,999,0,success,3.4,95.418,-50.7,6.155,4928.1
59,admin.,married,unknown,no,yes,no,cellular,jul,thu,1409,10,999,0,success,3.4,95.418,-50.7,6.168,4928.1
50,admin.,married,university.degree,unknown,yes,yes,cellular,nov,thu,777,5,999,0,success,3.1,95.494,-44.4,6.0600000000000005,4891.0
53,entrepreneur,married,university.degree,no,no,no,cellular,nov,wed,379,6,999,0,nonexistent,0.8999999999999999,96.267,-58.8,2.23,4663.6
45,admin.,married,university.degree,no,no,yes,cellular,nov,mon,1475,6,999,0,success,3.4,94.944,-44.1,6.17,4928.1
63,admin.,single,professional.course,unknown,yes,no,cellular,nov,tue,871,5,999,0,nonexistent,3.4,95.418,-50.7,6.1610000000000005,4928.1
42,admin.,single,high.school,no,yes,no,cellular,nov,fri,899,5,999,0,nonexistent,3.4,95.418,-50.7,6.159,4928.1
51,admin.,married,basic.9y,no,no,no,cellular,apr,fri,505,6,999,0,nonexistent,0.19999999999999996,94.575,-55.1,2.605,4799.1
39,admin.,single,basic.9y,unknown,yes,no,cellular,nov,wed,503,5,999,0,success,3.4,95.418,-50.7,6.163,4928.1
61,admin.,married,university.degree,unknown,yes,yes,cellular,nov,wed,430,8,999,0,success,0.19999999999999996,94.393,-54.2,2.534,4799.1
52,admin.,single,unknown,no,no,no,cellular,jun,fri,298,5,999,0,nonexistent,-0.8999999999999999,94.463,-48.8,2.468,4776.2
71,admin.,married,professional.course,no,yes,no,cellular,nov,mon,413,7,999,0,success,3.4,95.418,-50.7,6.16,4928.1
65,admin.,married,basic.4y,unknown,yes,no,cellular,nov,thu,1659,8,999,0,success,3.1,95.494,-44.4,6.0600000000000005,4891.0
66,admin.,married,high.school,no,yes,no,cellular,nov,mon,437,5,999,1,success,0.8999999999999999,96.267,-58.8,2.25,4663.6
58,technician,divorced,professional.course,unknown,yes,no,cellular,apr,mon,152,9,999,1,success,0.19999999999999996,94.575,-55.1,2.605,4799.1
41,admin.,single,university.degree,no,no,yes,cellular,nov,fri,284,6,6,1,success,0.30000000000000004,95.555,-47.8,1.932,4691.6
49,admin.,single,high.school,no,no,no,cellular,nov,thu,1061,6,999,0,success,3.1,95.494,-44.4,6.0600000000000005,4891.0
37,admin.,single,basic.6y,unknown,no,yes,cellular,nov,fri,2051,5,999,0,success,3.1,95.494,-44.4,6.057,4891.0
55,admin.,married,university.degree,no,yes,no,cellular,nov,thu,458,5,999,0,nonexistent,0.19999999999999996,94.393,-54.2,2.527,4799.1
50,admin.,married,university.degree,no,yes,no,cellular,nov,tue,233,6,999,0,success,1.9,94.7,-50.0,5.353,4895.8
53,admin.,married,high.school,unknown,no,no,cellular,nov,thu,811,8,999,0,success,3.1,95.494,-44.4,6.0600000000000005,4891.0
49,admin.,married,high.school,unknown,yes,no,telephone,nov,wed,485,8,999,0,success,3.4,95.418,-50.7,6.163,4928.1
45,admin.,single,university.degree,no,yes,yes,cellular,nov,thu,437,6,999,1,success,0.19999999999999996,94.393,-54.2,2.466,4799.1
60,admin.,married,professional.course,no,no,no,cellular,oct,tue,331,5,999,0,success,-1.4,93.931,-34.9,1.944,4717.5
63,admin.,married,basic.4y,no,yes,no,cellular,nov,wed,548,7,999,0,success,0.19999999999999996,94.393,-54.2,2.534,4799.1
67,admin.,married,unknown,unknown,no,no,telephone,nov,tue,379,5,999,0,nonexistent,3.1,95.494,-44.4,6.056,4891.0
60,admin.,divorced,university.degree,no,yes,yes,telephone,jun,thu,413,7,999,0,success,3.4,95.965,-49.8,6.1610000000000005,4928.1
47,admin.,single,professional.course,no,yes,no,cellular,jul,thu,350,5,999,0,success,3.4,95.418,-50.7,6.168,4928.1
49,admin.,married,basic.9y,no,no,no,cellular,nov,thu,1490,6,999,0,success,3.4,95.965,-49.8,6.066,4928.1
59,admin.,married,basic.9y,no,yes,yes,cellular,may,mon,381,6,999,0,success,0.19999999999999996,94.393,-54.2,2.4989999999999997,4799.1
56,admin.,single,basic.6y,unknown,no,no,cellular,nov,fri,500,5,999,0,success,0.19999999999999996,94.393,-54.2,2.513,4799.1
72,retired,married,basic.4y,no,yes,no,cellular,nov,mon,293,5,999,0,success,3.4,94.944,-44.1,6.17,4928.1
60,admin.,married,unknown,unknown,yes,yes,cellular,nov,thu,309,7,999,0,nonexistent,3.4,94.944,-44.1,6.162,4928.1
46,admin.,married,high.school,unknown,no,no,telephone,nov,thu,925,6,999,0,success,3.4,95.965,-49.8,6.066,4928.1
61,admin.,divorced,professional.course,unknown,yes,no,cellular,nov,fri,777,7,999,0,nonexistent,3.4,95.965,-49.8,6.159,4928.1
52,admin.,single,university.degree,no,yes,no,cellular,nov,thu,957,5,999,0,nonexistent,0.19999999999999996,94.575,-55.1,2.565,4799.1
51,admin.,married,basic.4y,unknown,yes,no,cellular,may,wed,660,5,999,1,success,0.19999999999999996,94.393,-54.2,2.481,4799.1
49,admin.,single,basic.9y,no,no,no,cellular,nov,mon,489,7,6,3,success,0.30000000000000004,95.527,-46.3,2.096,4691.6
61,admin.,married,professional.course,no,yes,no,cellular,nov,thu,260,5,999,0,success,3.1,95.494,-44.4,6.0600000000000005,4891.0
56,blue-collar,married,professional.course,no,no,no,cellular,nov,mon,539,7,999,0,success,0.19999999999999996,94.575,-55.1,2.605,4799.1
48,admin.,single,high.school,no,yes,no,cellular,nov,thu,496,5,999,0,nonexistent,3.4,95.418,-50.7,6.162,4928.1
48,admin.,married,basic.6y,no,no,no,cellular,may,wed,971,8,999,0,success,0.19999999999999996,94.393,-54.2,2.534,4799.1
47,admin.,married,university.degree,unknown,yes,no,cellular,nov,fri,390,5,999,0,success,3.4,94.944,-44.1,6.166,4928.1
42,admin.,married,basic.9y,no,yes,no,cellular,nov,mon,250,7,999,0,success,3.4,95.965,-49.8,6.065,4928.1
48,technician,single,professional.course,no,no,yes,cellular,nov,mon,633,9,999,0,success,3.4,94.944,-44.1,6.163,4928.1
42,admin.,single,basic.9y,no,yes,no,cellular,nov,wed,320,5,999,0,nonexistent,0.30000000000000004,95.527,-46.3,2.1,4691.6
46,admin.,married,university.degree,no,yes,no,cellular,nov,tue,1407,6,999,0,success,1.9,94.7,-50.0,5.353,4895.8
65,admin.,married,basic.9y,unknown,no,no,telephone,nov,mon,953,5,999,0,success,3.1,95.494,-44.4,6.057,4891.0
62,admin.,married,high.school,no,yes,no,cellular,aug,fri,493,5,999,0,success,3.4,94.944,-44.1,6.166,4928.1
46,admin.,married,university.degree,unknown,no,no,cellular,nov,mon,295,6,999,0,success,3.4,95.418,-50.7,6.162,4928.1
38,admin.,single,basic.9y,no,yes,no,cellular,nov,tue,581,6,999,0,success,-1.0,94.213,-41.0,1.908,4723.5
45,admin.,single,university.degree,no,yes,no,cellular,nov,mon,581,5,999,0,success,-1.0,94.213,-41.0,1.906,4723.5
45,admin.,divorced,university.degree,no,no,no,cellular,nov,fri,302,9,999,0,success,3.4,95.965,-49.8,6.147,4928.1
54,admin.,single,unknown,no,yes,no,cellular,nov,mon,413,6,999,0,nonexistent,3.4,95.965,-49.8,6.065,4928.1
55,admin.,divorced,high.school,no,no,no,cellular,nov,thu,293,5,999,1,success,0.19999999999999996,94.393,-54.2,2.466,4799.1
67,admin.,married,basic.9y,no,yes,yes,cellular,nov,thu,325,5,999,0,success,3.4,95.418,-50.7,6.168,4928.1
46,admin.,married,university.degree,no,no,no,cellular,nov,thu,1454,5,999,0,success,3.4,95.965,-49.8,6.066,4928.1
42,admin.,married,high.school,no,no,no,cellular,jul,thu,451,7,999,0,success,3.4,95.418,-50.7,6.163,4928.1
53,admin.,married,basic.4y,no,no,no,cellular,nov,thu,536,5,999,0,success,3.4,94.944,-44.1,6.168,4928.1
47,admin.,married,high.school,no,no,no,cellular,nov,wed,282,6,999,0,success,3.4,95.965,-49.8,6.064,4928.1
55,admin.,married,professional.course,unknown,no,no,cellular,nov,mon,349,6,999,0,success,3.1,95.494,-44.4,6.057,4891.0
60,admin.,single,high.school,no,yes,no,cellular,nov,fri,383,5,999,0,success,0.19999999999999996,94.393,-54.2,2.45,4799.1
61,blue-collar,married,basic.6y,unknown,yes,no,cellular,nov,tue,669,5,999,0,success,3.1,95.494,-44.4,6.056,4891.0
52,admin.,married,basic.9y,no,yes,no,cellular,aug,fri,413,6,999,0,success,3.4,94.944,-44.1,6.164000000000001,4928.1
45,admin.,single,basic.9y,no,no,no,cellular,nov,thu,311,6,999,1,success,1.9,94.7,-50.0,5.276,4895.8
68,admin.,married,professional.course,no,no,no,cellular,nov,tue,305,5,999,1,success,-1.4,93.879,-37.8,1.97,4717.5
44,admin.,single,university.degree,no,no,yes,cellular,nov,fri,415,5,999,0,nonexistent,3.4,94.944,-44.1,6.164000000000001,4928.1
47,admin.,married,professional.course,no,yes,no,cellular,nov,fri,802,5,999,0,success,3.1,95.494,-44.4,6.059,4891.0
51,admin.,married,high.school,no,no,no,cellular,nov,tue,374,8,999,0,success,3.1,95.494,-44.4,6.056,4891.0
57,admin.,married,high.school,no,yes,no,cellular,apr,fri,278,5,999,0,success,0.19999999999999996,94.575,-55.1,2.605,4799.1
60,admin.,married,unknown,no,no,no,cellular,nov,fri,311,5,999,0,success,0.19999999999999996,94.575,-55.1,2.605,4799.1
67,admin.,married,high.school,no,no,no,cellular,nov,wed,356,11,999,0,success,3.4,95.418,-50.7,6.157,4928.1
70,entrepreneur,divorced,university.degree,no,yes,no,cellular,jul,wed,1087,5,999,0,success,3.4,95.418,-50.7,6.163,4928.1
48,admin.,married,basic.6y,unknown,yes,no,cellular,nov,tue,151,15,999,0,nonexistent,3.4,95.418,-50.7,6.162,4928.1
60,management,divorced,university.degree,no,no,no,cellular,nov,mon,154,6,999,0,success,3.1,95.494,-44.4,6.057,4891.0
51,admin.,married,basic.9y,unknown,yes,no,cellular,jul,thu,511,5,999,0,success,3.4,95.418,-50.7,6.163,4928.1
55,admin.,single,high.school,unknown,no,no,cellular,nov,wed,460,11,999,0,success,3.1,95.494,-44.4,6.057,4891.0
53,admin.,married,basic.9y,unknown,yes,no,cellular,nov,fri,1045,6,999,0,success,3.4,95.965,-49.8,6.167,4928.1
54,admin.,married,basic.9y,no,yes,no,cellular,nov,mon,1544,7,999,0,success,0.8999999999999999,95.699,-45.5,2.082,4663.6
50,admin.,married,professional.course,no,yes,no,cellular,jul,wed,469,5,999,0,nonexistent,3.4,95.418,-50.7,6.163,4928.1
62,admin.,married,professional.course,no,yes,no,cellular,nov,fri,233,9,999,1,success,-0.8999999999999999,94.463,-48.8,2.424,4776.2
50,admin.,single,high.school,no,yes,yes,cellular,nov,thu,718,5,999,0,nonexistent,0.19999999999999996,94.393,-54.2,2.527,4799.1
47,admin.,married,high.school,no,no,no,cellular,nov,fri,2082,5,999,0,success,0.19999999999999996,94.575,-55.1,2.6790000000000003,4799.1
49,admin.,married,professional.course,no,yes,no,cellular,apr,fri,799,5,999,0,success,0.19999999999999996,94.575,-55.1,2.605,4799.1
63,management,married,university.degree,no,yes,no,cellular,nov,mon,338,5,999,0,success,3.1,95.494,-44.4,6.057,4891.0
42,admin.,married,high.school,no,yes,no,cellular,nov,wed,334,7,999,0,success,0.19999999999999996,94.393,-54.2,2.481,4799.1
47,admin.,married,basic.9y,no,yes,no,cellular,may,mon,446,5,999,0,success,3.1,95.494,-44.4,6.058,4891.0
54,admin.,married,basic.6y,no,no,no,cellular,nov,mon,440,5,999,0,success,3.4,95.418,-50.7,6.16,4928.1
39,admin.,single,basic.9y,no,yes,no,cellular,nov,fri,1306,9,999,0,success,3.4,95.418,-50.7,6.157,4928.1
64,admin.,married,basic.4y,unknown,no,no,cellular,nov,thu,223,6,999,0,success,3.4,95.965,-49.8,6.066,4928.1
52,admin.,married,university.degree,no,yes,yes,cellular,nov,tue,271,6,999,0,success,1.9,94.7,-50.0,5.353,4895.8
46,admin.,married,high.school,no,yes,no,cellular,nov,tue,295,6,999,1,success,1.9,94.7,-50.0,5.353,4895.8
58,admin.,married,basic.9y,unknown,no,no,cellular,nov,tue,242,5,6,1,success,0.19999999999999996,94.393,-54.2,2.544,4799.1
64,services,married,high.school,no,no,yes,cellular,nov,tue,392,6,999,0,success,3.1,95.494,-44.4,6.056,4891.0
47,technician,married,university.degree,no,yes,no,cellular,nov,thu,561,5,999,0,success,1.9,94.7,-50.0,5.276,4895.8
48,admin.,married,high.school,no,no,no,cellular,jul,tue,354,5,999,0,success,3.4,95.418,-50.7,6.162,4928.1
47,admin.,married,high.school,no,yes,no,cellular,nov,fri,898,6,999,0,success,3.1,95.494,-44.4,6.055000000000001,4891.0
36,admin.,single,high.school,no,yes,no,cellular,aug,tue,430,6,999,0,success,-0.8999999999999999,93.701,-39.4,2.083,4776.2
74,admin.,married,university.degree,no,no,no,cellular,nov,wed,334,8,999,0,success,-0.8999999999999999,93.701,-39.4,2.0789999999999997,4776.2
50,admin.,married,basic.6y,no,no,no,cellular,nov,tue,746,5,999,0,success,1.9,94.7,-50.0,5.353,4895.8
68,admin.,divorced,unknown,no,no,no,cellular,nov,thu,451,5,999,0,success,3.1,95.494,-44.4,6.0600000000000005,4891.0
62,admin.,single,basic.9y,no,no,no,cellular,nov,mon,138,8,999,0,nonexistent,3.1,95.494,-44.4,6.057,4891.0
54,admin.,married,basic.6y,unknown,no,no,cellular,nov,fri,431,6,999,0,success,0.19999999999999996,94.393,-54.2,2.45,4799.1
62,admin.,married,high.school,no,yes,no,cellular,nov,fri,386,6,999,0,success,0.19999999999999996,94.575,-55.1,2.6790000000000003,4799.1
44,unemployed,married,university.degree,no,yes,no,cellular,jul,thu,1448,7,999,0,success,3.4,95.418,-50.7,6.158,4928.1
49,admin.,single,high.school,no,no,no,cellular,nov,mon,214,7,999,0,success,3.1,95.494,-44.4,6.057,4891.0
74,admin.,married,unknown,unknown,no,no,cellular,nov,wed,439,6,999,0,nonexistent,3.4,95.418,-50.7,6.163,4928.1
48,admin.,single,university.degree,no,yes,no,cellular,nov,thu,291,7,999,0,success,0.19999999999999996,94.393,-54.2,2.466,4799.1
75,admin.,married,high.school,no,no,no,cellular,oct,tue,1207,5,999,1,success,0.8999999999999999,96.101,-57.5,2.237,4663.6
61,blue-collar,divorced,basic.6y,unknown,no,no,cellular,nov,wed,442,9,999,2,success,0.19999999999999996,94.575,-55.1,2.645,4799.1
49,admin.,married,university.degree,no,no,yes,cellular,nov,thu,325,6,999,0,nonexistent,3.4,95.418,-50.7,6.168,4928.1
49,admin.,married,university.degree,no,yes,yes,cellular,nov,mon,275,8,999,0,success,3.1,95.494,-44.4,6.057,4891.0
70,admin.,married,high.school,unknown,yes,no,cellular,nov,tue,370,6,999,1,success,0.19999999999999996,94.393,-54.2,2.4909999999999997,4799.1
48,admin.,married,professional.course,no,no,no,cellular,nov,thu,633,5,999,0,success,0.19999999999999996,94.575,-55.1,2.61,4799.1
70,admin.,married,university.degree,unknown,yes,yes,cellular,nov,tue,403,6,999,0,nonexistent,1.9,94.7,-50.0,5.353,4895.8
50,blue-collar,married,basic.6y,no,no,no,telephone,nov,wed,847,9,999,0,success,3.1,95.494,-44.4,6.056,4891.0
47,admin.,single,university.degree,unknown,yes,no,cellular,may,mon,230,8,999,1,success,0.19999999999999996,94.393,-54.2,2.444,4799.1
54,admin.,married,basic.4y,unknown,yes,no,cellular,nov,wed,277,8,999,0,nonexistent,3.4,95.965,-49.8,6.162,4928.1
52,admin.,single,high.school,no,yes,no,cellular,nov,wed,993,5,999,0,success,1.9,94.7,-50.0,5.32,4895.8
59,technician,divorced,professional.course,no,no,no,cellular,nov,wed,403,6,999,0,success,3.4,94.944,-44.1,6.164000000000001,4928.1
67,admin.,married,basic.4y,no,no,no,cellular,jun,wed,397,6,999,0,success,3.4,95.965,-49.8,6.064,4928.1
62,admin.,married,basic.6y,unknown,yes,no,cellular,nov,wed,219,6,999,0,success,3.4,94.944,-44.1,6.167,4928.1
73,admin.,married,basic.6y,unknown,no,no,cellular,nov,wed,709,5,999,0,success,0.19999999999999996,94.393,-54.2,2.534,4799.1
41,admin.,married,high.school,no,yes,no,cellular,may,mon,313,6,999,0,success,3.1,95.494,-44.4,6.058,4891.0
61,admin.,married,basic.9y,unknown,no,no,cellular,nov,mon,316,5,999,0,success,3.4,94.944,-44.1,6.165,4928.1
59,admin.,married,high.school,no,yes,no,cellular,nov,mon,556,5,999,0,success,3.4,95.418,-50.7,6.16,4928.1
67,admin.,married,basic.9y,unknown,no,no,telephone,nov,tue,232,5,999,0,success,3.1,95.494,-44.4,6.056,4891.0
54,admin.,divorced,university.degree,unknown,yes,no,cellular,nov,tue,800,7,999,0,success,3.1,95.494,-44.4,6.057,4891.0
55,admin.,married,basic.6y,unknown,yes,no,cellular,nov,mon,1081,5,999,0,success,0.19999999999999996,94.575,-55.1,2.605,4799.1
53,admin.,married,university.degree,no,no,no,telephone,nov,mon,1483,6,999,0,nonexistent,3.4,95.965,-49.8,6.16,4928.1
55,admin.,married,basic.9y,no,yes,yes,cellular,nov,thu,1270,6,10,1,success,0.19999999999999996,94.393,-54.2,2.527,4799.1
65,admin.,married,basic.4y,no,no,no,cellular,nov,mon,563,6,999,0,success,0.19999999999999996,94.575,-55.1,2.605,4799.1
44,blue-collar,single,high.school,no,yes,no,cellular,aug,wed,248,5,999,0,success,-0.8999999999999999,93.701,-39.4,2.0789999999999997,4776.2
70,admin.,divorced,university.degree,no,no,no,cellular,nov,tue,446,5,999,0,nonexistent,3.4,94.944,-44.1,6.165,4928.1
70,admin.,married,basic.4y,no,no,no,cellular,may,fri,903,6,999,0,nonexistent,3.1,95.494,-44.4,6.064,4891.0
61,admin.,married,basic.9y,no,no,no,cellular,nov,wed,1999,6,999,0,success,3.4,94.944,-44.1,6.167,4928.1
61,admin.,married,high.school,no,no,no,cellular,nov,fri,757,6,999,0,success,3.4,95.965,-49.8,6.167,4928.1
45,admin.,single,high.school,no,no,no,cellular,may,thu,358,6,999,0,success,0.19999999999999996,94.393,-54.2,2.527,4799.1
61,admin.,single,professional.course,unknown,no,no,cellular,nov,mon,1603,6,999,0,success,3.4,94.944,-44.1,6.17,4928.1
37,admin.,single,high.school,no,yes,no,cellular,nov,thu,885,6,999,0,success,-0.8999999999999999,93.701,-39.4,2.073,4776.2
70,admin.,married,basic.9y,no,no,no,cellular,nov,mon,2059,5,999,0,success,1.9,94.7,-50.0,5.391,4895.8
66,admin.,married,basic.9y,no,no,no,cellular,nov,tue,287,5,999,1,success,1.9,94.7,-50.0,5.353,4895.8
39,admin.,single,university.degree,no,no,no,cellular,nov,thu,1754,6,999,0,success,0.19999999999999996,94.393,-54.2,2.527,4799.1
79,admin.,married,unknown,no,yes,no,cellular,may,wed,1328,7,999,0,nonexistent,0.19999999999999996,95.376,-48.0,1.8969999999999998,4708.7
59,admin.,married,university.degree,no,no,no,cellular,nov,wed,212,5,999,0,success,3.1,95.494,-44.4,6.056,4891.0
50,blue-collar,married,basic.4y,no,yes,no,cellular,nov,mon,644,7,999,0,nonexistent,0.19999999999999996,94.393,-54.2,2.5540000000000003,4799.1
70,admin.,divorced,university.degree,no,yes,no,cellular,nov,tue,1218,5,999,0,success,3.4,94.944,-44.1,6.165,4928.1
54,admin.,married,university.degree,no,yes,no,cellular,nov,mon,1002,5,999,0,success,3.4,95.965,-49.8,6.065,4928.1
71,admin.,single,basic.4y,unknown,no,yes,cellular,nov,wed,340,5,999,0,nonexistent,3.4,95.418,-50.7,6.163,4928.1
48,admin.,married,university.degree,no,yes,no,cellular,nov,tue,183,10,999,0,success,0.19999999999999996,94.393,-54.2,2.544,4799.1
48,admin.,single,high.school,no,no,no,cellular,nov,wed,559,5,999,0,success,1.9,94.7,-50.0,5.32,4895.8
65,services,single,high.school,no,no,no,cellular,nov,wed,331,11,999,0,success,3.4,95.418,-50.7,6.163,4928.1
43,admin.,single,high.school,no,yes,no,cellular,nov,fri,304,5,999,0,nonexistent,0.19999999999999996,94.343,-58.0,2.731,4799.1
46,admin.,married,university.degree,no,no,no,cellular,nov,mon,316,5,999,1,success,-0.8999999999999999,93.701,-39.4,2.061,4776.2
56,admin.,single,professional.course,no,no,no,cellular,nov,mon,235,5,999,0,success,1.9,94.7,-50.0,5.391,4895.8
64,admin.,married,university.degree,no,no,no,cellular,nov,tue,556,6,999,0,success,0.19999999999999996,94.393,-54.2,2.4909999999999997,4799.1
80,admin.,married,basic.4y,no,no,no,cellular,nov,mon,280,6,999,0,success,-0.8999999999999999,94.463,-48.8,2.466,4776.2
65,admin.,married,university.degree,no,yes,no,cellular,nov,tue,478,7,999,0,success,3.4,95.965,-49.8,6.064,4928.1
46,admin.,married,university.degree,no,yes,no,cellular,nov,thu,241,5,999,0,nonexistent,3.4,94.944,-44.1,6.164000000000001,4928.1
51,admin.,married,basic.9y,no,no,no,cellular,nov,wed,239,7,999,0,success,3.1,95.494,-44.4,6.056,4891.0
50,admin.,married,university.degree,no,no,no,cellular,nov,thu,178,9,999,0,success,3.4,94.944,-44.1,6.162,4928.1
48,blue-collar,married,basic.9y,unknown,yes,no,cellular,may,thu,928,5,999,0,success,0.19999999999999996,94.393,-54.2,2.466,4799.1
58,admin.,married,basic.6y,no,yes,no,cellular,apr,fri,1220,5,999,1,failure,0.19999999999999996,94.575,-55.1,2.605,4799.1
62,admin.,married,university.degree,no,no,no,cellular,nov,tue,347,6,999,0,success,1.9,94.7,-50.0,5.353,4895.8
35,admin.,single,unknown,no,no,no,cellular,may,tue,1074,6,3,5,success,0.19999999999999996,95.376,-48.0,1.8969999999999998,4708.7
49,admin.,single,university.degree,no,yes,no,cellular,nov,wed,597,5,999,0,success,0.19999999999999996,94.393,-54.2,2.534,4799.1
70,admin.,divorced,professional.course,no,no,no,cellular,nov,mon,278,5,999,1,success,0.19999999999999996,94.575,-55.1,2.5919999999999996,4799.1
50,admin.,married,university.degree,no,yes,no,cellular,nov,mon,453,7,999,1,success,0.19999999999999996,94.575,-55.1,2.605,4799.1
66,admin.,married,basic.6y,no,yes,no,cellular,nov,fri,563,5,999,0,success,3.4,94.944,-44.1,6.164000000000001,4928.1
66,admin.,married,high.school,no,yes,no,cellular,nov,mon,482,7,999,0,success,3.4,94.944,-44.1,6.165,4928.1
84,retired,married,basic.6y,no,yes,no,cellular,nov,thu,759,7,999,0,success,-1.4,94.149,-38.1,1.916,4717.5
38,admin.,married,professional.course,unknown,no,no,telephone,nov,wed,289,5,999,0,success,3.4,95.965,-49.8,6.162,4928.1
45,admin.,married,university.degree,no,yes,no,cellular,nov,thu,143,27,999,0,success,3.4,94.944,-44.1,6.162,4928.1
49,technician,married,university.degree,no,yes,no,cellular,nov,wed,570,6,999,0,success,3.4,95.965,-49.8,6.162,4928.1
54,self-employed,married,basic.4y,unknown,no,no,cellular,nov,mon,442,8,999,0,success,3.1,95.494,-44.4,6.058,4891.0
65,admin.,married,high.school,no,no,no,cellular,jun,mon,489,6,999,0,success,3.4,95.965,-49.8,6.065,4928.1
46,admin.,married,basic.6y,unknown,yes,no,cellular,nov,thu,655,7,999,0,nonexistent,3.1,95.494,-44.4,6.0600000000000005,4891.0
70,technician,married,basic.4y,no,no,yes,cellular,nov,tue,586,5,999,0,success,3.1,95.494,-44.4,6.057,4891.0
49,admin.,single,professional.course,no,no,no,cellular,nov,fri,532,5,999,0,success,0.19999999999999996,94.343,-58.0,2.926,4799.1
51,admin.,single,basic.9y,no,yes,no,cellular,nov,thu,332,8,999,0,success,1.9,94.7,-50.0,5.276,4895.8
56,admin.,married,university.degree,no,yes,yes,cellular,nov,fri,426,8,999,0,nonexistent,0.19999999999999996,94.393,-54.2,2.513,4799.1
47,admin.,married,university.degree,no,yes,no,cellular,nov,wed,620,7,999,0,success,1.9,94.7,-50.0,5.32,4895.8
45,admin.,single,university.degree,unknown,no,yes,cellular,nov,fri,655,8,999,0,success,3.1,95.494,-44.4,6.059,4891.0
50,admin.,divorced,basic.4y,no,no,no,cellular,nov,tue,773,5,999,0,nonexistent,0.8999999999999999,96.267,-58.8,2.235,4663.6
49,admin.,married,high.school,no,no,no,cellular,nov,tue,520,7,999,0,success,0.19999999999999996,94.393,-54.2,2.466,4799.1
100,admin.,married,unknown,no,yes,no,cellular,nov,thu,608,5,6,2,success,0.19999999999999996,95.376,-48.0,1.883,4708.7
47,admin.,married,basic.9y,no,no,no,cellular,nov,tue,235,5,999,0,success,0.19999999999999996,94.393,-54.2,2.544,4799.1
45,admin.,single,high.school,no,no,no,cellular,may,fri,257,6,999,0,success,3.1,95.494,-44.4,6.057,4891.0
53,admin.,married,basic.9y,no,yes,no,cellular,nov,wed,669,6,999,0,success,3.4,95.418,-50.7,6.163,4928.1
44,admin.,married,university.degree,no,no,no,cellular,nov,mon,233,6,999,0,success,3.4,94.944,-44.1,6.165,4928.1
63,admin.,married,high.school,unknown,no,no,cellular,nov,wed,615,7,999,0,success,1.9,94.7,-50.0,5.32,4895.8
57,admin.,married,university.degree,no,yes,no,cellular,nov,thu,1688,9,999,0,success,1.9,94.7,-50.0,5.276,4895.8
72,admin.,married,basic.4y,no,yes,yes,telephone,may,tue,1285,11,999,0,success,3.1,95.494,-44.4,6.056,4891.0
49,admin.,divorced,unknown,no,yes,no,cellular,nov,thu,876,10,999,0,success,3.4,95.418,-50.7,6.168,4928.1
43,admin.,single,high.school,no,no,yes,cellular,jul,wed,907,6,999,0,success,3.4,95.418,-50.7,6.163,4928.1
51,admin.,single,university.degree,no,yes,yes,cellular,nov,wed,385,6,999,1,success,0.19999999999999996,94.393,-54.2,2.534,4799.1
45,admin.,married,university.degree,no,yes,no,cellular,apr,thu,975,6,999,0,success,0.19999999999999996,94.575,-55.1,2.565,4799.1
49,blue-collar,married,basic.6y,no,yes,no,cellular,nov,mon,3040,6,999,0,success,3.1,95.494,-44.4,6.058,4891.0
66,services,divorced,high.school,no,no,no,cellular,nov,thu,1024,5,999,2,success,0.19999999999999996,94.393,-54.2,2.527,4799.1
51,blue-collar,married,basic.9y,no,no,no,cellular,nov,wed,820,8,999,0,success,3.1,95.494,-44.4,6.057,4891.0
60,admin.,married,high.school,no,no,no,cellular,nov,thu,455,6,999,0,success,3.4,94.944,-44.1,6.168,4928.1
44,admin.,married,university.degree,no,no,no,cellular,nov,wed,1871,5,999,0,success,3.4,95.965,-49.8,6.162,4928.1
41,admin.,single,basic.9y,no,yes,no,cellular,mar,mon,2725,6,999,0,nonexistent,0.19999999999999996,94.343,-58.0,3.011,4799.1
72,admin.,married,university.degree,no,no,no,cellular,nov,tue,1222,7,999,0,success,3.4,94.944,-44.1,6.166,4928.1
49,admin.,married,university.degree,no,yes,no,telephone,nov,fri,187,7,999,0,success,3.4,95.965,-49.8,6.159,4928.1
62,management,single,university.degree,unknown,no,no,cellular,nov,mon,590,7,999,0,success,3.4,95.418,-50.7,6.162,4928.1
61,admin.,single,university.degree,no,yes,yes,cellular,nov,mon,140,9,999,1,success,0.19999999999999996,94.393,-54.2,2.444,4799.1
70,admin.,divorced,high.school,unknown,yes,yes,cellular,jul,tue,205,11,999,0,success,3.4,95.418,-50.7,6.162,4928.1
42,housemaid,married,high.school,no,yes,no,cellular,nov,mon,469,7,999,0,success,3.4,95.418,-50.7,6.162,4928.1
47,admin.,divorced,basic.4y,no,no,yes,cellular,nov,fri,154,5,999,0,success,3.4,95.965,-49.8,6.167,4928.1
56,admin.,single,university.degree,no,no,no,cellular,nov,tue,606,5,999,0,success,-0.8999999999999999,94.463,-48.8,2.4619999999999997,4776.2
38,admin.,single,high.school,no,no,no,telephone,nov,mon,1598,7,999,0,success,3.4,95.418,-50.7,6.162,4928.1
56,admin.,married,basic.9y,no,yes,no,cellular,nov,wed,239,5,999,1,success,0.19999999999999996,94.393,-54.2,2.481,4799.1
63,admin.,married,university.degree,no,yes,yes,cellular,nov,tue,1465,6,999,0,success,-1.4,94.149,-38.1,1.915,4717.5
42,admin.,divorced,unknown,no,no,no,cellular,nov,thu,1085,9,999,0,success,3.4,95.418,-50.7,6.158,4928.1
73,admin.,married,high.school,no,yes,no,cellular,sep,mon,476,5,999,1,success,0.8999999999999999,95.699,-45.5,2.082,4663.6
50,admin.,married,university.degree,no,yes,no,cellular,nov,tue,496,5,999,2,success,-1.4,94.149,-38.1,1.915,4717.5
63,admin.,married,professional.course,no,yes,no,cellular,nov,mon,1324,5,999,0,nonexistent,-1.4,93.879,-37.8,1.9969999999999999,4717.5
71,admin.,married,high.school,no,no,no,cellular,nov,thu,412,6,999,0,success,3.1,95.494,-44.4,6.0600000000000005,4891.0
48,admin.,married,basic.4y,no,no,no,cellular,nov,wed,394,5,999,0,success,3.1,95.494,-44.4,6.057,4891.0
72,admin.,divorced,professional.course,no,no,no,cellular,nov,wed,485,5,999,0,success,3.4,95.965,-49.8,6.162,4928.1
60,admin.,married,professional.course,unknown,no,no,telephone,nov,tue,253,6,999,0,success,3.1,95.494,-44.4,6.056,4891.0
51,admin.,single,basic.4y,no,yes,no,cellular,nov,thu,1515,5,999,0,success,1.9,94.7,-50.0,5.276,4895.8
64,admin.,married,high.school,unknown,no,no,cellular,nov,mon,334,5,6,1,success,0.19999999999999996,95.249,-42.6,1.842,4708.7
45,admin.,divorced,basic.4y,no,yes,yes,cellular,nov,thu,320,5,999,0,success,3.4,95.418,-50.7,6.166,4928.1
49,admin.,single,university.degree,no,yes,no,cellular,nov,thu,286,7,999,0,success,0.19999999999999996,94.393,-54.2,2.527,4799.1
73,blue-collar,married,basic.9y,unknown,yes,no,cellular,nov,thu,674,5,6,1,success,1.9,94.7,-50.0,5.276,4895.8
46,services,single,high.school,no,no,no,cellular,nov,wed,311,5,999,0,success,3.4,95.418,-50.7,6.156000000000001,4928.1
51,admin.,married,basic.6y,no,no,no,cellular,nov,wed,264,5,999,0,success,3.1,95.494,-44.4,6.059,4891.0
66,admin.,married,basic.6y,unknown,yes,no,cellular,nov,tue,1076,5,999,0,success,3.1,95.494,-44.4,6.057,4891.0
55,admin.,married,basic.4y,no,no,no,cellular,nov,fri,259,5,999,0,success,0.19999999999999996,94.393,-54.2,2.513,4799.1
100,admin.,divorced,basic.4y,no,yes,yes,cellular,nov,wed,305,7,999,0,success,0.19999999999999996,94.343,-58.0,2.863,4799.1
69,admin.,divorced,professional.course,no,yes,no,cellular,nov,thu,1115,6,999,0,success,0.19999999999999996,94.393,-54.2,2.466,4799.1
50,admin.,single,university.degree,no,no,no,cellular,nov,fri,145,5,999,0,success,3.4,95.418,-50.7,6.157,4928.1
42,admin.,married,basic.6y,no,no,no,cellular,nov,fri,1110,6,999,1,success,0.19999999999999996,94.393,-54.2,2.45,4799.1
58,admin.,divorced,high.school,no,yes,no,cellular,nov,thu,439,7,999,0,success,3.1,95.494,-44.4,6.055000000000001,4891.0
59,services,single,high.school,no,no,no,cellular,nov,wed,669,8,999,0,nonexistent,1.9,94.7,-50.0,5.32,4895.8
64,admin.,divorced,university.degree,no,no,no,cellular,nov,wed,775,6,6,1,success,1.9,94.7,-50.0,5.32,4895.8
48,services,married,high.school,no,yes,yes,telephone,nov,tue,613,5,999,0,success,3.1,95.494,-44.4,6.057,4891.0
54,admin.,married,high.school,no,yes,no,cellular,nov,mon,271,8,999,0,success,3.4,95.418,-50.7,6.162,4928.1
51,admin.,married,basic.4y,no,no,yes,cellular,nov,wed,511,5,999,0,success,1.9,94.7,-50.0,5.32,4895.8
50,admin.,single,university.degree,unknown,no,no,cellular,nov,mon,1402,5,999,0,success,0.19999999999999996,94.575,-55.1,2.605,4799.1
50,admin.,single,university.degree,no,yes,no,cellular,nov,mon,352,8,999,0,success,3.4,94.944,-44.1,6.163,4928.1
52,admin.,married,high.school,no,no,no,cellular,nov,fri,502,5,999,0,success,3.4,95.965,-49.8,6.147,4928.1
46,admin.,single,university.degree,no,yes,no,cellular,nov,fri,185,5,999,0,success,1.9,94.7,-50.0,5.221,4895.8
55,blue-collar,married,basic.9y,unknown,no,no,cellular,nov,tue,552,9,999,0,success,3.4,95.965,-49.8,6.064,4928.1
44,admin.,single,university.degree,no,yes,no,cellular,nov,fri,710,8,999,1,success,1.9,94.7,-50.0,5.221,4895.8
46,self-employed,single,university.degree,no,no,no,cellular,apr,thu,498,5,999,0,success,0.19999999999999996,95.249,-42.6,1.859,4708.7
49,admin.,single,university.degree,no,no,no,cellular,nov,tue,448,5,999,0,success,3.4,95.418,-50.7,6.1610000000000005,4928.1
58,admin.,married,university.degree,no,no,no,cellular,nov,thu,453,5,999,0,success,0.30000000000000004,95.555,-47.8,1.942,4691.6
51,admin.,single,high.school,unknown,yes,no,cellular,nov,tue,169,10,999,1,success,0.19999999999999996,94.393,-54.2,2.4909999999999997,4799.1
45,admin.,single,university.degree,no,yes,yes,cellular,aug,tue,399,5,4,1,success,-0.8999999999999999,93.701,-39.4,2.083,4776.2
50,admin.,single,basic.9y,no,yes,no,cellular,nov,thu,341,9,999,0,nonexistent,3.4,95.418,-50.7,6.162,4928.1
64,admin.,married,high.school,no,yes,no,cellular,nov,wed,296,5,999,0,success,3.4,95.418,-50.7,6.163,4928.1
58,admin.,married,professional.course,no,no,no,cellular,nov,tue,152,16,999,0,success,3.4,94.944,-44.1,6.163,4928.1
55,admin.,married,university.degree,unknown,no,no,cellular,nov,mon,233,7,999,0,nonexistent,3.1,95.494,-44.4,6.057,4891.0
50,admin.,married,university.degree,no,no,no,cellular,nov,fri,520,5,999,0,success,0.19999999999999996,94.575,-55.1,2.605,4799.1
45,admin.,married,unknown,unknown,no,no,cellular,nov,wed,287,6,999,0,nonexistent,3.4,95.965,-49.8,6.158,4928.1
45,admin.,married,unknown,no,no,no,cellular,nov,fri,273,6,999,0,success,3.1,95.494,-44.4,6.064,4891.0
49,admin.,married,high.school,unknown,no,no,cellular,nov,tue,718,5,999,0,success,3.4,94.944,-44.1,6.163,4928.1
51,admin.,married,high.school,no,yes,no,cellular,nov,tue,629,5,999,1,success,0.19999999999999996,94.393,-54.2,2.544,4799.1
54,admin.,divorced,university.degree,no,no,no,cellular,nov,thu,260,5,999,0,success,3.4,94.944,-44.1,6.164000000000001,4928.1
49,admin.,single,professional.course,no,yes,no,cellular,nov,fri,131,5,999,0,success,0.8999999999999999,96.101,-57.5,2.193,4663.6
48,admin.,married,high.school,unknown,yes,no,cellular,nov,thu,269,7,999,1,success,1.9,94.7,-50.0,5.276,4895.8
44,admin.,single,high.school,no,no,no,cellular,may,thu,145,11,999,0,success,0.19999999999999996,94.393,-54.2,2.466,4799.1
69,admin.,single,university.degree,no,no,no,cellular,nov,tue,241,5,999,0,nonexistent,1.9,94.7,-50.0,5.353,4895.8
58,blue-collar,divorced,basic.9y,no,yes,no,cellular,may,fri,424,7,999,0,success,3.1,95.494,-44.4,6.059,4891.0
60,admin.,married,basic.9y,no,yes,no,telephone,nov,mon,777,7,999,0,success,3.1,95.494,-44.4,6.057,4891.0
64,admin.,married,professional.course,no,yes,no,cellular,nov,thu,696,6,999,0,nonexistent,3.4,95.965,-49.8,6.158,4928.1
67,admin.,married,high.school,no,no,no,cellular,nov,mon,192,6,999,0,nonexistent,1.9,94.7,-50.0,5.391,4895.8
45,blue-collar,single,basic.4y,unknown,no,no,cellular,nov,fri,844,26,999,0,nonexistent,3.4,95.965,-49.8,6.159,4928.1
59,admin.,divorced,basic.9y,no,yes,no,cellular,nov,tue,232,9,999,0,success,3.4,95.418,-50.7,6.1610000000000005,4928.1
70,retired,married,university.degree,unknown,yes,no,cellular,nov,thu,1416,7,999,0,nonexistent,3.1,95.494,-44.4,6.0600000000000005,4891.0
71,services,married,high.school,no,no,no,cellular,nov,mon,395,9,999,0,success,3.4,94.944,-44.1,6.165,4928.1
59,admin.,married,high.school,no,yes,no,cellular,nov,mon,1186,8,999,0,success,3.1,95.494,-44.4,6.057,4891.0
46,admin.,married,basic.9y,no,yes,no,cellular,jul,wed,532,5,999,0,success,3.4,95.418,-50.7,6.157,4928.1
84,admin.,married,high.school,no,no,no,cellular,nov,fri,743,7,999,0,success,-1.4,93.879,-37.8,1.9729999999999999,4717.5
46,technician,married,unknown,no,no,no,cellular,nov,fri,1016,5,999,1,failure,-1.4,94.149,-38.1,1.914,4717.5
59,services,single,high.school,no,no,no,cellular,nov,fri,617,6,999,1,success,0.19999999999999996,94.575,-55.1,2.605,4799.1
53,admin.,married,university.degree,no,no,no,cellular,nov,tue,273,9,999,0,success,3.4,94.944,-44.1,6.165,4928.1
40,student,single,high.school,no,unknown,unknown,cellular,nov,thu,768,9,999,0,success,3.1,95.494,-44.4,6.0600000000000005,4891.0
52,admin.,single,basic.9y,unknown,yes,yes,cellular,nov,mon,413,6,999,0,success,3.1,95.494,-44.4,6.057,4891.0
60,admin.,married,basic.4y,unknown,no,no,cellular,nov,tue,1544,9,999,0,success,3.4,95.418,-50.7,6.1610000000000005,4928.1
43,admin.,single,unknown,no,no,no,cellular,may,tue,316,6,999,0,success,3.1,95.494,-44.4,6.056,4891.0
72,admin.,married,basic.4y,unknown,yes,yes,telephone,nov,wed,138,23,999,0,success,3.4,95.418,-50.7,6.162,4928.1
46,admin.,married,high.school,no,no,no,cellular,nov,tue,1997,6,999,0,success,3.1,95.494,-44.4,6.057,4891.0
63,admin.,married,high.school,unknown,no,no,cellular,nov,wed,665,7,999,0,success,1.9,94.7,-50.0,5.32,4895.8
81,admin.,married,unknown,no,no,no,cellular,nov,tue,1321,5,999,1,success,0.8999999999999999,95.699,-45.5,2.081,4663.6
50,admin.,single,professional.course,no,no,yes,cellular,nov,thu,446,6,999,1,success,0.19999999999999996,94.393,-54.2,2.527,4799.1
59,admin.,married,basic.6y,no,yes,no,cellular,nov,mon,388,9,999,0,nonexistent,3.1,95.494,-44.4,6.057,4891.0
57,admin.,single,basic.4y,no,no,no,cellular,nov,fri,700,5,999,0,nonexistent,3.4,95.965,-49.8,6.167,4928.1
63,admin.,married,basic.6y,no,no,no,cellular,jun,thu,683,6,999,0,success,3.4,95.965,-49.8,6.066,4928.1
74,admin.,married,basic.4y,unknown,yes,no,cellular,nov,mon,379,17,999,0,success,3.4,94.944,-44.1,6.165,4928.1
52,admin.,married,basic.6y,no,yes,yes,cellular,may,tue,296,8,999,0,success,0.19999999999999996,94.393,-54.2,2.544,4799.1
58,admin.,married,unknown,no,no,yes,cellular,nov,tue,140,10,999,0,success,0.19999999999999996,94.393,-54.2,2.4909999999999997,4799.1
56,admin.,married,professional.course,no,no,no,cellular,nov,mon,244,5,999,0,success,3.4,94.944,-44.1,6.165,4928.1
65,admin.,married,high.school,unknown,no,no,cellular,nov,tue,624,6,999,0,nonexistent,3.4,94.944,-44.1,6.163,4928.1
42,admin.,married,basic.9y,no,yes,no,cellular,nov,thu,408,5,999,0,nonexistent,3.1,95.494,-44.4,6.055000000000001,4891.0
70,admin.,married,basic.4y,no,no,no,cellular,aug,thu,289,17,999,0,success,3.4,94.944,-44.1,6.163,4928.1
100,admin.,divorced,basic.4y,unknown,yes,no,cellular,nov,mon,698,7,6,1,success,-1.0,94.213,-41.0,1.915,4723.5
63,admin.,married,basic.9y,no,no,no,cellular,nov,mon,282,5,999,0,nonexistent,3.4,95.418,-50.7,6.16,4928.1
54,unemployed,married,professional.course,no,yes,no,cellular,nov,mon,457,5,999,1,success,1.9,94.7,-50.0,5.391,4895.8
53,admin.,married,basic.4y,unknown,yes,no,cellular,nov,tue,401,5,999,0,nonexistent,3.4,95.418,-50.7,6.1610000000000005,4928.1
61,admin.,single,university.degree,no,yes,no,cellular,nov,mon,286,5,999,0,nonexistent,0.19999999999999996,94.393,-54.2,2.464,4799.1
47,self-employed,single,university.degree,no,yes,no,cellular,nov,mon,239,7,999,1,failure,0.19999999999999996,94.393,-54.2,2.4989999999999997,4799.1
54,admin.,married,basic.9y,unknown,yes,no,cellular,nov,mon,820,5,999,0,success,3.4,95.965,-49.8,6.065,4928.1
48,admin.,single,university.degree,no,no,no,cellular,nov,mon,889,5,6,2,success,0.19999999999999996,94.869,-42.8,1.846,4708.7
43,admin.,single,university.degree,no,no,no,cellular,mar,fri,403,6,999,1,success,0.19999999999999996,94.869,-42.8,1.8359999999999999,4708.7
81,admin.,married,high.school,no,yes,no,cellular,nov,fri,498,5,999,0,nonexistent,0.19999999999999996,94.393,-54.2,2.4589999999999996,4799.1
50,admin.,single,professional.course,no,no,no,telephone,nov,wed,545,5,999,0,success,3.4,95.965,-49.8,6.162,4928.1
63,admin.,divorced,university.degree,no,yes,no,cellular,nov,thu,1087,6,999,0,success,1.9,94.7,-50.0,5.276,4895.8
100,admin.,divorced,basic.4y,no,unknown,unknown,cellular,nov,wed,354,5,999,0,success,-1.4,93.931,-34.9,1.94,4717.5
52,admin.,married,basic.9y,no,no,no,cellular,nov,mon,606,5,999,0,success,3.1,95.494,-44.4,6.057,4891.0
64,technician,married,professional.course,no,no,no,cellular,nov,mon,385,5,999,0,success,3.4,95.965,-49.8,6.065,4928.1
55,admin.,married,high.school,no,yes,no,cellular,apr,fri,707,5,999,1,failure,0.19999999999999996,94.575,-55.1,2.605,4799.1
64,entrepreneur,married,university.degree,unknown,yes,no,cellular,nov,mon,1996,5,999,0,success,3.1,95.494,-44.4,6.057,4891.0
47,admin.,single,university.degree,no,no,no,cellular,nov,thu,262,5,999,0,success,3.4,95.418,-50.7,6.158,4928.1
60,admin.,married,basic.4y,no,no,no,cellular,jul,tue,403,9,999,0,success,3.4,95.418,-50.7,6.1610000000000005,4928.1
58,admin.,single,high.school,no,yes,yes,cellular,nov,tue,217,6,999,0,success,3.4,95.418,-50.7,6.162,4928.1
55,admin.,married,basic.6y,unknown,no,no,cellular,nov,tue,336,5,999,0,success,3.1,95.494,-44.4,6.056,4891.0
60,admin.,married,unknown,unknown,yes,no,cellular,jun,wed,428,7,999,0,nonexistent,3.4,95.965,-49.8,6.064,4928.1
60,admin.,married,high.school,unknown,yes,no,cellular,nov,wed,748,6,999,0,nonexistent,3.1,95.494,-44.4,6.056,4891.0
66,admin.,married,university.degree,no,yes,no,cellular,nov,fri,545,7,999,0,success,3.4,95.965,-49.8,6.159,4928.1
47,admin.,married,university.degree,no,no,no,cellular,nov,tue,712,5,999,0,nonexistent,1.9,94.7,-50.0,5.353,4895.8
44,admin.,single,university.degree,no,no,no,cellular,nov,mon,2185,6,999,0,success,3.1,95.494,-44.4,6.057,4891.0
72,admin.,married,basic.4y,no,no,no,cellular,jun,fri,269,7,999,0,success,3.4,95.965,-49.8,6.167,4928.1
74,admin.,married,basic.9y,no,yes,yes,telephone,nov,wed,892,14,999,0,success,3.1,95.494,-44.4,6.057,4891.0
53,admin.,married,professional.course,no,no,no,cellular,jul,mon,448,7,999,0,success,3.4,95.418,-50.7,6.16,4928.1
66,admin.,married,high.school,unknown,yes,no,cellular,nov,mon,266,5,999,0,success,3.4,95.965,-49.8,6.1610000000000005,4928.1
48,admin.,married,high.school,no,yes,no,cellular,nov,wed,673,7,999,0,success,1.9,94.7,-50.0,5.32,4895.8
45,admin.,married,basic.6y,no,no,no,cellular,nov,thu,347,7,999,0,success,3.1,95.494,-44.4,6.055000000000001,4891.0
73,technician,married,unknown,unknown,no,no,cellular,jul,wed,1558,8,999,0,success,3.4,95.418,-50.7,6.163,4928.1
70,admin.,married,university.degree,no,no,yes,telephone,jul,fri,1016,6,999,0,success,3.4,95.418,-50.7,6.163,4928.1
49,admin.,married,university.degree,unknown,no,no,cellular,nov,tue,383,5,999,0,success,3.4,94.944,-44.1,6.168,4928.1
57,blue-collar,married,basic.6y,unknown,no,no,cellular,jul,tue,462,5,999,0,nonexistent,3.4,95.418,-50.7,6.162,4928.1
45,admin.,single,university.degree,unknown,no,no,cellular,nov,mon,356,6,999,0,success,3.4,94.944,-44.1,6.163,4928.1
69,admin.,married,basic.4y,no,no,no,cellular,nov,tue,491,10,999,1,success,0.19999999999999996,94.393,-54.2,2.4909999999999997,4799.1
75,admin.,divorced,high.school,unknown,yes,yes,cellular,nov,tue,304,6,999,0,success,3.4,95.418,-50.7,6.1610000000000005,4928.1
60,admin.,married,university.degree,no,no,no,cellular,aug,mon,770,9,999,0,success,3.4,94.944,-44.1,6.165,4928.1
63,admin.,married,university.degree,no,yes,yes,cellular,nov,mon,442,6,999,0,success,3.4,95.418,-50.7,6.16,4928.1
49,entrepreneur,married,basic.4y,no,no,no,telephone,nov,wed,255,5,999,0,success,3.1,95.494,-44.4,6.059,4891.0
54,admin.,single,high.school,no,no,no,cellular,may,fri,743,8,999,0,success,3.1,95.494,-44.4,6.055000000000001,4891.0
42,admin.,single,basic.9y,no,yes,no,cellular,nov,fri,422,5,999,0,success,3.1,95.494,-44.4,6.057,4891.0
50,admin.,single,professional.course,no,yes,no,cellular,nov,tue,1159,10,6,1,success,0.30000000000000004,95.715,-48.3,2.035,4691.6
57,admin.,married,university.degree,no,yes,no,cellular,nov,mon,399,8,999,0,success,0.19999999999999996,94.575,-55.1,2.605,4799.1
46,services,single,university.degree,no,yes,no,cellular,nov,wed,1382,5,999,0,success,-0.8999999999999999,93.701,-39.4,2.0789999999999997,4776.2
46,technician,single,university.degree,no,yes,no,cellular,nov,wed,696,8,999,0,nonexistent,3.4,94.944,-44.1,6.164000000000001,4928.1
46,blue-collar,married,basic.6y,no,no,no,cellular,nov,tue,358,5,999,0,success,3.4,94.944,-44.1,6.166,4928.1
51,admin.,married,university.degree,no,yes,no,telephone,may,mon,226,8,999,0,success,3.1,95.494,-44.4,6.057,4891.0
37,technician,single,professional.course,no,no,no,cellular,nov,fri,451,8,999,0,success,3.4,95.965,-49.8,6.159,4928.1
68,admin.,divorced,university.degree,no,no,no,telephone,nov,fri,161,7,999,0,success,3.4,95.965,-49.8,6.159,4928.1
44,admin.,single,university.degree,no,no,no,cellular,aug,tue,460,5,999,0,success,3.4,94.944,-44.1,6.163,4928.1
40,admin.,single,high.school,no,no,no,cellular,nov,wed,325,6,999,0,success,3.4,95.418,-50.7,6.163,4928.1
65,admin.,married,university.degree,no,no,no,cellular,jul,tue,2327,6,999,0,success,3.4,95.418,-50.7,6.1610000000000005,4928.1
48,admin.,married,university.degree,no,no,no,cellular,nov,mon,1277,5,999,0,success,3.1,95.494,-44.4,6.058,4891.0
48,admin.,married,university.degree,no,no,no,cellular,aug,fri,185,11,999,0,success,3.4,94.944,-44.1,6.166,4928.1
48,blue-collar,married,basic.9y,no,yes,yes,cellular,nov,tue,176,8,999,0,nonexistent,0.19999999999999996,94.393,-54.2,2.4909999999999997,4799.1
36,admin.,single,basic.9y,no,no,no,cellular,nov,thu,129,5,999,0,success,0.30000000000000004,95.715,-48.3,2.084,4691.6
49,admin.,single,high.school,no,no,no,cellular,nov,tue,228,7,999,0,success,3.4,95.965,-49.8,6.1610000000000005,4928.1
47,admin.,single,university.degree,no,yes,no,cellular,oct,tue,388,5,999,0,success,-1.4,93.931,-34.9,1.928,4717.5
45,admin.,single,professional.course,no,yes,no,cellular,may,thu,1364,5,999,0,success,0.19999999999999996,94.393,-54.2,2.466,4799.1
63,admin.,married,basic.6y,no,no,no,cellular,nov,thu,428,9,999,0,success,3.4,95.418,-50.7,6.163,4928.1
70,admin.,married,basic.4y,unknown,yes,no,cellular,nov,tue,509,6,999,0,success,3.4,95.965,-49.8,6.064,4928.1
57,admin.,single,basic.9y,unknown,no,no,telephone,nov,thu,196,11,999,0,nonexistent,3.1,95.494,-44.4,6.0600000000000005,4891.0
58,admin.,single,basic.6y,no,yes,no,cellular,nov,wed,478,6,999,0,success,3.4,95.418,-50.7,6.157,4928.1
43,services,single,high.school,no,yes,no,cellular,jul,mon,296,5,999,0,success,3.4,95.418,-50.7,6.16,4928.1
44,unemployed,married,basic.4y,unknown,yes,no,cellular,nov,thu,419,7,999,0,success,1.9,94.7,-50.0,5.276,4895.8
52,admin.,married,university.degree,no,yes,yes,cellular,nov,tue,498,6,999,0,nonexistent,3.4,94.944,-44.1,6.168,4928.1
57,admin.,married,university.degree,no,yes,no,cellular,nov,wed,732,6,999,0,success,1.9,94.7,-50.0,5.32,4895.8
51,admin.,single,university.degree,no,yes,no,cellular,nov,thu,802,5,999,0,nonexistent,3.4,94.944,-44.1,6.163,4928.1
67,admin.,divorced,high.school,no,no,no,cellular,nov,mon,1162,9,999,0,success,3.1,95.494,-44.4,6.058,4891.0
61,admin.,married,basic.4y,no,no,no,cellular,nov,wed,280,5,999,0,success,3.1,95.494,-44.4,6.057,4891.0
42,admin.,married,university.degree,no,no,no,cellular,nov,mon,919,5,999,0,nonexistent,0.19999999999999996,94.575,-55.1,2.5919999999999996,4799.1
49,admin.,married,basic.9y,no,yes,yes,cellular,nov,thu,473,5,999,0,success,3.4,95.418,-50.7,6.163,4928.1
52,admin.,married,basic.9y,no,yes,no,cellular,nov,tue,1052,5,999,0,success,3.1,95.494,-44.4,6.056,4891.0
48,blue-collar,married,high.school,unknown,yes,no,cellular,nov,tue,1009,5,999,0,success,0.19999999999999996,94.343,-58.0,2.71,4799.1
56,admin.,single,basic.9y,unknown,no,no,cellular,nov,fri,1277,7,999,0,nonexistent,1.9,94.7,-50.0,5.221,4895.8
50,admin.,married,high.school,unknown,yes,no,cellular,nov,fri,1020,6,999,1,success,0.19999999999999996,94.393,-54.2,2.45,4799.1
60,blue-collar,married,basic.4y,unknown,yes,no,cellular,nov,tue,1070,11,999,0,success,3.4,94.944,-44.1,6.163,4928.1
48,admin.,single,university.degree,no,no,no,cellular,nov,fri,235,5,999,0,nonexistent,1.9,94.7,-50.0,5.221,4895.8
44,admin.,single,high.school,no,no,yes,cellular,nov,tue,305,8,999,0,success,3.4,95.418,-50.7,6.1610000000000005,4928.1
54,admin.,divorced,high.school,no,yes,no,cellular,nov,tue,1045,9,999,0,success,3.4,95.418,-50.7,6.1610000000000005,4928.1
54,admin.,married,university.degree,no,yes,no,cellular,nov,fri,349,5,999,0,success,3.4,95.418,-50.7,6.162,4928.1
68,admin.,divorced,high.school,no,yes,yes,cellular,nov,fri,1099,6,999,0,success,1.9,94.7,-50.0,5.221,4895.8
42,admin.,married,basic.9y,no,no,no,cellular,nov,mon,1295,5,999,0,success,0.19999999999999996,94.393,-54.2,2.4989999999999997,4799.1
58,admin.,married,university.degree,no,yes,yes,cellular,nov,tue,394,5,999,0,nonexistent,3.4,95.418,-50.7,6.162,4928.1
58,admin.,married,university.degree,no,no,no,cellular,nov,thu,381,6,999,0,success,3.4,95.965,-49.8,6.1610000000000005,4928.1
61,admin.,divorced,basic.4y,unknown,yes,no,cellular,nov,tue,410,5,999,0,nonexistent,3.4,95.418,-50.7,6.1610000000000005,4928.1
65,admin.,single,basic.9y,unknown,yes,no,cellular,nov,thu,545,7,999,0,success,3.1,95.494,-44.4,6.0600000000000005,4891.0
51,admin.,married,basic.9y,unknown,yes,no,cellular,nov,mon,1018,7,999,0,success,1.9,94.7,-50.0,5.391,4895.8
51,admin.,married,basic.9y,no,no,no,cellular,nov,fri,341,7,999,0,success,3.1,95.494,-44.4,6.059,4891.0
60,admin.,married,basic.9y,unknown,no,no,cellular,nov,wed,160,8,999,0,success,3.1,95.494,-44.4,6.059,4891.0
71,retired,married,high.school,unknown,yes,yes,cellular,may,mon,259,5,999,0,success,3.1,95.494,-44.4,6.057,4891.0
58,admin.,married,basic.9y,no,no,no,cellular,nov,tue,662,5,999,0,success,3.4,95.965,-49.8,6.064,4928.1
45,admin.,married,basic.4y,unknown,yes,no,cellular,nov,fri,437,8,999,0,success,3.1,95.494,-44.4,6.064,4891.0
63,admin.,single,high.school,no,no,yes,cellular,nov,tue,287,6,999,0,success,3.4,95.418,-50.7,6.1610000000000005,4928.1
63,admin.,married,university.degree,no,yes,no,cellular,nov,wed,329,9,999,0,success,3.4,94.944,-44.1,6.164000000000001,4928.1
42,admin.,married,basic.9y,no,no,no,cellular,nov,mon,437,8,999,0,success,3.4,95.965,-49.8,6.065,4928.1
47,admin.,single,university.degree,no,yes,no,cellular,nov,fri,709,5,999,1,success,1.9,94.7,-50.0,5.221,4895.8
49,admin.,married,university.degree,no,no,no,cellular,nov,thu,140,12,999,0,success,0.19999999999999996,94.393,-54.2,2.466,4799.1
60,services,married,basic.9y,unknown,no,yes,cellular,nov,thu,982,5,999,0,nonexistent,3.4,95.418,-50.7,6.158,4928.1
52,admin.,married,university.degree,no,yes,no,cellular,may,fri,239,5,999,0,success,3.1,95.494,-44.4,6.057,4891.0
55,admin.,married,basic.9y,no,yes,no,cellular,nov,fri,311,6,999,0,nonexistent,3.4,95.418,-50.7,6.163,4928.1
58,admin.,married,high.school,no,yes,no,cellular,nov,thu,187,8,999,0,nonexistent,1.9,94.7,-50.0,5.276,4895.8
49,admin.,married,university.degree,no,yes,no,telephone,nov,mon,145,18,999,0,success,3.4,95.965,-49.8,6.16,4928.1
36,admin.,single,high.school,no,no,no,cellular,nov,wed,651,8,999,0,nonexistent,-0.8999999999999999,94.463,-48.8,2.46,4776.2
46,admin.,single,high.school,no,yes,no,cellular,jul,wed,449,5,999,0,success,3.4,95.418,-50.7,6.157,4928.1
71,admin.,married,basic.6y,no,no,no,cellular,nov,mon,365,6,999,0,success,3.1,95.494,-44.4,6.057,4891.0
60,admin.,married,university.degree,no,no,no,cellular,nov,fri,694,5,999,3,failure,0.8999999999999999,96.267,-58.8,2.2489999999999997,4663.6
63,admin.,married,basic.9y,no,yes,no,cellular,nov,tue,723,7,999,0,nonexistent,3.4,94.944,-44.1,6.168,4928.1
68,admin.,married,high.school,no,yes,no,cellular,nov,fri,644,5,999,0,success,0.19999999999999996,94.393,-54.2,2.513,4799.1
61,admin.,married,university.degree,no,yes,no,cellular,nov,tue,386,6,999,0,success,1.9,94.7,-50.0,5.353,4895.8
70,admin.,married,basic.4y,no,yes,no,cellular,nov,fri,1106,5,999,1,success,0.19999999999999996,94.575,-55.1,2.605,4799.1
45,admin.,single,university.degree,no,yes,no,cellular,nov,tue,431,13,999,0,nonexistent,3.4,94.944,-44.1,6.163,4928.1
50,blue-collar,married,basic.9y,unknown,no,no,cellular,nov,tue,365,5,999,0,success,0.19999999999999996,94.393,-54.2,2.4909999999999997,4799.1
54,admin.,married,professional.course,no,no,no,cellular,nov,wed,246,5,999,0,success,1.9,94.7,-50.0,5.32,4895.8
53,admin.,married,professional.course,no,yes,yes,cellular,nov,wed,466,5,999,0,success,3.1,95.494,-44.4,6.058,4891.0
71,admin.,married,high.school,unknown,yes,no,cellular,may,fri,424,5,999,1,success,0.19999999999999996,94.393,-54.2,2.45,4799.1
68,admin.,married,professional.course,unknown,yes,no,cellular,nov,fri,395,5,999,0,success,3.1,95.494,-44.4,6.064,4891.0
46,admin.,single,university.degree,no,no,no,cellular,nov,mon,592,6,999,0,success,0.19999999999999996,94.393,-54.2,2.464,4799.1
36,admin.,married,basic.9y,no,yes,no,cellular,nov,wed,626,5,999,0,success,3.4,95.418,-50.7,6.163,4928.1
59,admin.,married,basic.9y,unknown,yes,no,cellular,nov,mon,682,7,999,0,success,3.4,94.944,-44.1,6.163,4928.1
46,admin.,married,university.degree,unknown,no,no,cellular,apr,mon,835,7,999,0,success,0.19999999999999996,94.575,-55.1,2.605,4799.1
49,admin.,married,basic.9y,no,no,no,cellular,may,wed,370,6,999,0,success,3.1,95.494,-44.4,6.059,4891.0
72,admin.,married,university.degree,no,yes,no,telephone,nov,tue,809,5,999,0,success,3.1,95.494,-44.4,6.057,4891.0
42,admin.,married,university.degree,no,no,no,cellular,nov,fri,383,5,999,0,success,3.4,95.418,-50.7,6.157,4928.1
61,admin.,married,high.school,no,yes,yes,cellular,nov,fri,264,7,999,0,success,0.19999999999999996,94.393,-54.2,2.45,4799.1
48,services,married,high.school,unknown,no,no,cellular,nov,thu,331,10,999,0,success,1.9,94.7,-50.0,5.276,4895.8
56,services,married,high.school,no,yes,no,telephone,nov,tue,226,8,999,0,success,3.1,95.494,-44.4,6.057,4891.0
81,admin.,divorced,university.degree,no,yes,no,cellular,nov,wed,520,7,6,2,success,0.30000000000000004,95.527,-46.3,2.1029999999999998,4691.6
45,admin.,married,basic.9y,unknown,yes,no,cellular,may,wed,437,5,999,0,nonexistent,0.19999999999999996,94.393,-54.2,2.534,4799.1
47,admin.,single,basic.9y,no,no,no,cellular,nov,fri,336,6,999,0,nonexistent,0.19999999999999996,94.393,-54.2,2.513,4799.1
53,admin.,married,basic.4y,unknown,yes,no,cellular,nov,fri,250,9,999,0,success,3.1,95.494,-44.4,6.057,4891.0
55,blue-collar,married,basic.9y,unknown,yes,no,cellular,nov,wed,550,6,999,0,success,3.1,95.494,-44.4,6.058,4891.0
46,blue-collar,single,basic.9y,no,yes,no,cellular,nov,tue,237,5,4,1,success,1.9,94.7,-50.0,5.353,4895.8
45,admin.,married,basic.4y,unknown,no,yes,cellular,nov,fri,208,12,999,0,success,3.4,95.965,-49.8,6.167,4928.1
73,admin.,divorced,university.degree,no,yes,no,cellular,jul,mon,872,9,999,0,success,3.4,95.418,-50.7,6.16,4928.1
63,admin.,married,basic.9y,no,no,no,cellular,may,fri,680,6,999,0,nonexistent,0.19999999999999996,94.393,-54.2,2.513,4799.1
44,admin.,married,unknown,no,yes,no,telephone,nov,mon,574,6,999,0,success,3.1,95.494,-44.4,6.057,4891.0
52,admin.,single,university.degree,no,yes,yes,cellular,nov,wed,260,5,999,1,failure,-1.4,93.879,-37.8,1.9529999999999998,4717.5
47,admin.,married,university.degree,no,yes,yes,cellular,nov,wed,280,7,999,0,success,3.4,94.944,-44.1,6.165,4928.1
61,admin.,married,professional.course,no,no,no,cellular,nov,tue,331,5,999,0,success,3.4,95.965,-49.8,6.064,4928.1
42,admin.,single,high.school,no,unknown,unknown,cellular,nov,tue,642,7,999,0,success,3.4,95.418,-50.7,6.1610000000000005,4928.1
46,admin.,married,professional.course,no,yes,no,cellular,nov,wed,403,10,999,0,success,3.1,95.494,-44.4,6.056,4891.0
69,services,married,high.school,no,no,no,cellular,aug,tue,698,8,999,0,nonexistent,3.4,94.944,-44.1,6.166,4928.1
44,admin.,divorced,basic.9y,no,yes,no,cellular,nov,mon,527,7,999,1,success,0.19999999999999996,94.393,-54.2,2.4989999999999997,4799.1
74,admin.,married,unknown,no,no,no,cellular,nov,mon,631,6,999,0,success,3.4,94.944,-44.1,6.165,4928.1
67,admin.,married,basic.6y,no,no,yes,cellular,nov,mon,199,6,999,2,failure,0.19999999999999996,94.575,-55.1,2.605,4799.1
61,admin.,married,high.school,no,yes,no,cellular,nov,fri,764,5,999,0,success,-0.8999999999999999,93.701,-39.4,2.081,4776.2
70,admin.,divorced,university.degree,no,yes,no,cellular,nov,mon,188,8,999,0,success,3.1,95.494,-44.4,6.057,4891.0
52,admin.,married,university.degree,no,no,no,telephone,nov,tue,665,5,999,0,success,3.4,95.965,-49.8,6.064,4928.1
51,admin.,single,high.school,no,yes,yes,cellular,nov,tue,1252,11,999,0,success,3.4,94.944,-44.1,6.163,4928.1
48,admin.,single,university.degree,no,yes,yes,cellular,nov,wed,304,5,999,0,nonexistent,3.4,94.944,-44.1,6.167,4928.1
50,admin.,divorced,high.school,no,no,yes,cellular,nov,mon,147,19,999,0,success,3.4,95.965,-49.8,6.16,4928.1
52,admin.,divorced,high.school,no,yes,no,cellular,nov,mon,259,6,999,0,success,3.1,95.494,-44.4,6.058,4891.0
53,admin.,married,university.degree,no,no,no,cellular,nov,fri,305,5,999,0,success,3.4,94.944,-44.1,6.163,4928.1
49,admin.,married,professional.course,no,no,no,telephone,nov,wed,241,6,999,0,success,3.4,95.965,-49.8,6.158,4928.1
51,admin.,married,basic.6y,no,no,no,cellular,nov,wed,309,8,999,0,success,3.4,95.965,-49.8,6.159,4928.1
74,admin.,married,unknown,no,no,no,cellular,jun,tue,561,5,999,0,success,-0.8999999999999999,94.463,-48.8,2.4619999999999997,4776.2
48,admin.,single,basic.6y,unknown,no,yes,cellular,nov,fri,451,6,999,0,success,3.4,95.418,-50.7,6.163,4928.1
61,admin.,married,basic.4y,no,no,no,telephone,nov,tue,327,5,999,0,success,3.1,95.494,-44.4,6.057,4891.0
49,technician,married,basic.9y,no,no,no,cellular,nov,mon,305,5,999,0,success,0.19999999999999996,94.393,-54.2,2.4989999999999997,4799.1
50,admin.,married,basic.9y,no,yes,no,telephone,nov,wed,151,5,999,0,success,0.30000000000000004,95.527,-46.3,2.09,4691.6
56,blue-collar,married,basic.4y,no,yes,no,cellular,may,fri,395,6,999,0,success,3.1,95.494,-44.4,6.064,4891.0
48,admin.,married,university.degree,no,no,no,telephone,nov,wed,1315,6,999,0,success,3.1,95.494,-44.4,6.057,4891.0
47,admin.,divorced,high.school,no,no,no,cellular,nov,tue,971,5,999,0,success,3.1,95.494,-44.4,6.056,4891.0
60,admin.,single,high.school,no,yes,no,cellular,nov,thu,154,5,999,1,success,0.19999999999999996,94.393,-54.2,2.527,4799.1
70,admin.,married,basic.9y,no,no,no,cellular,nov,tue,356,5,999,0,success,-1.4,93.931,-34.9,1.928,4717.5
48,admin.,single,professional.course,no,no,yes,cellular,aug,tue,1022,5,999,0,success,3.4,94.944,-44.1,6.163,4928.1
42,admin.,divorced,high.school,no,yes,no,cellular,may,mon,419,8,999,0,success,0.19999999999999996,94.393,-54.2,2.444,4799.1
42,admin.,married,professional.course,no,no,no,cellular,nov,thu,304,13,999,0,success,3.4,95.418,-50.7,6.163,4928.1
64,admin.,married,university.degree,no,no,no,cellular,nov,wed,2305,5,999,0,success,0.19999999999999996,94.575,-55.1,2.615,4799.1
39,admin.,single,basic.9y,no,yes,no,cellular,nov,mon,399,5,999,0,success,0.19999999999999996,94.393,-54.2,2.444,4799.1
44,admin.,single,university.degree,no,yes,no,telephone,nov,mon,678,7,999,0,success,3.4,95.418,-50.7,6.162,4928.1
58,admin.,married,professional.course,no,yes,no,telephone,nov,thu,214,5,999,0,nonexistent,3.4,95.965,-49.8,6.1610000000000005,4928.1
64,admin.,married,professional.course,no,yes,no,cellular,jun,fri,262,6,999,0,success,3.4,95.965,-49.8,6.167,4928.1
60,admin.,married,basic.6y,unknown,no,no,cellular,nov,thu,485,5,999,0,success,3.1,95.494,-44.4,6.0600000000000005,4891.0
61,admin.,married,basic.4y,unknown,yes,no,cellular,nov,fri,343,7,999,0,success,0.19999999999999996,94.393,-54.2,2.45,4799.1
56,admin.,divorced,university.degree,no,no,yes,cellular,nov,thu,214,10,999,0,success,3.4,95.418,-50.7,6.168,4928.1
67,admin.,married,university.degree,no,yes,no,cellular,nov,mon,273,6,999,0,success,1.9,94.7,-50.0,5.391,4895.8
52,entrepreneur,single,basic.9y,unknown,yes,no,cellular,jul,tue,748,7,999,0,success,3.4,95.418,-50.7,6.162,4928.1
63,admin.,single,professional.course,no,yes,no,cellular,nov,wed,1074,5,999,0,success,1.9,94.7,-50.0,5.32,4895.8
48,admin.,married,high.school,no,yes,no,cellular,nov,fri,2568,13,999,0,success,3.4,95.418,-50.7,6.157,4928.1
64,admin.,married,high.school,no,yes,no,cellular,aug,tue,352,12,999,0,success,3.4,94.944,-44.1,6.163,4928.1
68,admin.,married,university.degree,no,no,no,cellular,nov,tue,1675,7,999,0,nonexistent,3.4,94.944,-44.1,6.166,4928.1
59,admin.,married,high.school,no,no,yes,cellular,may,mon,147,8,999,2,success,0.19999999999999996,94.393,-54.2,2.5540000000000003,4799.1
48,admin.,single,professional.course,no,no,no,cellular,aug,thu,235,5,999,0,success,3.4,94.944,-44.1,6.164000000000001,4928.1
46,admin.,married,university.degree,no,yes,no,cellular,nov,wed,1493,13,999,0,success,3.4,94.944,-44.1,6.164000000000001,4928.1
52,admin.,married,professional.course,no,yes,no,cellular,nov,mon,287,8,999,0,nonexistent,0.19999999999999996,94.575,-55.1,2.605,4799.1
50,admin.,married,university.degree,no,no,no,cellular,nov,tue,214,5,999,0,nonexistent,3.4,95.965,-49.8,6.064,4928.1
49,admin.,single,high.school,no,yes,yes,cellular,jun,mon,341,5,999,0,success,3.4,95.965,-49.8,6.1610000000000005,4928.1
64,admin.,divorced,professional.course,unknown,no,no,cellular,nov,thu,799,6,999,0,success,3.4,94.944,-44.1,6.164000000000001,4928.1
67,admin.,married,high.school,unknown,no,no,cellular,may,wed,242,5,999,0,nonexistent,3.1,95.494,-44.4,6.058,4891.0
46,technician,married,professional.course,no,yes,no,cellular,nov,wed,1285,6,999,0,success,0.19999999999999996,94.575,-55.1,2.698,4799.1
47,admin.,married,high.school,no,no,no,cellular,may,wed,471,7,999,1,success,0.19999999999999996,94.393,-54.2,2.481,4799.1
89,admin.,married,basic.4y,unknown,yes,no,cellular,nov,mon,961,6,6,1,success,-0.8999999999999999,93.701,-39.4,2.043,4776.2
45,admin.,single,university.degree,no,yes,yes,cellular,nov,tue,296,6,999,0,success,-1.4,94.149,-38.1,1.915,4717.5
66,admin.,married,university.degree,no,yes,no,cellular,nov,fri,1331,5,999,0,success,1.9,94.7,-50.0,5.221,4895.8
51,admin.,married,high.school,no,yes,no,cellular,nov,tue,367,6,999,0,success,0.19999999999999996,94.393,-54.2,2.4909999999999997,4799.1
37,admin.,single,basic.6y,unknown,unknown,unknown,cellular,nov,tue,606,5,999,0,success,3.1,95.494,-44.4,6.056,4891.0
54,admin.,single,high.school,no,no,no,cellular,jun,thu,642,5,999,0,success,3.4,95.965,-49.8,6.1610000000000005,4928.1
52,admin.,married,high.school,no,yes,no,telephone,nov,tue,257,5,999,0,success,3.1,95.494,-44.4,6.056,4891.0
52,admin.,married,high.school,no,no,no,cellular,may,fri,2345,6,999,0,success,3.1,95.494,-44.4,6.064,4891.0
49,technician,married,high.school,no,yes,no,cellular,nov,thu,518,7,999,0,success,3.4,94.944,-44.1,6.164000000000001,4928.1
79,admin.,married,unknown,no,yes,no,cellular,nov,fri,550,8,999,0,success,0.30000000000000004,95.527,-46.3,2.105,4691.6
40,technician,single,professional.course,no,yes,no,cellular,jun,mon,172,5,999,0,nonexistent,-0.8999999999999999,94.463,-48.8,2.46,4776.2
48,admin.,single,basic.9y,no,no,no,telephone,nov,wed,633,6,999,0,success,3.1,95.494,-44.4,6.057,4891.0
73,admin.,married,university.degree,no,no,yes,cellular,may,fri,408,5,999,0,success,3.1,95.494,-44.4,6.057,4891.0
51,technician,single,unknown,no,no,no,cellular,jul,tue,827,5,999,0,success,3.4,95.418,-50.7,6.162,4928.1
67,admin.,married,university.degree,no,no,no,cellular,nov,tue,251,5,999,0,success,3.4,94.944,-44.1,6.166,4928.1
40,admin.,married,university.degree,no,yes,no,cellular,nov,fri,649,5,999,0,success,0.19999999999999996,94.343,-58.0,2.731,4799.1
67,admin.,married,university.degree,no,no,no,cellular,nov,fri,212,5,999,0,success,1.9,94.7,-50.0,5.221,4895.8
72,admin.,married,basic.4y,unknown,yes,no,cellular,nov,mon,255,9,999,0,nonexistent,3.4,95.965,-49.8,6.065,4928.1
44,admin.,single,university.degree,no,no,no,cellular,nov,fri,455,7,999,0,success,3.4,94.944,-44.1,6.163,4928.1
100,admin.,married,basic.9y,no,no,no,cellular,nov,wed,361,5,999,1,success,-1.4,94.149,-38.1,1.916,4717.5
69,admin.,married,university.degree,no,yes,yes,cellular,nov,thu,264,6,999,0,success,3.4,95.965,-49.8,6.066,4928.1
52,admin.,married,basic.4y,no,no,no,cellular,nov,thu,514,6,999,0,nonexistent,3.1,95.494,-44.4,6.055000000000001,4891.0
48,admin.,divorced,professional.course,no,no,no,cellular,jun,thu,167,9,999,0,nonexistent,3.4,95.965,-49.8,6.1610000000000005,4928.1
52,blue-collar,single,high.school,unknown,no,no,cellular,nov,tue,1178,5,999,1,success,1.9,94.7,-50.0,5.353,4895.8
49,admin.,married,university.degree,no,no,no,cellular,nov,tue,356,5,999,0,success,1.9,94.7,-50.0,5.353,4895.8
48,admin.,married,basic.4y,no,no,no,cellular,nov,mon,2618,6,999,0,success,0.19999999999999996,94.393,-54.2,2.4989999999999997,4799.1
74,retired,married,basic.9y,no,no,no,cellular,nov,mon,1112,8,999,0,success,3.4,95.418,-50.7,6.162,4928.1
47,admin.,married,high.school,no,yes,yes,cellular,nov,tue,1400,7,999,0,success,3.4,94.944,-44.1,6.166,4928.1
70,unemployed,married,high.school,no,no,no,cellular,nov,fri,397,12,999,0,nonexistent,3.4,95.965,-49.8,6.159,4928.1
44,admin.,single,high.school,no,yes,no,cellular,nov,tue,586,5,999,0,success,3.4,95.418,-50.7,6.162,4928.1
42,admin.,single,university.degree,no,yes,no,cellular,nov,thu,251,5,999,0,nonexistent,0.19999999999999996,94.393,-54.2,2.466,4799.1
67,admin.,divorced,university.degree,no,no,no,cellular,may,wed,932,5,999,1,success,0.19999999999999996,94.393,-54.2,2.534,4799.1
46,admin.,single,professional.course,no,no,yes,cellular,nov,tue,428,17,999,0,nonexistent,3.4,95.418,-50.7,6.1610000000000005,4928.1
44,admin.,married,high.school,unknown,yes,no,cellular,nov,tue,631,7,999,0,success,3.4,95.965,-49.8,6.064,4928.1
61,admin.,married,basic.4y,no,no,no,cellular,nov,fri,971,6,999,0,success,3.4,95.965,-49.8,6.167,4928.1
49,admin.,married,university.degree,no,yes,no,telephone,nov,fri,500,6,999,0,success,3.1,95.494,-44.4,6.055000000000001,4891.0
60,admin.,single,high.school,unknown,no,no,cellular,nov,wed,1087,9,999,1,success,0.19999999999999996,94.393,-54.2,2.481,4799.1
46,admin.,single,professional.course,no,yes,no,cellular,nov,tue,750,8,999,0,nonexistent,3.4,95.418,-50.7,6.1610000000000005,4928.1
66,admin.,married,high.school,unknown,yes,no,cellular,jun,wed,487,6,999,0,success,3.4,95.965,-49.8,6.159,4928.1
56,admin.,divorced,professional.course,no,yes,no,cellular,jul,thu,469,5,999,0,nonexistent,3.4,95.418,-50.7,6.163,4928.1
51,admin.,married,high.school,no,yes,no,cellular,oct,mon,667,5,3,1,success,0.8999999999999999,96.101,-57.5,2.232,4663.6
72,admin.,unknown,basic.4y,no,yes,no,cellular,nov,thu,428,14,999,0,success,3.1,95.494,-44.4,6.0600000000000005,4891.0
45,admin.,divorced,basic.9y,no,yes,no,cellular,nov,tue,329,7,999,0,success,3.4,95.965,-49.8,6.1610000000000005,4928.1
69,admin.,married,university.degree,no,no,no,cellular,nov,tue,514,7,999,0,success,3.4,94.944,-44.1,6.165,4928.1
52,blue-collar,single,basic.4y,no,yes,no,cellular,nov,mon,707,7,999,0,success,0.19999999999999996,94.575,-55.1,2.605,4799.1
45,admin.,single,basic.9y,no,yes,no,cellular,nov,fri,350,5,999,0,success,3.1,95.494,-44.4,6.055000000000001,4891.0
44,admin.,married,university.degree,no,no,no,cellular,may,tue,309,6,999,0,success,0.19999999999999996,94.393,-54.2,2.466,4799.1
69,admin.,married,university.degree,unknown,yes,no,cellular,nov,fri,597,8,999,1,success,0.19999999999999996,94.393,-54.2,2.513,4799.1
57,admin.,single,university.degree,no,no,yes,cellular,nov,thu,340,5,999,0,success,3.4,95.965,-49.8,6.158,4928.1
61,admin.,married,university.degree,no,yes,no,cellular,nov,wed,170,15,999,0,success,3.4,95.418,-50.7,6.163,4928.1
52,admin.,married,high.school,no,yes,no,cellular,jul,mon,284,6,999,0,nonexistent,-0.8999999999999999,93.969,-41.6,2.144,4776.2
58,admin.,married,basic.4y,unknown,no,yes,telephone,nov,mon,334,5,999,0,nonexistent,3.4,95.965,-49.8,6.1610000000000005,4928.1
63,services,married,high.school,no,yes,yes,telephone,jul,mon,233,9,999,0,success,3.4,95.418,-50.7,6.162,4928.1
45,admin.,married,university.degree,no,yes,no,cellular,nov,tue,1013,5,999,0,success,0.19999999999999996,94.575,-55.1,2.623,4799.1
50,blue-collar,married,unknown,no,yes,no,cellular,nov,mon,192,12,10,1,success,0.19999999999999996,94.393,-54.2,2.4989999999999997,4799.1
60,admin.,married,unknown,unknown,no,no,cellular,may,tue,262,5,999,0,success,3.1,95.494,-44.4,6.057,4891.0
55,admin.,married,basic.9y,no,yes,no,cellular,nov,tue,181,7,999,0,success,3.1,95.494,-44.4,6.057,4891.0
51,admin.,single,university.degree,no,yes,no,telephone,nov,wed,390,6,999,0,success,3.4,95.965,-49.8,6.159,4928.1
44,services,single,unknown,no,yes,no,cellular,nov,thu,527,6,999,0,success,0.19999999999999996,95.249,-42.6,1.859,4708.7
47,admin.,single,high.school,no,yes,no,cellular,nov,tue,2876,5,999,0,success,0.19999999999999996,94.393,-54.2,2.4909999999999997,4799.1
42,admin.,single,university.degree,no,no,no,cellular,nov,thu,1070,5,999,0,success,3.4,95.418,-50.7,6.162,4928.1
50,admin.,single,professional.course,unknown,no,no,cellular,may,wed,476,6,999,0,success,3.1,95.494,-44.4,6.057,4891.0
60,admin.,divorced,university.degree,no,no,no,cellular,may,fri,325,6,999,0,success,3.1,95.494,-44.4,6.059,4891.0
69,admin.,married,high.school,no,yes,no,cellular,nov,thu,1621,13,999,0,success,3.4,94.944,-44.1,6.164000000000001,4928.1
63,admin.,married,basic.6y,no,yes,yes,cellular,nov,thu,448,5,999,0,nonexistent,3.1,95.494,-44.4,6.0600000000000005,4891.0
43,services,married,high.school,no,no,no,cellular,nov,tue,1117,5,999,0,success,3.4,95.418,-50.7,6.162,4928.1
57,admin.,single,university.degree,no,no,no,cellular,nov,wed,635,7,999,0,success,3.4,94.944,-44.1,6.167,4928.1
50,admin.,married,university.degree,no,yes,no,cellular,nov,wed,491,7,999,0,success,3.1,95.494,-44.4,6.058,4891.0
45,admin.,married,professional.course,no,no,no,cellular,nov,fri,358,5,999,0,success,3.4,94.944,-44.1,6.164000000000001,4928.1
43,admin.,single,professional.course,no,yes,no,cellular,apr,thu,979,6,999,1,success,0.19999999999999996,94.575,-55.1,2.683,4799.1
51,admin.,single,university.degree,no,no,no,cellular,nov,thu,152,44,999,0,success,3.4,95.418,-50.7,6.168,4928.1
75,admin.,married,basic.9y,unknown,yes,no,telephone,nov,fri,178,7,999,0,success,3.1,95.494,-44.4,6.059,4891.0
49,admin.,married,high.school,no,yes,no,cellular,may,wed,293,6,999,0,success,0.19999999999999996,94.393,-54.2,2.481,4799.1
48,admin.,married,basic.4y,no,yes,yes,cellular,nov,wed,322,8,999,0,success,3.4,95.965,-49.8,6.064,4928.1
58,blue-collar,married,basic.9y,no,yes,no,cellular,nov,fri,392,10,999,0,success,3.4,95.965,-49.8,6.167,4928.1
53,admin.,married,basic.6y,no,no,no,cellular,nov,tue,1078,6,999,0,success,3.1,95.494,-44.4,6.057,4891.0
49,admin.,divorced,university.degree,no,yes,no,cellular,nov,tue,332,5,999,0,nonexistent,0.19999999999999996,94.393,-54.2,2.4909999999999997,4799.1
58,admin.,married,unknown,unknown,no,no,cellular,nov,thu,439,5,999,0,success,0.19999999999999996,94.575,-55.1,2.61,4799.1
65,technician,divorced,professional.course,no,no,no,cellular,nov,mon,251,6,999,0,nonexistent,3.4,94.944,-44.1,6.165,4928.1
48,technician,married,professional.course,no,yes,no,cellular,nov,mon,131,6,999,0,success,0.19999999999999996,94.393,-54.2,2.444,4799.1
54,admin.,married,university.degree,no,no,no,cellular,nov,mon,759,7,999,2,success,0.19999999999999996,94.575,-55.1,2.605,4799.1
54,admin.,single,basic.4y,unknown,yes,no,cellular,nov,tue,269,8,999,0,nonexistent,3.1,95.494,-44.4,6.057,4891.0
47,admin.,married,high.school,no,yes,no,cellular,nov,tue,145,10,999,0,success,0.19999999999999996,94.393,-54.2,2.4909999999999997,4799.1
54,admin.,married,basic.6y,no,yes,no,cellular,nov,thu,977,5,999,0,success,0.19999999999999996,94.393,-54.2,2.527,4799.1
61,admin.,married,high.school,unknown,yes,no,cellular,nov,fri,223,8,999,0,nonexistent,0.19999999999999996,94.575,-55.1,2.6790000000000003,4799.1
63,admin.,divorced,basic.9y,no,no,no,cellular,nov,tue,2683,8,999,0,success,3.4,95.418,-50.7,6.1610000000000005,4928.1
52,admin.,single,basic.9y,no,no,no,cellular,nov,tue,746,5,999,0,nonexistent,0.19999999999999996,94.393,-54.2,2.544,4799.1
47,admin.,married,professional.course,no,no,no,cellular,nov,wed,1103,5,999,0,success,3.1,95.494,-44.4,6.059,4891.0
42,admin.,single,basic.9y,no,yes,yes,cellular,nov,mon,487,7,999,0,success,3.4,95.418,-50.7,6.16,4928.1
37,student,single,high.school,no,no,no,cellular,nov,tue,469,6,999,0,success,0.19999999999999996,94.575,-55.1,2.653,4799.1
45,admin.,married,basic.4y,no,yes,yes,cellular,nov,thu,953,6,999,0,success,0.19999999999999996,94.393,-54.2,2.527,4799.1
73,admin.,married,university.degree,unknown,no,no,telephone,jun,mon,165,6,999,0,nonexistent,3.4,95.965,-49.8,6.158,4928.1
52,admin.,single,university.degree,no,yes,yes,cellular,nov,wed,408,5,999,0,success,1.9,94.7,-50.0,5.32,4895.8
67,admin.,married,basic.4y,no,yes,no,cellular,nov,thu,311,6,999,0,success,3.4,95.965,-49.8,6.1610000000000005,4928.1
44,admin.,single,university.degree,no,no,no,cellular,nov,wed,651,5,999,0,nonexistent,0.19999999999999996,94.575,-55.1,2.698,4799.1
70,self-employed,married,university.degree,unknown,no,no,cellular,nov,mon,511,7,999,1,failure,0.19999999999999996,94.393,-54.2,2.4989999999999997,4799.1
45,admin.,single,university.degree,no,no,no,cellular,nov,wed,1007,5,999,0,success,1.9,94.7,-50.0,5.32,4895.8
56,technician,single,university.degree,no,no,no,cellular,nov,thu,455,6,999,0,success,3.4,95.418,-50.7,6.162,4928.1
71,admin.,married,basic.4y,no,yes,no,cellular,nov,wed,766,7,999,0,nonexistent,-0.8999999999999999,93.701,-39.4,2.034,4776.2
73,admin.,married,university.degree,no,yes,no,cellular,nov,thu,739,6,999,0,success,0.8999999999999999,96.267,-58.8,2.2409999999999997,4663.6
60,admin.,married,professional.course,no,no,no,cellular,nov,fri,208,5,999,0,success,3.4,95.418,-50.7,6.162,4928.1
53,admin.,married,university.degree,no,yes,no,cellular,aug,mon,662,6,999,0,success,3.4,94.944,-44.1,6.165,4928.1
60,admin.,married,basic.9y,no,unknown,unknown,cellular,nov,fri,448,6,999,0,success,0.19999999999999996,94.575,-55.1,2.605,4799.1
47,admin.,married,basic.9y,no,no,no,cellular,nov,fri,559,5,999,0,nonexistent,3.1,95.494,-44.4,6.059,4891.0
56,admin.,married,high.school,no,yes,yes,cellular,nov,wed,435,5,6,1,success,0.8999999999999999,95.699,-45.5,2.0789999999999997,4663.6
57,admin.,divorced,high.school,no,yes,yes,cellular,nov,tue,386,18,999,0,success,3.4,95.418,-50.7,6.1610000000000005,4928.1
62,admin.,married,unknown,unknown,no,no,cellular,nov,wed,160,7,999,0,success,3.1,95.494,-44.4,6.059,4891.0
51,admin.,single,basic.6y,no,no,no,cellular,nov,thu,514,11,999,1,success,1.9,94.7,-50.0,5.276,4895.8
70,admin.,married,basic.4y,unknown,yes,no,telephone,nov,wed,372,6,999,0,success,3.1,95.494,-44.4,6.057,4891.0
41,admin.,married,basic.9y,no,yes,no,cellular,nov,mon,341,6,999,0,nonexistent,3.4,95.965,-49.8,6.158,4928.1
59,admin.,married,university.degree,no,no,no,cellular,nov,thu,313,7,999,0,success,3.4,94.944,-44.1,6.168,4928.1
65,admin.,single,basic.9y,no,unknown,unknown,cellular,nov,wed,1378,5,999,1,success,-0.8999999999999999,94.463,-48.8,2.46,4776.2
44,admin.,married,high.school,no,no,no,cellular,nov,wed,1225,6,999,0,success,3.1,95.494,-44.4,6.056,4891.0
43,admin.,single,high.school,no,yes,no,cellular,jul,mon,651,5,999,0,success,3.4,95.418,-50.7,6.16,4928.1
73,admin.,married,professional.course,no,yes,no,cellular,nov,wed,205,5,999,0,success,0.19999999999999996,94.393,-54.2,2.534,4799.1
58,admin.,divorced,basic.9y,no,yes,no,cellular,may,fri,631,8,999,0,success,3.1,95.494,-44.4,6.055000000000001,4891.0
68,admin.,married,high.school,no,no,yes,telephone,nov,mon,334,6,999,0,success,3.1,95.494,-44.4,6.058,4891.0
50,admin.,married,basic.9y,no,no,yes,telephone,nov,fri,458,5,999,0,success,3.4,95.965,-49.8,6.167,4928.1
60,admin.,married,basic.9y,no,no,no,cellular,nov,mon,439,6,999,0,success,-0.8999999999999999,94.463,-48.8,2.466,4776.2
48,admin.,married,high.school,no,yes,no,cellular,nov,fri,833,5,999,0,success,3.4,95.418,-50.7,6.162,4928.1
45,admin.,married,basic.9y,no,yes,yes,cellular,nov,mon,295,5,999,1,failure,0.19999999999999996,94.393,-54.2,2.444,4799.1
56,admin.,married,university.degree,no,yes,no,cellular,nov,fri,736,5,999,0,nonexistent,0.19999999999999996,95.249,-42.6,1.845,4708.7
59,admin.,divorced,unknown,no,no,no,cellular,nov,tue,460,5,999,0,success,0.19999999999999996,94.575,-55.1,2.605,4799.1
62,admin.,married,high.school,no,yes,no,cellular,nov,mon,552,5,999,0,success,1.9,94.7,-50.0,5.391,4895.8
65,blue-collar,married,basic.9y,unknown,yes,yes,telephone,nov,tue,419,5,999,0,success,3.1,95.494,-44.4,6.056,4891.0
54,admin.,married,high.school,no,yes,no,cellular,nov,fri,899,7,999,0,success,3.1,95.494,-44.4,6.057,4891.0
54,admin.,married,basic.9y,unknown,no,no,telephone,nov,mon,793,5,999,0,success,3.1,95.494,-44.4,6.057,4891.0
41,admin.,single,university.degree,no,yes,no,telephone,apr,tue,660,7,999,0,success,0.19999999999999996,94.575,-55.1,2.623,4799.1
41,admin.,single,professional.course,no,yes,no,cellular,nov,wed,257,11,999,0,success,3.4,95.418,-50.7,6.157,4928.1
49,admin.,married,university.degree,unknown,yes,no,cellular,nov,wed,491,5,999,0,success,3.4,94.944,-44.1,6.165,4928.1
61,management,married,high.school,no,yes,yes,cellular,nov,tue,372,6,999,0,success,1.9,94.7,-50.0,5.353,4895.8
51,admin.,married,university.degree,no,yes,yes,cellular,nov,tue,170,6,999,0,success,-1.4,93.879,-37.8,2.019,4717.5
44,blue-collar,single,basic.6y,no,yes,no,cellular,jun,thu,269,5,999,0,success,3.4,95.965,-49.8,6.066,4928.1
74,admin.,married,basic.4y,unknown,no,no,cellular,nov,fri,390,6,999,0,success,3.4,95.418,-50.7,6.159,4928.1
45,admin.,married,university.degree,no,yes,no,cellular,nov,thu,446,5,999,0,success,-0.8999999999999999,93.701,-39.4,2.073,4776.2
73,management,married,basic.9y,no,no,no,telephone,nov,fri,172,5,999,0,nonexistent,3.1,95.494,-44.4,6.059,4891.0
51,admin.,divorced,university.degree,no,no,no,cellular,nov,fri,241,8,999,1,success,0.19999999999999996,94.393,-54.2,2.45,4799.1
56,admin.,married,university.degree,unknown,yes,no,cellular,nov,tue,230,5,999,0,success,1.9,94.7,-50.0,5.353,4895.8
52,admin.,married,basic.6y,no,yes,no,cellular,nov,mon,1423,6,999,0,nonexistent,0.19999999999999996,94.575,-55.1,2.605,4799.1
48,admin.,divorced,professional.course,no,yes,no,cellular,nov,fri,199,5,999,0,success,3.1,95.494,-44.4,6.055000000000001,4891.0
56,admin.,divorced,high.school,unknown,yes,yes,cellular,nov,tue,453,9,999,0,success,3.4,95.418,-50.7,6.1610000000000005,4928.1
89,admin.,divorced,basic.4y,no,yes,yes,cellular,jul,wed,311,6,999,0,success,0.30000000000000004,95.715,-48.3,2.096,4691.6
65,admin.,single,university.degree,no,yes,no,cellular,nov,wed,278,5,999,0,success,3.4,94.944,-44.1,6.167,4928.1
57,admin.,married,basic.4y,no,no,no,cellular,nov,thu,386,5,999,0,success,3.1,95.494,-44.4,6.0600000000000005,4891.0
52,admin.,married,professional.course,no,yes,no,cellular,nov,fri,6656,6,999,0,success,3.1,95.494,-44.4,6.064,4891.0
71,admin.,single,university.degree,no,yes,no,cellular,nov,wed,435,5,999,1,failure,0.19999999999999996,94.869,-42.8,1.834,4708.7
51,admin.,married,university.degree,no,no,yes,cellular,nov,thu,451,6,999,0,success,3.1,95.494,-44.4,6.0600000000000005,4891.0
43,blue-collar,married,basic.9y,unknown,unknown,unknown,telephone,nov,mon,601,5,999,1,success,0.19999999999999996,94.393,-54.2,2.4989999999999997,4799.1
64,admin.,married,high.school,unknown,yes,no,cellular,nov,wed,464,6,999,0,success,3.1,95.494,-44.4,6.057,4891.0
43,admin.,single,university.degree,no,yes,no,cellular,nov,mon,235,5,999,0,success,0.19999999999999996,94.575,-55.1,2.605,4799.1
71,admin.,divorced,high.school,no,yes,no,cellular,nov,tue,446,10,999,0,success,3.1,95.494,-44.4,6.056,4891.0
51,admin.,married,basic.6y,unknown,no,no,telephone,nov,thu,494,9,999,0,success,3.4,95.418,-50.7,6.168,4928.1
43,admin.,single,basic.6y,no,no,no,cellular,nov,wed,813,6,4,1,success,-0.8999999999999999,94.463,-48.8,2.46,4776.2
42,admin.,single,university.degree,no,no,no,cellular,nov,thu,374,5,999,0,success,0.19999999999999996,94.575,-55.1,2.606,4799.1
43,admin.,single,university.degree,no,yes,no,cellular,nov,fri,538,5,999,0,success,-0.8999999999999999,94.463,-48.8,2.468,4776.2
72,admin.,married,basic.4y,unknown,yes,no,cellular,may,fri,196,7,999,0,nonexistent,3.1,95.494,-44.4,6.057,4891.0
55,admin.,married,unknown,no,no,no,cellular,nov,tue,727,6,999,0,success,3.1,95.494,-44.4,6.057,4891.0
73,admin.,married,basic.9y,no,yes,no,cellular,nov,mon,703,5,999,0,success,0.30000000000000004,95.527,-46.3,2.104,4691.6
63,technician,married,basic.6y,no,no,yes,cellular,may,tue,435,5,999,0,success,3.1,95.494,-44.4,6.057,4891.0
57,management,single,university.degree,no,unknown,unknown,cellular,nov,mon,269,8,999,0,nonexistent,-0.8999999999999999,94.463,-48.8,2.46,4776.2
57,admin.,married,university.degree,no,yes,no,cellular,aug,tue,271,8,999,0,success,3.4,94.944,-44.1,6.165,4928.1
53,blue-collar,married,basic.4y,unknown,yes,no,cellular,apr,thu,584,5,999,1,success,0.19999999999999996,94.575,-55.1,2.61,4799.1
57,blue-collar,married,basic.9y,unknown,no,no,cellular,jun,thu,255,9,999,0,nonexistent,3.4,95.965,-49.8,6.155,4928.1
60,admin.,divorced,high.school,unknown,no,no,cellular,may,mon,419,16,999,0,success,3.1,95.494,-44.4,6.057,4891.0
51,admin.,single,professional.course,no,no,no,cellular,nov,mon,788,5,999,0,success,-1.0,94.213,-41.0,1.9169999999999998,4723.5
58,admin.,divorced,high.school,no,yes,no,cellular,nov,mon,712,6,999,0,success,3.4,95.418,-50.7,6.162,4928.1
44,blue-collar,single,professional.course,no,yes,no,cellular,may,wed,277,7,999,0,success,0.19999999999999996,94.393,-54.2,2.534,4799.1
51,admin.,single,professional.course,no,no,no,cellular,jul,thu,320,8,999,0,success,3.4,95.418,-50.7,6.168,4928.1
56,admin.,married,unknown,no,no,no,cellular,nov,fri,1412,5,999,0,nonexistent,3.1,95.494,-44.4,6.059,4891.0
45,admin.,single,university.degree,no,yes,no,cellular,nov,wed,840,5,999,0,success,0.19999999999999996,94.575,-55.1,2.605,4799.1
52,admin.,married,university.degree,no,yes,no,cellular,nov,thu,390,7,5,5,success,0.8999999999999999,96.101,-57.5,2.2249999999999996,4663.6
45,blue-collar,married,basic.9y,unknown,no,no,cellular,nov,thu,1339,5,999,0,success,1.9,94.7,-50.0,5.276,4895.8
54,admin.,married,basic.9y,no,yes,no,cellular,nov,wed,415,5,999,0,success,3.1,95.494,-44.4,6.058,4891.0
43,unemployed,married,high.school,unknown,yes,no,cellular,nov,tue,399,6,999,0,success,0.19999999999999996,94.393,-54.2,2.4909999999999997,4799.1
85,admin.,married,professional.course,no,no,no,cellular,nov,fri,453,7,999,1,failure,-0.8999999999999999,93.701,-39.4,2.069,4776.2
57,admin.,married,high.school,unknown,yes,yes,cellular,nov,thu,557,5,999,1,success,0.19999999999999996,94.575,-55.1,2.61,4799.1
49,self-employed,divorced,university.degree,no,yes,no,cellular,jul,mon,412,7,999,0,nonexistent,3.4,95.418,-50.7,6.162,4928.1
52,admin.,single,university.degree,no,yes,yes,cellular,nov,wed,1639,6,999,0,success,1.9,94.7,-50.0,5.32,4895.8
39,admin.,single,high.school,no,no,no,cellular,nov,mon,842,6,999,0,success,3.1,95.494,-44.4,6.058,4891.0
62,technician,married,professional.course,no,yes,no,cellular,nov,thu,244,5,999,0,success,3.1,95.494,-44.4,6.0600000000000005,4891.0
42,admin.,single,professional.course,no,no,no,cellular,nov,tue,728,6,999,0,success,3.4,95.418,-50.7,6.162,4928.1
63,management,married,university.degree,no,yes,no,cellular,nov,tue,460,5,999,0,success,3.4,94.944,-44.1,6.163,4928.1
56,unknown,single,basic.9y,no,no,yes,telephone,nov,mon,784,5,999,0,success,3.1,95.494,-44.4,6.057,4891.0
46,admin.,married,university.degree,no,no,no,cellular,nov,mon,381,9,999,0,success,3.4,94.944,-44.1,6.163,4928.1
70,admin.,married,professional.course,no,yes,no,cellular,jul,wed,336,6,999,0,success,3.4,95.418,-50.7,6.163,4928.1
55,admin.,married,high.school,unknown,no,no,cellular,nov,thu,356,5,999,0,success,3.1,95.494,-44.4,6.0600000000000005,4891.0
52,admin.,married,basic.6y,unknown,no,yes,cellular,nov,wed,377,5,999,0,nonexistent,3.4,95.418,-50.7,6.162,4928.1
76,admin.,married,high.school,no,no,no,cellular,nov,wed,314,5,999,0,success,-1.4,93.931,-34.9,1.924,4717.5
56,admin.,single,high.school,no,yes,no,cellular,aug,mon,1211,5,6,1,success,-0.8999999999999999,93.701,-39.4,2.061,4776.2
70,admin.,married,university.degree,no,no,no,cellular,nov,fri,199,8,999,0,success,3.4,95.965,-49.8,6.159,4928.1
39,admin.,single,basic.9y,no,yes,no,cellular,nov,wed,480,5,999,0,success,0.19999999999999996,94.393,-54.2,2.481,4799.1
63,admin.,divorced,high.school,no,yes,no,cellular,may,wed,394,6,999,0,success,3.1,95.494,-44.4,6.059,4891.0
53,admin.,married,basic.6y,unknown,no,no,telephone,jun,wed,545,5,999,0,success,3.4,95.965,-49.8,6.064,4928.1
53,admin.,married,unknown,unknown,no,no,cellular,nov,mon,732,7,999,0,success,3.4,95.418,-50.7,6.16,4928.1
62,admin.,divorced,high.school,no,no,no,cellular,nov,wed,878,5,999,0,success,3.1,95.494,-44.4,6.056,4891.0
53,admin.,married,university.degree,no,yes,no,cellular,nov,fri,264,6,999,0,nonexistent,3.1,95.494,-44.4,6.059,4891.0
59,technician,married,professional.course,no,no,no,cellular,nov,thu,1085,7,999,0,success,3.4,94.944,-44.1,6.162,4928.1
46,admin.,married,basic.6y,unknown,yes,no,cellular,nov,thu,169,7,999,0,success,0.19999999999999996,94.393,-54.2,2.466,4799.1
58,admin.,married,professional.course,no,yes,no,cellular,nov,tue,298,5,999,0,success,1.9,94.7,-50.0,5.353,4895.8
46,blue-collar,married,professional.course,no,no,no,cellular,nov,tue,246,12,999,0,success,3.4,95.965,-49.8,6.1610000000000005,4928.1
42,admin.,married,basic.9y,no,yes,no,cellular,nov,tue,655,7,999,0,success,3.1,95.494,-44.4,6.056,4891.0
64,admin.,married,basic.9y,no,yes,no,cellular,jul,tue,251,6,999,0,success,3.4,95.418,-50.7,6.1610000000000005,4928.1
51,admin.,single,basic.9y,no,yes,no,cellular,nov,tue,944,5,999,0,success,0.19999999999999996,94.393,-54.2,2.4909999999999997,4799.1
48,admin.,married,high.school,unknown,no,no,cellular,may,mon,415,7,999,0,success,3.1,95.494,-44.4,6.057,4891.0
57,admin.,married,university.degree,no,no,no,cellular,nov,wed,251,6,999,0,success,3.4,95.418,-50.7,6.163,4928.1
72,housemaid,married,basic.4y,no,yes,no,cellular,nov,mon,498,6,999,0,nonexistent,3.4,95.965,-49.8,6.065,4928.1
54,admin.,single,high.school,no,yes,no,cellular,nov,thu,1933,7,999,1,failure,0.19999999999999996,94.575,-55.1,2.61,4799.1
75,admin.,single,high.school,no,no,yes,cellular,nov,tue,973,6,999,0,success,3.1,95.494,-44.4,6.056,4891.0
59,admin.,married,basic.4y,no,yes,no,cellular,nov,fri,237,9,999,0,success,3.4,95.418,-50.7,6.162,4928.1
71,admin.,married,basic.9y,no,yes,no,cellular,nov,wed,251,5,4,1,success,-0.8999999999999999,93.701,-39.4,2.0789999999999997,4776.2
59,admin.,married,high.school,no,yes,yes,cellular,nov,mon,332,5,999,0,success,3.4,95.418,-50.7,6.16,4928.1
42,admin.,married,high.school,no,yes,no,cellular,nov,wed,484,10,999,0,success,3.4,95.418,-50.7,6.157,4928.1
44,admin.,married,university.degree,no,no,no,cellular,nov,tue,289,5,999,0,success,0.19999999999999996,94.393,-54.2,2.466,4799.1
72,admin.,divorced,basic.4y,unknown,yes,no,cellular,nov,wed,638,7,999,0,nonexistent,3.1,95.494,-44.4,6.057,4891.0
60,admin.,married,basic.9y,no,yes,no,telephone,nov,fri,187,8,999,0,success,3.4,95.965,-49.8,6.159,4928.1
43,technician,married,professional.course,no,yes,no,cellular,nov,tue,624,6,999,0,success,3.4,95.418,-50.7,6.162,4928.1
46,admin.,divorced,university.degree,no,yes,no,cellular,nov,thu,615,7,999,0,success,3.4,95.418,-50.7,6.158,4928.1
70,admin.,married,basic.9y,unknown,yes,no,cellular,nov,mon,667,8,999,0,success,3.4,94.944,-44.1,6.165,4928.1
40,admin.,married,university.degree,no,yes,no,cellular,nov,fri,223,6,999,1,success,-0.8999999999999999,94.463,-48.8,2.468,4776.2
72,admin.,married,basic.6y,unknown,yes,no,cellular,jul,wed,314,8,999,0,success,3.4,95.418,-50.7,6.163,4928.1
73,admin.,married,basic.4y,no,yes,no,cellular,nov,wed,863,5,999,0,success,0.19999999999999996,94.393,-54.2,2.481,4799.1
49,admin.,divorced,professional.course,unknown,yes,no,cellular,nov,thu,404,5,999,0,success,3.1,95.494,-44.4,6.0600000000000005,4891.0
51,blue-collar,married,basic.4y,unknown,yes,no,cellular,nov,wed,158,25,999,0,success,3.1,95.494,-44.4,6.057,4891.0
62,admin.,married,basic.9y,no,no,no,cellular,nov,tue,332,6,999,1,success,0.19999999999999996,94.393,-54.2,2.4909999999999997,4799.1
54,management,married,university.degree,no,no,no,cellular,nov,fri,399,5,999,0,success,3.4,94.944,-44.1,6.166,4928.1
72,admin.,married,university.degree,unknown,yes,no,cellular,nov,mon,1798,6,999,0,nonexistent,3.4,94.944,-44.1,6.165,4928.1
65,admin.,married,professional.course,no,yes,no,cellular,nov,tue,304,5,999,1,success,-0.8999999999999999,94.463,-48.8,2.452,4776.2
51,admin.,single,high.school,no,yes,yes,cellular,jun,wed,736,6,3,1,success,0.30000000000000004,95.555,-47.8,1.939,4691.6
45,admin.,single,university.degree,no,no,no,cellular,nov,thu,305,6,999,0,success,0.8999999999999999,95.699,-45.5,2.078,4663.6
42,admin.,single,high.school,no,no,no,cellular,nov,wed,827,5,999,0,nonexistent,3.1,95.494,-44.4,6.058,4891.0
51,admin.,married,professional.course,no,yes,no,cellular,may,wed,232,5,999,0,nonexistent,0.19999999999999996,94.393,-54.2,2.534,4799.1
57,admin.,married,high.school,no,no,no,cellular,nov,fri,619,6,999,0,success,0.19999999999999996,94.575,-55.1,2.605,4799.1
70,services,married,high.school,unknown,no,no,cellular,nov,mon,341,5,999,0,success,3.4,94.944,-44.1,6.165,4928.1
63,blue-collar,married,basic.4y,no,no,no,cellular,nov,tue,350,5,999,0,success,3.1,95.494,-44.4,6.057,4891.0
52,admin.,married,basic.6y,no,yes,no,cellular,nov,tue,354,6,999,0,success,3.1,95.494,-44.4,6.057,4891.0
72,admin.,married,high.school,unknown,no,no,cellular,may,mon,388,5,999,0,success,3.1,95.494,-44.4,6.057,4891.0
60,admin.,single,basic.9y,no,no,no,cellular,nov,mon,352,5,999,0,nonexistent,0.19999999999999996,94.575,-55.1,2.666,4799.1
43,admin.,single,university.degree,no,yes,no,cellular,nov,wed,212,23,999,0,success,3.4,95.418,-50.7,6.163,4928.1
69,admin.,married,university.degree,no,no,no,cellular,nov,mon,277,17,999,0,nonexistent,3.4,95.965,-49.8,6.1610000000000005,4928.1
46,admin.,single,professional.course,no,yes,no,cellular,nov,fri,352,7,999,0,success,3.4,94.944,-44.1,6.164000000000001,4928.1
46,admin.,divorced,university.degree,no,yes,no,cellular,nov,fri,401,6,999,0,nonexistent,0.19999999999999996,94.393,-54.2,2.513,4799.1
45,admin.,single,professional.course,no,yes,no,cellular,nov,mon,3029,8,19,1,success,0.8999999999999999,95.699,-45.5,2.0789999999999997,4663.6
46,admin.,married,university.degree,no,yes,no,cellular,nov,fri,584,7,999,0,success,3.4,94.944,-44.1,6.166,4928.1
67,admin.,married,high.school,no,no,no,cellular,nov,fri,403,6,999,0,success,1.9,94.7,-50.0,5.221,4895.8
38,admin.,single,high.school,no,no,no,cellular,jun,tue,678,5,999,0,success,-0.8999999999999999,94.463,-48.8,2.4619999999999997,4776.2
69,admin.,divorced,university.degree,no,yes,no,cellular,may,tue,723,5,999,1,failure,0.19999999999999996,94.393,-54.2,2.544,4799.1
47,admin.,single,university.degree,no,no,no,cellular,may,tue,233,9,999,0,success,0.19999999999999996,94.393,-54.2,2.4909999999999997,4799.1
57,admin.,married,university.degree,no,unknown,unknown,cellular,nov,fri,543,5,999,0,success,3.4,94.944,-44.1,6.163,4928.1
55,admin.,married,university.degree,unknown,no,no,cellular,nov,thu,239,6,999,0,success,3.1,95.494,-44.4,6.055000000000001,4891.0
56,admin.,married,basic.9y,unknown,no,no,cellular,jun,fri,250,7,999,0,success,3.4,95.965,-49.8,6.167,4928.1
51,admin.,single,basic.9y,no,yes,yes,cellular,nov,wed,431,5,999,0,success,0.19999999999999996,95.249,-42.6,1.8439999999999999,4708.7
47,admin.,married,university.degree,no,yes,yes,cellular,nov,wed,523,5,999,0,success,3.4,94.944,-44.1,6.165,4928.1
38,admin.,single,high.school,no,no,yes,cellular,nov,wed,493,5,999,0,nonexistent,3.4,95.418,-50.7,6.163,4928.1
46,admin.,single,university.degree,no,yes,yes,cellular,aug,tue,633,5,999,0,success,3.4,94.944,-44.1,6.163,4928.1
41,blue-collar,single,basic.9y,no,yes,no,cellular,may,fri,388,5,999,0,nonexistent,3.1,95.494,-44.4,6.064,4891.0
60,blue-collar,married,basic.9y,unknown,no,no,cellular,may,wed,854,7,999,0,success,3.1,95.494,-44.4,6.056,4891.0
96,admin.,married,basic.9y,no,no,no,cellular,nov,mon,426,6,999,1,failure,0.19999999999999996,94.393,-54.2,2.5540000000000003,4799.1
69,admin.,married,high.school,no,no,no,cellular,nov,mon,467,5,999,0,success,1.9,94.7,-50.0,5.391,4895.8
37,admin.,single,professional.course,no,yes,no,cellular,nov,mon,412,6,999,1,success,-0.8999999999999999,93.701,-39.4,2.061,4776.2
49,admin.,divorced,high.school,no,no,no,cellular,nov,wed,437,7,999,0,nonexistent,3.4,94.944,-44.1,6.167,4928.1
100,admin.,married,basic.4y,unknown,yes,no,cellular,nov,tue,352,7,999,0,success,0.19999999999999996,94.575,-55.1,2.605,4799.1
49,admin.,married,university.degree,no,no,yes,cellular,nov,tue,541,9,999,0,success,3.1,95.494,-44.4,6.056,4891.0
62,admin.,married,professional.course,no,no,no,cellular,jul,wed,746,7,999,0,success,3.4,95.418,-50.7,6.156000000000001,4928.1
60,admin.,married,basic.4y,no,no,no,cellular,nov,fri,469,6,999,0,success,3.4,95.418,-50.7,6.162,4928.1
48,entrepreneur,married,university.degree,no,yes,yes,cellular,nov,mon,633,6,999,0,success,3.4,95.418,-50.7,6.162,4928.1
57,admin.,married,university.degree,no,no,no,telephone,nov,wed,475,7,999,0,success,3.4,95.965,-49.8,6.159,4928.1
72,admin.,married,unknown,no,no,no,cellular,nov,tue,692,6,999,0,nonexistent,3.4,94.944,-44.1,6.168,4928.1
32,student,single,basic.9y,no,yes,no,cellular,aug,fri,286,7,4,2,success,-0.8999999999999999,93.701,-39.4,2.069,4776.2
49,admin.,married,high.school,no,no,no,cellular,nov,tue,1045,5,999,0,success,3.1,95.494,-44.4,6.057,4891.0
46,admin.,single,high.school,no,no,no,cellular,nov,thu,372,5,999,0,success,1.9,94.7,-50.0,5.276,4895.8
44,admin.,single,basic.9y,no,no,yes,cellular,nov,wed,332,5,999,1,success,0.19999999999999996,94.393,-54.2,2.481,4799.1
47,admin.,single,professional.course,no,yes,no,cellular,nov,mon,449,5,999,0,success,0.19999999999999996,94.393,-54.2,2.4989999999999997,4799.1
43,admin.,single,basic.6y,no,no,no,telephone,may,wed,559,6,999,0,nonexistent,3.1,95.494,-44.4,6.058,4891.0
61,admin.,divorced,university.degree,unknown,no,no,cellular,nov,fri,237,6,999,0,success,3.4,95.418,-50.7,6.162,4928.1
52,admin.,single,professional.course,unknown,yes,no,cellular,nov,mon,212,6,999,0,success,3.4,94.944,-44.1,6.165,4928.1
59,admin.,married,basic.6y,unknown,no,no,cellular,may,thu,545,5,999,0,success,3.1,95.494,-44.4,6.0600000000000005,4891.0
73,admin.,married,university.degree,no,yes,no,telephone,nov,fri,142,5,999,0,success,1.9,95.298,-48.4,6.118,4895.8
49,admin.,married,basic.6y,unknown,yes,yes,cellular,nov,fri,205,9,999,0,success,3.1,95.494,-44.4,6.055000000000001,4891.0
47,admin.,married,university.degree,no,yes,yes,cellular,nov,wed,394,6,999,0,success,3.4,94.944,-44.1,6.164000000000001,4928.1
55,admin.,divorced,basic.9y,no,yes,no,cellular,aug,thu,379,5,999,0,success,3.4,94.944,-44.1,6.168,4928.1
57,admin.,married,high.school,no,no,no,cellular,nov,fri,1891,6,999,0,success,3.1,95.494,-44.4,6.064,4891.0
45,admin.,single,university.degree,no,yes,yes,telephone,nov,thu,210,13,999,0,success,3.4,94.944,-44.1,6.162,4928.1
58,admin.,single,university.degree,no,yes,no,cellular,nov,fri,413,5,999,0,success,1.9,94.7,-50.0,5.221,4895.8
59,admin.,married,high.school,no,no,no,cellular,nov,fri,948,6,999,0,success,3.1,95.494,-44.4,6.055000000000001,4891.0
54,management,married,university.degree,no,yes,no,cellular,nov,mon,534,6,999,0,success,3.4,94.944,-44.1,6.165,4928.1
41,admin.,single,university.degree,no,yes,no,cellular,nov,tue,365,7,999,0,success,0.19999999999999996,94.575,-55.1,2.623,4799.1
52,admin.,married,university.degree,no,no,no,cellular,nov,wed,390,5,999,0,success,0.8999999999999999,95.699,-45.5,2.086,4663.6
48,admin.,married,university.degree,no,yes,no,telephone,nov,wed,759,5,999,0,success,3.4,95.965,-49.8,6.064,4928.1
46,services,divorced,high.school,unknown,yes,no,cellular,nov,thu,545,5,999,0,success,0.19999999999999996,94.393,-54.2,2.527,4799.1
62,technician,married,professional.course,no,no,no,cellular,nov,thu,521,5,999,0,success,3.4,95.418,-50.7,6.168,4928.1
75,management,married,unknown,unknown,no,no,cellular,nov,mon,534,5,999,0,success,3.4,95.418,-50.7,6.16,4928.1
59,admin.,single,basic.9y,unknown,no,no,cellular,may,mon,214,5,999,0,nonexistent,3.1,95.494,-44.4,6.057,4891.0
66,admin.,married,basic.4y,unknown,no,yes,cellular,nov,mon,277,5,999,0,success,3.4,95.418,-50.7,6.16,4928.1
44,admin.,married,unknown,no,yes,no,cellular,jul,wed,421,5,999,0,success,3.4,95.418,-50.7,6.163,4928.1
61,admin.,single,basic.9y,unknown,no,no,cellular,jul,thu,606,5,999,0,success,3.4,95.418,-50.7,6.163,4928.1
47,admin.,married,basic.9y,no,yes,no,cellular,apr,fri,523,5,999,0,success,0.19999999999999996,94.575,-55.1,2.6790000000000003,4799.1
59,admin.,divorced,high.school,no,no,no,cellular,nov,tue,1151,9,999,0,success,-0.8999999999999999,93.969,-41.6,2.108,4776.2
48,admin.,single,university.degree,no,no,no,cellular,nov,fri,968,6,999,0,success,-0.8999999999999999,94.463,-48.8,2.468,4776.2
56,admin.,married,basic.9y,no,yes,no,cellular,nov,fri,439,6,999,0,nonexistent,3.4,95.418,-50.7,6.162,4928.1
58,admin.,divorced,high.school,no,no,no,cellular,nov,mon,1873,5,999,0,success,3.1,95.494,-44.4,6.057,4891.0
50,admin.,divorced,professional.course,no,no,no,cellular,nov,tue,302,7,999,0,success,3.4,94.944,-44.1,6.168,4928.1
65,entrepreneur,married,university.degree,unknown,yes,no,cellular,nov,mon,496,6,999,0,success,1.9,94.7,-50.0,5.391,4895.8
59,admin.,married,university.degree,unknown,yes,no,cellular,nov,mon,293,9,999,0,success,3.4,94.944,-44.1,6.163,4928.1
40,admin.,single,university.degree,no,no,no,cellular,sep,tue,129,5,999,0,success,0.8999999999999999,95.699,-45.5,2.077,4663.6
57,admin.,married,basic.4y,no,yes,no,cellular,nov,mon,349,5,999,0,success,1.9,94.7,-50.0,5.391,4895.8
49,admin.,single,high.school,no,yes,no,cellular,may,wed,1295,5,11,1,success,0.19999999999999996,94.393,-54.2,2.534,4799.1
71,admin.,single,professional.course,no,yes,no,cellular,nov,mon,264,7,999,1,failure,0.19999999999999996,94.393,-54.2,2.444,4799.1
62,management,married,university.degree,no,yes,no,cellular,nov,mon,381,7,3,2,success,0.30000000000000004,95.527,-46.3,2.104,4691.6
59,admin.,single,high.school,no,no,yes,cellular,nov,fri,142,5,999,0,success,0.30000000000000004,95.715,-48.3,2.061,4691.6
43,admin.,single,basic.9y,no,yes,no,cellular,nov,mon,817,6,999,0,success,3.4,95.418,-50.7,6.162,4928.1
52,admin.,married,university.degree,unknown,no,no,cellular,aug,wed,1450,5,999,0,success,3.4,94.944,-44.1,6.167,4928.1
52,admin.,single,professional.course,no,yes,no,cellular,nov,mon,296,6,999,0,success,3.1,95.494,-44.4,6.057,4891.0
63,admin.,married,professional.course,no,yes,no,cellular,nov,mon,273,5,999,0,success,3.4,95.965,-49.8,6.1610000000000005,4928.1
42,admin.,single,professional.course,no,yes,yes,cellular,nov,mon,1060,5,999,0,success,3.4,95.965,-49.8,6.1610000000000005,4928.1
53,admin.,married,university.degree,no,no,no,cellular,nov,tue,140,10,999,0,nonexistent,0.19999999999999996,94.393,-54.2,2.544,4799.1
63,admin.,married,high.school,no,yes,no,cellular,aug,thu,304,7,999,0,success,3.4,94.944,-44.1,6.163,4928.1
75,admin.,divorced,professional.course,no,yes,no,cellular,sep,wed,986,5,999,1,success,0.8999999999999999,95.699,-45.5,2.086,4663.6
61,admin.,single,basic.4y,no,yes,yes,cellular,nov,thu,381,5,999,0,nonexistent,1.9,94.7,-50.0,5.276,4895.8
43,admin.,single,high.school,no,yes,no,cellular,nov,fri,1159,7,999,0,nonexistent,-0.8999999999999999,94.463,-48.8,2.468,4776.2
49,admin.,divorced,high.school,no,no,no,cellular,nov,fri,440,7,999,0,nonexistent,3.4,94.944,-44.1,6.166,4928.1
75,admin.,married,basic.4y,no,no,no,cellular,nov,mon,1198,5,999,1,success,-1.4,93.931,-34.9,1.939,4717.5
43,admin.,single,university.degree,no,no,no,cellular,nov,mon,345,6,999,0,success,3.4,95.965,-49.8,6.147,4928.1
45,admin.,single,university.degree,no,no,no,cellular,nov,tue,219,5,999,0,success,1.9,94.7,-50.0,5.353,4895.8
47,admin.,single,high.school,no,no,no,telephone,nov,thu,851,6,999,0,success,3.4,95.965,-49.8,6.066,4928.1
43,self-employed,single,university.degree,no,yes,no,cellular,may,wed,223,5,999,0,success,0.19999999999999996,94.393,-54.2,2.534,4799.1
64,management,divorced,high.school,unknown,no,no,cellular,nov,mon,343,5,999,0,success,3.1,95.494,-44.4,6.057,4891.0
54,admin.,married,basic.9y,unknown,yes,no,telephone,nov,tue,181,6,999,0,nonexistent,3.4,95.965,-49.8,6.1610000000000005,4928.1
73,admin.,married,professional.course,no,unknown,unknown,cellular,nov,mon,214,6,999,0,nonexistent,3.4,94.944,-44.1,6.165,4928.1
46,admin.,single,university.degree,no,yes,no,cellular,aug,tue,212,6,999,0,success,3.4,94.944,-44.1,6.166,4928.1
60,admin.,married,basic.9y,no,yes,yes,cellular,nov,wed,311,7,999,0,success,3.4,94.944,-44.1,6.164000000000001,4928.1
63,admin.,married,professional.course,no,yes,no,cellular,nov,wed,545,5,6,2,success,0.19999999999999996,95.376,-48.0,1.8820000000000001,4708.7
50,admin.,married,university.degree,no,yes,no,cellular,nov,mon,244,6,999,0,success,3.4,94.944,-44.1,6.165,4928.1
52,admin.,single,high.school,no,yes,no,cellular,nov,tue,259,38,999,0,success,3.4,95.418,-50.7,6.1610000000000005,4928.1
79,admin.,married,unknown,no,no,no,cellular,nov,fri,574,8,999,0,nonexistent,-0.8999999999999999,93.701,-39.4,2.049,4776.2
49,admin.,married,basic.9y,no,no,yes,cellular,nov,wed,210,5,999,0,success,0.19999999999999996,94.393,-54.2,2.534,4799.1
73,admin.,married,basic.4y,no,no,no,cellular,nov,thu,599,5,999,1,success,0.19999999999999996,94.575,-55.1,2.565,4799.1
46,admin.,single,university.degree,no,no,no,cellular,nov,fri,316,7,999,0,success,3.4,95.965,-49.8,6.159,4928.1
53,admin.,single,basic.4y,no,yes,no,cellular,nov,mon,314,5,999,0,success,3.4,95.965,-49.8,6.1610000000000005,4928.1
45,admin.,single,university.degree,no,yes,no,cellular,nov,thu,680,7,999,1,success,1.9,94.7,-50.0,5.276,4895.8
72,admin.,married,basic.9y,no,no,no,cellular,nov,thu,1133,5,999,0,success,0.19999999999999996,94.393,-54.2,2.466,4799.1
48,admin.,married,university.degree,no,yes,no,cellular,nov,mon,478,5,999,0,success,3.4,95.418,-50.7,6.16,4928.1
51,unemployed,married,basic.4y,no,yes,no,telephone,nov,wed,426,5,999,0,success,3.1,95.494,-44.4,6.056,4891.0
57,admin.,divorced,university.degree,no,yes,no,cellular,jul,mon,730,6,999,0,success,3.4,95.418,-50.7,6.16,4928.1
55,admin.,married,university.degree,no,yes,no,cellular,nov,fri,239,7,999,0,success,3.4,95.965,-49.8,6.167,4928.1
57,admin.,married,university.degree,no,yes,no,cellular,nov,fri,422,5,999,0,nonexistent,3.4,94.944,-44.1,6.163,4928.1
50,admin.,single,high.school,unknown,no,no,cellular,nov,tue,1056,5,999,0,nonexistent,3.4,95.418,-50.7,6.1610000000000005,4928.1
66,admin.,married,basic.9y,no,yes,no,cellular,nov,tue,1346,5,999,0,nonexistent,3.4,95.418,-50.7,6.1610000000000005,4928.1
35,student,single,high.school,no,no,no,cellular,nov,fri,462,6,999,1,failure,-0.8999999999999999,93.701,-39.4,2.069,4776.2
40,admin.,single,high.school,unknown,yes,no,cellular,nov,wed,323,5,999,0,nonexistent,3.4,95.418,-50.7,6.163,4928.1
45,admin.,married,high.school,unknown,no,no,cellular,nov,thu,417,5,999,0,nonexistent,3.4,95.418,-50.7,6.163,4928.1
57,admin.,married,basic.9y,no,unknown,unknown,cellular,nov,tue,359,5,999,0,success,0.19999999999999996,94.343,-58.0,2.9989999999999997,4799.1
53,entrepreneur,married,basic.9y,unknown,no,yes,cellular,nov,tue,359,6,999,0,success,3.4,95.418,-50.7,6.162,4928.1
50,admin.,single,high.school,no,yes,no,telephone,nov,mon,759,6,999,0,success,3.1,95.494,-44.4,6.057,4891.0
70,admin.,married,basic.9y,unknown,no,no,cellular,nov,mon,192,7,999,0,nonexistent,3.4,95.418,-50.7,6.162,4928.1
67,admin.,single,basic.9y,no,yes,no,cellular,nov,tue,653,5,6,1,success,1.9,94.7,-50.0,5.353,4895.8
55,admin.,married,basic.6y,unknown,no,yes,telephone,nov,tue,190,7,999,0,success,3.4,95.965,-49.8,6.1610000000000005,4928.1
59,blue-collar,married,basic.6y,unknown,yes,no,telephone,nov,fri,469,7,999,0,nonexistent,3.1,95.494,-44.4,6.059,4891.0
44,admin.,single,university.degree,no,yes,no,cellular,nov,fri,505,8,999,0,success,3.4,94.944,-44.1,6.163,4928.1
61,admin.,married,university.degree,no,unknown,unknown,cellular,nov,mon,577,5,999,0,success,1.9,94.7,-50.0,5.391,4895.8
52,admin.,married,basic.9y,no,no,no,cellular,may,thu,644,5,999,0,success,3.1,95.494,-44.4,6.0600000000000005,4891.0
51,admin.,married,professional.course,no,no,no,cellular,nov,tue,248,6,999,0,success,3.4,95.418,-50.7,6.1610000000000005,4928.1
69,admin.,married,university.degree,no,no,yes,cellular,nov,wed,1902,5,999,0,success,3.4,94.944,-44.1,6.165,4928.1
63,admin.,single,university.degree,no,no,no,cellular,jul,mon,970,7,999,0,success,3.4,95.418,-50.7,6.162,4928.1
44,admin.,married,high.school,no,no,yes,cellular,jul,tue,417,7,999,0,success,3.4,95.418,-50.7,6.162,4928.1
52,admin.,married,university.degree,no,yes,yes,cellular,nov,tue,197,5,999,1,success,0.19999999999999996,94.393,-54.2,2.4909999999999997,4799.1
52,admin.,married,basic.4y,unknown,yes,no,cellular,may,mon,426,5,999,2,failure,0.19999999999999996,94.393,-54.2,2.444,4799.1
71,admin.,divorced,university.degree,no,yes,no,cellular,nov,mon,1681,5,999,0,success,0.19999999999999996,94.393,-54.2,2.464,4799.1
64,admin.,married,high.school,no,no,no,cellular,jul,tue,917,5,999,0,success,3.4,95.418,-50.7,6.1610000000000005,4928.1
35,student,single,high.school,no,no,no,cellular,nov,wed,356,5,999,3,success,-1.4,94.149,-38.1,1.915,4717.5
50,admin.,single,basic.4y,unknown,no,no,cellular,nov,mon,226,8,999,0,nonexistent,3.4,95.418,-50.7,6.16,4928.1
47,admin.,married,university.degree,no,no,no,cellular,nov,fri,134,9,999,0,success,1.9,94.7,-50.0,5.221,4895.8
44,admin.,married,basic.9y,no,yes,no,cellular,nov,wed,484,5,999,0,success,1.9,94.7,-50.0,5.32,4895.8
57,admin.,single,high.school,no,no,no,cellular,may,thu,340,6,999,0,success,0.19999999999999996,94.393,-54.2,2.527,4799.1
62,admin.,married,university.degree,unknown,no,no,telephone,nov,mon,928,5,999,0,success,3.1,95.494,-44.4,6.057,4891.0
49,admin.,single,high.school,unknown,no,no,cellular,nov,fri,203,6,999,0,success,3.4,94.944,-44.1,6.166,4928.1
44,admin.,married,high.school,no,no,no,telephone,jun,thu,1412,17,999,0,success,3.4,95.965,-49.8,6.066,4928.1
54,admin.,married,university.degree,no,no,no,cellular,nov,mon,428,7,999,0,nonexistent,3.4,95.418,-50.7,6.162,4928.1
44,admin.,single,university.degree,no,no,no,cellular,jul,wed,415,10,999,0,success,3.4,95.418,-50.7,6.157,4928.1
45,admin.,single,university.degree,no,no,no,cellular,may,wed,165,5,999,0,nonexistent,3.1,95.494,-44.4,6.056,4891.0
46,unemployed,married,basic.6y,no,yes,no,cellular,nov,tue,183,5,999,0,success,3.4,95.965,-49.8,6.064,4928.1
45,admin.,single,high.school,no,no,no,cellular,nov,mon,361,5,999,0,success,3.4,94.944,-44.1,6.17,4928.1
38,admin.,married,high.school,no,no,no,cellular,nov,wed,1290,5,999,0,success,3.4,95.418,-50.7,6.163,4928.1
37,admin.,married,basic.9y,no,yes,no,cellular,nov,thu,485,5,999,0,success,3.4,95.418,-50.7,6.162,4928.1
51,admin.,married,high.school,unknown,no,no,cellular,nov,tue,412,5,999,0,success,3.1,95.494,-44.4,6.057,4891.0
49,admin.,married,basic.4y,no,no,no,telephone,nov,mon,318,8,999,0,nonexistent,3.4,95.965,-49.8,6.16,4928.1
42,admin.,single,university.degree,no,no,no,cellular,jul,wed,469,5,999,0,success,3.4,95.418,-50.7,6.162,4928.1
69,admin.,married,high.school,no,yes,no,cellular,nov,mon,289,7,999,1,failure,0.19999999999999996,94.575,-55.1,2.605,4799.1
59,admin.,married,basic.4y,unknown,no,no,cellular,nov,thu,370,6,999,0,success,3.1,95.494,-44.4,6.0600000000000005,4891.0
68,admin.,married,university.degree,no,no,no,cellular,nov,fri,253,5,999,0,success,3.4,94.944,-44.1,6.163,4928.1
74,management,married,basic.4y,unknown,unknown,unknown,cellular,nov,thu,417,8,999,1,success,0.19999999999999996,94.393,-54.2,2.466,4799.1
55,admin.,single,university.degree,unknown,no,yes,cellular,nov,mon,606,5,999,0,success,3.4,95.965,-49.8,6.16,4928.1
55,admin.,single,basic.9y,no,no,no,cellular,nov,wed,613,5,999,1,success,0.19999999999999996,94.575,-55.1,2.698,4799.1
51,admin.,married,basic.9y,no,no,no,cellular,nov,wed,917,6,999,0,success,3.1,95.494,-44.4,6.058,4891.0
66,admin.,married,university.degree,no,yes,no,cellular,nov,fri,212,5,999,0,success,3.4,94.944,-44.1,6.166,4928.1
68,admin.,married,university.degree,no,no,no,cellular,nov,mon,215,5,999,0,success,1.9,94.7,-50.0,5.391,4895.8
52,admin.,married,high.school,unknown,yes,no,cellular,jul,tue,881,5,999,0,success,3.4,95.418,-50.7,6.1610000000000005,4928.1
55,admin.,divorced,university.degree,no,no,no,cellular,nov,fri,779,7,999,0,success,1.9,94.7,-50.0,5.221,4895.8
65,admin.,married,professional.course,no,no,yes,cellular,nov,tue,419,5,999,0,success,1.9,94.7,-50.0,5.353,4895.8
62,services,married,high.school,unknown,no,no,cellular,may,tue,349,6,999,0,success,3.1,95.494,-44.4,6.056,4891.0
52,blue-collar,married,high.school,no,no,no,cellular,nov,fri,428,5,999,2,success,0.19999999999999996,94.393,-54.2,2.513,4799.1
48,admin.,married,high.school,unknown,yes,no,cellular,aug,tue,242,5,999,0,nonexistent,3.4,94.944,-44.1,6.163,4928.1
69,technician,married,professional.course,no,no,no,cellular,nov,wed,428,7,999,0,nonexistent,3.4,94.944,-44.1,6.167,4928.1
49,admin.,single,university.degree,no,no,no,cellular,nov,tue,1708,5,999,0,success,0.19999999999999996,94.393,-54.2,2.4909999999999997,4799.1
57,technician,married,professional.course,no,no,no,cellular,nov,thu,289,5,999,1,failure,0.19999999999999996,94.575,-55.1,2.565,4799.1
57,admin.,married,university.degree,no,yes,no,cellular,aug,tue,467,6,999,0,success,3.4,94.944,-44.1,6.166,4928.1
58,admin.,married,basic.9y,no,no,yes,cellular,apr,fri,385,7,999,1,success,0.19999999999999996,94.575,-55.1,2.605,4799.1
56,admin.,single,unknown,no,no,no,cellular,may,fri,397,6,999,0,nonexistent,3.1,95.494,-44.4,6.055000000000001,4891.0
52,admin.,married,professional.course,no,no,no,cellular,jul,thu,197,36,999,0,success,3.4,95.418,-50.7,6.168,4928.1
50,admin.,married,high.school,no,no,no,cellular,nov,mon,417,9,999,0,success,3.1,95.494,-44.4,6.057,4891.0
67,blue-collar,single,unknown,unknown,no,no,telephone,nov,fri,241,6,999,0,success,3.1,95.494,-44.4,6.064,4891.0
50,admin.,single,university.degree,unknown,yes,no,cellular,nov,mon,566,5,999,0,nonexistent,3.1,95.494,-44.4,6.057,4891.0
65,services,married,unknown,no,yes,no,cellular,nov,thu,395,7,999,0,success,1.9,94.7,-50.0,5.276,4895.8
74,admin.,married,basic.9y,unknown,yes,no,cellular,nov,mon,559,8,999,0,nonexistent,3.4,95.418,-50.7,6.16,4928.1
71,admin.,divorced,professional.course,no,no,no,cellular,oct,mon,955,5,3,2,success,0.8999999999999999,96.101,-57.5,2.2,4663.6
72,admin.,single,high.school,no,yes,no,cellular,nov,thu,982,5,999,0,nonexistent,-0.8999999999999999,93.701,-39.4,2.073,4776.2
53,blue-collar,married,basic.6y,unknown,no,no,cellular,nov,thu,228,5,999,0,success,3.4,95.418,-50.7,6.163,4928.1
47,admin.,married,university.degree,no,no,no,telephone,jun,thu,205,5,999,0,success,3.4,95.965,-49.8,6.066,4928.1
39,admin.,single,basic.4y,no,no,no,cellular,jul,fri,800,5,999,0,nonexistent,3.4,95.418,-50.7,6.163,4928.1
49,admin.,married,high.school,no,yes,no,cellular,nov,thu,401,5,999,0,success,3.4,95.418,-50.7,6.168,4928.1
55,admin.,divorced,professional.course,no,yes,no,cellular,nov,fri,1090,16,999,0,success,3.1,95.494,-44.4,6.064,4891.0
64,admin.,married,unknown,no,no,no,cellular,nov,tue,466,5,999,0,nonexistent,3.1,95.494,-44.4,6.056,4891.0
54,admin.,married,professional.course,no,no,no,cellular,nov,wed,944,5,999,0,nonexistent,3.4,94.944,-44.1,6.165,4928.1
43,admin.,single,university.degree,no,no,no,cellular,nov,fri,691,6,999,0,success,-1.4,93.931,-34.9,1.939,4717.5
71,admin.,married,university.degree,no,no,no,cellular,nov,thu,291,5,999,0,success,0.19999999999999996,94.575,-55.1,2.565,4799.1
47,admin.,single,university.degree,no,yes,yes,cellular,nov,fri,1367,9,999,1,success,0.19999999999999996,94.393,-54.2,2.45,4799.1
74,admin.,married,basic.4y,no,no,no,cellular,nov,tue,395,9,999,0,success,3.4,95.418,-50.7,6.1610000000000005,4928.1
48,admin.,married,university.degree,no,yes,no,cellular,nov,wed,295,5,999,0,success,-0.8999999999999999,94.463,-48.8,2.46,4776.2
46,entrepreneur,single,university.degree,no,yes,no,cellular,nov,thu,1259,5,999,0,nonexistent,0.19999999999999996,94.393,-54.2,2.466,4799.1
73,blue-collar,married,basic.4y,no,yes,no,cellular,nov,thu,710,5,999,0,success,3.4,95.418,-50.7,6.162,4928.1
66,admin.,married,basic.9y,unknown,yes,no,cellular,nov,tue,239,5,999,0,success,3.1,95.494,-44.4,6.056,4891.0
47,admin.,married,high.school,unknown,yes,no,cellular,nov,tue,338,5,999,0,success,1.9,94.7,-50.0,5.353,4895.8
68,admin.,married,high.school,no,yes,yes,cellular,nov,mon,786,7,999,0,nonexistent,3.1,95.494,-44.4,6.057,4891.0
50,admin.,married,university.degree,no,yes,no,cellular,nov,wed,289,5,999,0,success,1.9,94.7,-50.0,5.32,4895.8
52,admin.,single,basic.9y,unknown,no,no,telephone,may,wed,334,7,999,0,success,3.1,95.494,-44.4,6.056,4891.0
46,admin.,married,high.school,no,yes,no,cellular,nov,thu,604,6,999,1,success,-1.4,93.931,-34.9,1.922,4717.5
43,admin.,single,high.school,no,unknown,unknown,cellular,nov,wed,271,5,6,1,success,-1.4,93.931,-34.9,1.942,4717.5
60,admin.,married,basic.6y,no,no,no,cellular,nov,wed,1778,5,999,0,success,3.4,94.944,-44.1,6.164000000000001,4928.1
42,admin.,single,high.school,unknown,no,no,cellular,nov,fri,1348,5,999,0,success,3.1,95.494,-44.4,6.064,4891.0
64,admin.,married,university.degree,no,no,yes,cellular,nov,tue,865,6,999,0,success,3.4,94.944,-44.1,6.168,4928.1
67,management,married,university.degree,unknown,no,no,cellular,nov,mon,602,8,999,0,success,3.1,95.494,-44.4,6.057,4891.0
67,admin.,married,university.degree,no,no,no,cellular,jun,thu,881,6,999,0,success,3.4,95.965,-49.8,6.066,4928.1
68,admin.,single,high.school,no,no,no,cellular,nov,thu,923,5,999,0,success,3.4,95.965,-49.8,6.1610000000000005,4928.1
53,admin.,married,high.school,unknown,no,yes,cellular,nov,thu,246,6,999,0,success,3.4,95.965,-49.8,6.066,4928.1
40,services,married,high.school,no,yes,no,telephone,nov,wed,934,6,999,0,success,3.1,95.494,-44.4,6.057,4891.0
63,admin.,divorced,professional.course,no,yes,yes,cellular,nov,tue,275,5,999,0,success,1.9,94.7,-50.0,5.353,4895.8
57,admin.,single,high.school,no,no,no,cellular,apr,fri,1099,7,999,1,success,0.19999999999999996,94.575,-55.1,2.605,4799.1
76,admin.,married,high.school,no,yes,no,cellular,nov,wed,331,5,3,1,success,-1.4,93.879,-37.8,1.9529999999999998,4717.5
42,admin.,married,basic.9y,no,no,no,cellular,nov,thu,271,18,999,0,nonexistent,3.1,95.494,-44.4,6.0600000000000005,4891.0
73,admin.,married,basic.9y,no,yes,no,cellular,aug,mon,1643,5,999,0,success,3.4,94.944,-44.1,6.17,4928.1
39,technician,single,basic.9y,no,yes,no,cellular,may,mon,320,10,999,0,success,0.19999999999999996,94.393,-54.2,2.4989999999999997,4799.1
58,admin.,married,professional.course,unknown,yes,no,cellular,nov,mon,381,6,999,0,nonexistent,3.4,94.944,-44.1,6.165,4928.1
63,admin.,divorced,university.degree,no,yes,no,cellular,aug,wed,442,7,999,0,success,3.4,94.944,-44.1,6.167,4928.1
40,admin.,married,unknown,no,no,no,cellular,nov,thu,318,5,999,1,failure,-1.4,94.149,-38.1,1.914,4717.5
41,admin.,married,high.school,no,unknown,unknown,cellular,nov,wed,365,10,999,0,nonexistent,3.4,95.418,-50.7,6.162,4928.1
53,admin.,single,university.degree,no,yes,no,cellular,nov,mon,712,6,999,0,success,-1.0,94.213,-41.0,1.9169999999999998,4723.5
50,admin.,married,basic.9y,no,no,yes,cellular,nov,mon,608,7,999,0,success,3.4,95.965,-49.8,6.1610000000000005,4928.1
51,admin.,single,university.degree,no,no,no,cellular,jun,mon,662,10,999,0,nonexistent,3.4,95.965,-49.8,6.16,4928.1
54,admin.,married,high.school,unknown,yes,no,cellular,nov,fri,241,6,999,0,success,3.4,95.418,-50.7,6.163,4928.1
65,admin.,married,basic.4y,no,no,no,cellular,nov,mon,559,7,999,0,success,3.4,95.418,-50.7,6.162,4928.1
64,admin.,married,unknown,unknown,yes,no,cellular,nov,thu,408,18,999,0,success,3.4,95.418,-50.7,6.168,4928.1
44,admin.,married,university.degree,no,yes,no,cellular,nov,fri,691,5,999,0,success,0.19999999999999996,94.393,-54.2,2.45,4799.1
39,admin.,single,university.degree,no,yes,no,cellular,nov,wed,237,7,999,1,failure,-0.8999999999999999,94.463,-48.8,2.444,4776.2
50,admin.,single,university.degree,no,no,no,cellular,nov,wed,278,6,999,0,success,0.19999999999999996,94.393,-54.2,2.534,4799.1
46,admin.,single,university.degree,unknown,yes,no,cellular,nov,tue,433,6,999,0,success,3.1,95.494,-44.4,6.057,4891.0
41,admin.,single,high.school,no,yes,no,cellular,nov,mon,613,5,999,0,success,0.19999999999999996,94.393,-54.2,2.4989999999999997,4799.1
78,admin.,married,university.degree,no,yes,no,cellular,nov,fri,833,6,999,0,success,0.30000000000000004,95.715,-48.3,2.085,4691.6
52,blue-collar,married,basic.9y,unknown,no,no,cellular,nov,tue,723,7,999,0,success,3.1,95.494,-44.4,6.057,4891.0
57,admin.,married,university.degree,no,no,no,cellular,nov,mon,296,6,999,1,success,0.19999999999999996,94.393,-54.2,2.4989999999999997,4799.1
49,admin.,single,university.degree,no,yes,no,cellular,oct,wed,448,6,999,0,success,-1.4,93.931,-34.9,1.924,4717.5
49,admin.,married,basic.6y,unknown,no,no,telephone,nov,fri,1292,5,999,0,success,3.4,95.965,-49.8,6.167,4928.1
59,admin.,married,basic.9y,unknown,yes,no,cellular,nov,wed,194,5,999,0,nonexistent,3.4,95.418,-50.7,6.163,4928.1
51,admin.,single,university.degree,no,yes,yes,cellular,nov,wed,793,6,999,0,success,3.1,95.494,-44.4,6.059,4891.0
60,admin.,divorced,university.degree,no,no,yes,cellular,nov,fri,359,5,999,0,success,0.19999999999999996,94.393,-54.2,2.45,4799.1
51,admin.,married,basic.6y,no,no,no,cellular,aug,mon,498,6,999,0,success,3.4,94.944,-44.1,6.165,4928.1
71,admin.,married,university.degree,no,yes,no,cellular,nov,tue,786,6,999,0,success,-0.8999999999999999,93.701,-39.4,2.059,4776.2
58,admin.,married,basic.6y,no,no,no,cellular,nov,wed,466,5,999,0,success,3.4,95.965,-49.8,6.162,4928.1
56,admin.,married,university.degree,no,no,yes,cellular,nov,mon,325,7,999,0,success,3.4,94.944,-44.1,6.165,4928.1
46,admin.,single,professional.course,no,yes,no,cellular,nov,mon,426,5,999,1,success,0.19999999999999996,94.575,-55.1,2.605,4799.1
50,admin.,married,professional.course,no,no,no,cellular,nov,wed,343,6,999,1,success,0.19999999999999996,94.393,-54.2,2.481,4799.1
51,admin.,single,basic.9y,unknown,yes,no,cellular,nov,wed,374,8,999,0,success,0.19999999999999996,94.393,-54.2,2.481,4799.1
65,admin.,married,professional.course,unknown,no,no,cellular,nov,thu,235,5,999,0,success,3.4,95.965,-49.8,6.1610000000000005,4928.1
46,admin.,married,university.degree,no,yes,yes,cellular,nov,fri,286,6,999,0,success,3.4,94.944,-44.1,6.163,4928.1
46,admin.,married,basic.9y,no,no,no,cellular,nov,wed,266,8,999,0,success,3.1,95.494,-44.4,6.057,4891.0
48,admin.,single,high.school,no,no,no,cellular,may,tue,548,5,999,1,failure,0.19999999999999996,94.393,-54.2,2.4909999999999997,4799.1
61,admin.,single,university.degree,no,no,no,cellular,may,mon,604,5,999,1,success,0.19999999999999996,94.393,-54.2,2.464,4799.1
57,admin.,married,university.degree,no,yes,no,cellular,nov,mon,759,5,999,1,success,-1.4,93.931,-34.9,1.931,4717.5
45,admin.,married,university.degree,no,no,no,cellular,nov,fri,406,6,999,0,success,3.4,95.418,-50.7,6.163,4928.1
52,admin.,married,basic.6y,no,yes,no,cellular,nov,mon,304,6,999,0,success,0.19999999999999996,94.393,-54.2,2.4989999999999997,4799.1
45,admin.,divorced,high.school,no,no,no,cellular,nov,mon,489,7,999,0,success,3.4,94.944,-44.1,6.165,4928.1
47,admin.,married,university.degree,no,yes,no,cellular,aug,fri,154,13,999,0,success,3.4,94.944,-44.1,6.163,4928.1
44,admin.,married,basic.9y,no,yes,no,cellular,nov,wed,692,5,999,0,success,0.19999999999999996,94.393,-54.2,2.534,4799.1
57,blue-collar,married,basic.9y,no,yes,no,cellular,nov,thu,1612,9,999,0,nonexistent,3.4,95.418,-50.7,6.163,4928.1
53,admin.,single,basic.9y,no,yes,no,cellular,nov,wed,255,5,999,0,success,3.1,95.494,-44.4,6.057,4891.0
46,admin.,divorced,high.school,no,yes,no,cellular,nov,fri,890,5,999,0,success,3.1,95.494,-44.4,6.059,4891.0
73,admin.,married,high.school,no,yes,no,cellular,nov,mon,208,5,999,0,success,1.9,94.7,-50.0,5.391,4895.8
55,blue-collar,married,professional.course,no,yes,no,cellular,jul,mon,314,7,999,0,success,3.4,95.418,-50.7,6.162,4928.1
71,admin.,married,basic.6y,unknown,no,no,cellular,nov,mon,435,6,999,0,success,3.4,95.418,-50.7,6.162,4928.1
64,admin.,married,basic.4y,unknown,no,no,cellular,nov,thu,194,5,999,0,success,3.1,95.494,-44.4,6.055000000000001,4891.0
61,admin.,married,basic.4y,no,yes,no,cellular,may,thu,349,5,999,1,success,0.19999999999999996,94.393,-54.2,2.527,4799.1
41,admin.,single,professional.course,no,yes,no,cellular,nov,wed,293,5,999,1,success,-0.8999999999999999,94.463,-48.8,2.46,4776.2
53,admin.,single,university.degree,no,no,no,cellular,nov,tue,782,8,999,0,success,3.4,95.418,-50.7,6.1610000000000005,4928.1
61,admin.,married,university.degree,unknown,no,no,cellular,nov,mon,433,5,999,1,success,1.9,94.7,-50.0,5.391,4895.8
54,admin.,married,basic.6y,no,no,no,cellular,nov,thu,338,5,999,0,success,0.19999999999999996,94.393,-54.2,2.527,4799.1
47,admin.,single,high.school,no,yes,yes,cellular,nov,wed,575,5,4,2,success,-0.8999999999999999,93.701,-39.4,2.084,4776.2
50,admin.,single,university.degree,no,no,no,cellular,nov,tue,340,5,999,0,success,3.4,94.944,-44.1,6.163,4928.1
45,technician,married,university.degree,unknown,no,no,telephone,nov,mon,192,5,999,0,success,3.1,95.494,-44.4,6.057,4891.0
56,admin.,married,basic.4y,no,no,no,cellular,nov,thu,1207,5,999,0,success,1.9,94.7,-50.0,5.276,4895.8
44,admin.,married,high.school,unknown,no,no,telephone,nov,wed,547,5,999,0,success,3.4,95.965,-49.8,6.064,4928.1
50,admin.,married,university.degree,no,no,no,cellular,jun,mon,169,7,999,0,success,3.4,95.965,-49.8,6.147,4928.1
60,admin.,married,professional.course,no,yes,yes,cellular,nov,wed,365,10,999,0,success,3.4,94.944,-44.1,6.164000000000001,4928.1
72,admin.,married,professional.course,no,no,no,cellular,nov,mon,422,6,999,0,success,1.9,94.7,-50.0,5.391,4895.8
53,admin.,divorced,high.school,no,yes,no,cellular,nov,thu,507,7,999,0,success,1.9,94.7,-50.0,5.276,4895.8
36,admin.,single,university.degree,no,yes,no,cellular,nov,mon,280,6,4,1,success,-0.8999999999999999,93.701,-39.4,2.084,4776.2
61,admin.,married,high.school,no,no,yes,cellular,nov,tue,431,5,999,0,success,0.19999999999999996,94.393,-54.2,2.544,4799.1
69,admin.,married,university.degree,unknown,no,no,cellular,nov,tue,295,5,999,0,success,3.4,94.944,-44.1,6.163,4928.1
47,technician,married,professional.course,no,yes,no,cellular,nov,mon,314,5,999,0,success,-0.8999999999999999,94.463,-48.8,2.466,4776.2
46,admin.,married,professional.course,no,yes,no,cellular,aug,thu,224,5,999,0,success,3.4,94.944,-44.1,6.162,4928.1
54,technician,married,university.degree,no,no,no,cellular,nov,tue,464,5,999,0,success,3.4,94.944,-44.1,6.165,4928.1
55,admin.,married,basic.4y,no,no,no,cellular,jun,thu,757,11,999,0,success,3.4,95.965,-49.8,6.1610000000000005,4928.1
67,blue-collar,married,basic.9y,no,unknown,unknown,cellular,nov,wed,246,6,999,0,success,3.4,94.944,-44.1,6.164000000000001,4928.1
57,admin.,divorced,university.degree,no,yes,no,cellular,nov,mon,226,7,999,0,success,3.4,94.944,-44.1,6.163,4928.1
61,admin.,married,unknown,unknown,unknown,unknown,cellular,nov,mon,251,7,999,0,success,3.4,94.944,-44.1,6.163,4928.1
43,admin.,married,high.school,no,no,no,cellular,nov,fri,608,6,999,0,success,3.4,95.418,-50.7,6.163,4928.1
64,admin.,married,professional.course,unknown,yes,no,cellular,nov,thu,548,5,999,0,success,3.4,94.944,-44.1,6.168,4928.1
71,admin.,married,basic.4y,unknown,yes,no,cellular,nov,mon,370,5,999,0,success,3.4,95.965,-49.8,6.1610000000000005,4928.1
51,admin.,single,basic.9y,unknown,no,no,cellular,nov,mon,860,6,999,0,success,3.4,95.965,-49.8,6.1610000000000005,4928.1
45,admin.,married,university.degree,no,no,no,cellular,nov,tue,291,5,999,0,success,1.9,94.7,-50.0,5.9,4895.8
49,admin.,married,basic.9y,no,no,no,telephone,may,fri,367,7,999,0,success,3.1,95.494,-44.4,6.057,4891.0
49,admin.,married,university.degree,no,no,no,cellular,nov,tue,329,6,999,0,success,-0.8999999999999999,94.463,-48.8,2.4619999999999997,4776.2
50,admin.,married,basic.9y,no,no,no,telephone,may,tue,181,7,999,0,nonexistent,3.1,95.494,-44.4,6.057,4891.0
61,admin.,single,high.school,no,yes,no,telephone,nov,wed,493,6,999,1,success,1.9,94.7,-50.0,5.32,4895.8
37,admin.,single,unknown,no,no,no,cellular,nov,mon,259,5,999,0,nonexistent,-0.8999999999999999,94.463,-48.8,2.46,4776.2
47,technician,married,university.degree,no,no,no,cellular,nov,fri,476,5,999,0,success,3.4,94.944,-44.1,6.166,4928.1
52,admin.,single,high.school,no,no,no,cellular,nov,wed,908,6,999,0,success,3.1,95.494,-44.4,6.057,4891.0
55,admin.,single,high.school,unknown,no,no,cellular,nov,tue,235,6,999,0,success,3.1,95.494,-44.4,6.057,4891.0
50,admin.,single,high.school,no,yes,no,cellular,nov,fri,473,6,999,0,success,3.4,95.418,-50.7,6.163,4928.1
60,management,married,professional.course,no,yes,no,cellular,nov,thu,1234,7,999,0,nonexistent,1.9,94.7,-50.0,5.276,4895.8
62,admin.,married,basic.6y,no,yes,no,cellular,nov,thu,197,6,999,0,success,3.4,94.944,-44.1,6.163,4928.1
49,admin.,married,high.school,unknown,no,no,cellular,may,wed,376,7,999,0,success,0.19999999999999996,94.393,-54.2,2.534,4799.1
45,student,single,high.school,unknown,no,no,cellular,nov,wed,509,7,999,0,nonexistent,3.1,95.494,-44.4,6.056,4891.0
71,admin.,married,basic.4y,unknown,no,no,cellular,nov,mon,365,5,999,0,success,3.1,95.494,-44.4,6.057,4891.0
54,admin.,married,basic.9y,unknown,yes,yes,telephone,nov,wed,287,6,999,0,success,0.19999999999999996,94.575,-55.1,2.645,4799.1
69,admin.,divorced,basic.4y,no,no,no,cellular,nov,thu,426,5,999,0,success,3.4,95.965,-49.8,6.1610000000000005,4928.1
51,admin.,married,university.degree,no,yes,yes,cellular,nov,mon,995,5,999,0,nonexistent,3.1,95.494,-44.4,6.057,4891.0
71,admin.,married,basic.9y,unknown,yes,no,telephone,nov,thu,392,6,999,0,success,3.1,95.494,-44.4,6.0600000000000005,4891.0
51,admin.,divorced,high.school,no,yes,no,cellular,nov,mon,527,5,999,0,success,3.4,95.418,-50.7,6.16,4928.1
61,admin.,married,professional.course,no,yes,no,cellular,nov,fri,802,6,999,0,success,1.9,94.7,-50.0,5.221,4895.8
71,admin.,divorced,university.degree,no,no,no,cellular,nov,wed,637,7,999,0,nonexistent,1.9,94.7,-50.0,5.32,4895.8
44,admin.,married,university.degree,no,yes,no,cellular,nov,fri,367,6,999,0,nonexistent,3.4,94.944,-44.1,6.164000000000001,4928.1
69,retired,married,basic.4y,unknown,yes,yes,cellular,jul,mon,696,5,999,0,success,3.4,95.418,-50.7,6.16,4928.1
59,admin.,single,university.degree,no,yes,no,cellular,nov,tue,336,6,999,1,success,1.9,94.7,-50.0,5.353,4895.8
41,admin.,single,high.school,no,yes,no,cellular,nov,mon,462,5,999,0,success,0.19999999999999996,94.575,-55.1,2.605,4799.1
42,admin.,single,basic.9y,unknown,yes,no,cellular,nov,thu,318,5,999,0,nonexistent,0.19999999999999996,94.393,-54.2,2.527,4799.1
52,services,married,high.school,no,no,no,cellular,nov,wed,691,5,999,1,success,0.19999999999999996,94.393,-54.2,2.534,4799.1
74,admin.,married,university.degree,no,no,no,cellular,nov,thu,322,8,999,1,failure,-1.0,94.213,-41.0,1.9,4723.5
54,admin.,married,professional.course,unknown,yes,no,cellular,nov,wed,358,5,999,0,success,3.4,94.944,-44.1,6.164000000000001,4928.1
75,admin.,married,university.degree,no,yes,no,cellular,mar,fri,1124,5,999,0,success,0.19999999999999996,94.343,-58.0,2.731,4799.1
50,admin.,married,high.school,no,yes,no,cellular,nov,tue,325,5,999,0,success,1.9,94.7,-50.0,5.353,4895.8
57,admin.,divorced,high.school,unknown,no,no,cellular,nov,wed,331,5,999,0,success,3.1,95.494,-44.4,6.056,4891.0
43,admin.,married,university.degree,no,yes,no,cellular,nov,wed,532,5,999,0,success,3.4,95.418,-50.7,6.163,4928.1
43,admin.,married,high.school,no,yes,no,cellular,nov,wed,482,5,999,1,success,0.19999999999999996,94.393,-54.2,2.481,4799.1
69,admin.,divorced,basic.4y,no,yes,no,cellular,nov,wed,352,10,999,0,success,3.4,95.965,-49.8,6.159,4928.1
49,admin.,married,university.degree,no,no,no,cellular,nov,thu,622,5,999,0,success,0.19999999999999996,94.575,-55.1,2.565,4799.1
66,admin.,married,basic.9y,no,no,no,telephone,nov,wed,563,6,12,1,success,0.19999999999999996,94.393,-54.2,2.481,4799.1
47,admin.,single,high.school,no,no,no,cellular,nov,mon,385,5,999,0,success,3.4,95.418,-50.7,6.16,4928.1
56,admin.,married,university.degree,no,yes,no,cellular,nov,wed,948,5,999,0,success,3.4,94.944,-44.1,6.165,4928.1
43,admin.,single,high.school,no,yes,no,cellular,nov,tue,440,8,999,0,success,0.19999999999999996,94.393,-54.2,2.4909999999999997,4799.1
48,admin.,single,university.degree,unknown,no,no,cellular,nov,mon,251,8,999,0,success,0.19999999999999996,94.575,-55.1,2.605,4799.1
74,admin.,married,high.school,no,yes,no,cellular,jul,fri,2726,21,999,0,success,3.4,95.418,-50.7,6.162,4928.1
55,technician,divorced,professional.course,no,yes,no,cellular,aug,tue,316,12,999,0,nonexistent,3.4,94.944,-44.1,6.165,4928.1
70,admin.,married,high.school,no,yes,no,cellular,nov,wed,233,8,999,0,success,3.4,94.944,-44.1,6.164000000000001,4928.1
63,admin.,married,university.degree,no,no,no,cellular,nov,thu,214,8,999,0,nonexistent,3.4,95.418,-50.7,6.168,4928.1
45,services,single,university.degree,no,yes,no,cellular,nov,mon,134,5,999,0,success,0.8999999999999999,95.699,-45.5,2.082,4663.6
49,admin.,divorced,university.degree,no,yes,no,cellular,may,tue,145,9,999,1,success,0.19999999999999996,94.393,-54.2,2.4909999999999997,4799.1
52,admin.,married,university.degree,no,no,no,cellular,nov,tue,975,5,999,0,success,1.9,94.7,-50.0,5.353,4895.8
52,admin.,married,professional.course,no,no,yes,cellular,nov,fri,1333,7,999,0,success,3.4,95.418,-50.7,6.157,4928.1
63,blue-collar,married,basic.9y,no,yes,yes,cellular,nov,tue,235,8,999,1,success,0.19999999999999996,94.393,-54.2,2.4909999999999997,4799.1
55,admin.,married,university.degree,no,no,no,cellular,aug,fri,379,6,999,0,nonexistent,3.4,94.944,-44.1,6.163,4928.1
51,admin.,married,university.degree,no,yes,no,cellular,nov,tue,262,7,999,0,success,1.9,94.7,-50.0,5.353,4895.8
56,admin.,married,university.degree,no,yes,no,cellular,aug,thu,741,5,9,3,failure,0.30000000000000004,95.527,-46.3,2.099,4691.6
66,admin.,married,university.degree,no,yes,no,cellular,nov,thu,334,5,999,0,success,3.4,94.944,-44.1,6.163,4928.1
60,admin.,married,high.school,unknown,no,yes,cellular,nov,tue,1754,5,999,0,success,0.19999999999999996,94.393,-54.2,2.4909999999999997,4799.1
54,admin.,married,university.degree,no,no,no,cellular,nov,tue,782,5,999,0,success,1.9,94.7,-50.0,5.353,4895.8
47,admin.,married,university.degree,no,yes,no,cellular,nov,wed,3436,5,999,0,success,3.4,94.944,-44.1,6.165,4928.1
55,blue-collar,married,basic.6y,no,yes,no,cellular,nov,tue,809,7,999,0,success,3.1,95.494,-44.4,6.057,4891.0
36,admin.,single,university.degree,no,yes,no,cellular,nov,mon,741,5,999,0,success,0.19999999999999996,94.575,-55.1,2.605,4799.1
55,admin.,single,basic.4y,unknown,no,no,cellular,nov,thu,997,8,999,0,nonexistent,3.1,95.494,-44.4,6.0600000000000005,4891.0
70,admin.,divorced,professional.course,unknown,yes,no,cellular,nov,mon,574,8,999,0,success,3.1,95.494,-44.4,6.057,4891.0
50,admin.,single,university.degree,no,yes,no,cellular,nov,tue,1835,7,999,0,success,3.1,95.494,-44.4,6.057,4891.0
58,admin.,married,university.degree,no,no,yes,cellular,nov,fri,197,5,999,1,success,1.9,94.7,-50.0,5.221,4895.8
40,admin.,single,high.school,no,no,yes,telephone,nov,wed,899,6,999,0,success,3.4,95.965,-49.8,6.064,4928.1
37,services,single,high.school,no,yes,no,cellular,nov,mon,523,5,999,0,success,0.19999999999999996,94.575,-55.1,2.605,4799.1
46,admin.,single,university.degree,no,yes,no,cellular,nov,wed,2509,6,999,0,success,3.4,95.418,-50.7,6.163,4928.1
50,admin.,married,unknown,no,yes,no,cellular,nov,mon,1848,6,999,0,success,1.9,94.7,-50.0,5.391,4895.8
52,admin.,married,high.school,no,yes,no,cellular,may,tue,458,8,999,1,failure,0.19999999999999996,94.393,-54.2,2.4909999999999997,4799.1
47,student,single,unknown,no,yes,no,cellular,nov,wed,458,6,999,0,nonexistent,0.19999999999999996,95.376,-48.0,1.8719999999999999,4708.7
70,admin.,married,basic.9y,no,yes,yes,cellular,nov,thu,894,6,999,0,success,1.9,94.7,-50.0,5.276,4895.8
66,admin.,married,professional.course,no,yes,no,cellular,apr,thu,327,5,999,0,success,0.19999999999999996,94.575,-55.1,2.565,4799.1
56,admin.,divorced,basic.9y,no,yes,yes,cellular,nov,thu,514,5,999,0,success,3.4,95.418,-50.7,6.158,4928.1
60,admin.,married,basic.4y,no,yes,no,cellular,nov,tue,554,8,999,0,success,3.4,95.418,-50.7,6.1610000000000005,4928.1
66,admin.,divorced,university.degree,no,yes,no,cellular,nov,mon,2530,6,999,0,success,3.4,95.418,-50.7,6.162,4928.1
51,blue-collar,married,basic.4y,no,no,no,cellular,nov,thu,140,5,999,0,nonexistent,0.19999999999999996,94.393,-54.2,2.527,4799.1
42,admin.,single,high.school,no,yes,no,cellular,nov,fri,314,5,999,0,nonexistent,0.19999999999999996,94.575,-55.1,2.605,4799.1
47,admin.,divorced,basic.4y,unknown,yes,no,cellular,may,mon,349,6,999,0,success,3.1,95.494,-44.4,6.057,4891.0
60,admin.,married,high.school,unknown,yes,no,cellular,nov,fri,550,5,999,0,success,3.1,95.494,-44.4,6.055000000000001,4891.0
68,admin.,married,basic.4y,unknown,yes,no,cellular,nov,mon,379,5,999,0,success,3.4,94.944,-44.1,6.17,4928.1
57,technician,married,professional.course,unknown,no,no,telephone,nov,wed,651,5,999,0,success,3.1,95.494,-44.4,6.059,4891.0
63,admin.,married,basic.9y,no,yes,no,cellular,nov,tue,1425,5,999,0,success,0.19999999999999996,94.393,-54.2,2.4909999999999997,4799.1
45,services,single,high.school,no,yes,no,cellular,nov,fri,406,5,999,0,nonexistent,0.19999999999999996,94.393,-54.2,2.45,4799.1
48,services,married,high.school,no,no,no,cellular,jun,mon,970,5,999,1,failure,0.30000000000000004,95.555,-47.8,1.92,4691.6
59,admin.,married,basic.6y,no,yes,yes,telephone,nov,mon,1322,11,999,0,success,3.1,95.494,-44.4,6.058,4891.0
57,admin.,married,basic.9y,unknown,yes,no,cellular,nov,tue,269,9,999,0,nonexistent,0.19999999999999996,94.393,-54.2,2.4909999999999997,4799.1
